"שם איש קשר / לקוח","מספר טלפון","טלפון בינלאומי","מזהה וואטסאפ","סוג מספר","הודעות שלא נקראו"
"Yerus Bikaya🌼 הכלב ג'וי","055-6646093","972556646093","972556646093@c.us","נייד ישראלי",2
"זהבה שריקי","053-2299093","972532299093","972532299093@c.us","נייד ישראלי",3
"[חדש] Tamir (איימי)","052-6844039","972526844039","972526844039@c.us","נייד ישראלי",2
"Marisaburaczek@gmail.com","053-7139411","972537139411","972537139411@c.us","נייד ישראלי",2
"zeev afik הכלבה יולי","050-7845835","972507845835","972507845835@c.us","נייד ישראלי",0
"S. Yisrael Mendelישראל מנדל קנה קורסה נקבה","050-5642501","972505642501","972505642501@c.us","נייד ישראלי",0
"שליו ביטון הכלבים ג'ינגס וסקובי","050-2845556","972502845556","972502845556@c.us","נייד ישראלי",0
"✨✨תהילה אלמקיס✨✨","052-3754773","972523754773","972523754773@c.us","נייד ישראלי",0
"Itay Aharonsonהכלב בוס","054-3044647","972543044647","972543044647@c.us","נייד ישראלי",0
"יערה בוקר הכלבה רייבן","050-3633833","972503633833","972503633833@c.us","נייד ישראלי",0
"אייל ברקוביץ 2 כלבים לולה וברנדי","055-6694789","972556694789","972556694789@c.us","נייד ישראלי",0
"Boris Bבוריס הכלב מייק מלמוט","054-5970156","972545970156","972545970156@c.us","נייד ישראלי",0
"Roni Malamud הכלבה לונה לאילוף","052-4728843","972524728843","972524728843@c.us","נייד ישראלי",0
"Eyal Shekel הכלב רוטוויילר תיאו","050-5564073","972505564073","972505564073@c.us","נייד ישראלי",0
"שלומי ממן","050-5445512","972505445512","972505445512@c.us","נייד ישראלי",0
"desta","050-6681192","972506681192","972506681192@c.us","נייד ישראלי",1
"Mohadi Moadi","050-8833621","972508833621","972508833621@c.us","נייד ישראלי",0
"Oren Filosof Cohen","055-8835789","972558835789","972558835789@c.us","נייד ישראלי",0
"ללא שם שמור","050-3133614","972503133614","972503133614@c.us","נייד ישראלי",0
"ללא שם שמור","052-5044506","972525044506","972525044506@c.us","נייד ישראלי",0
"Lee","052-6340385","972526340385","972526340385@c.us","נייד ישראלי",0
"ניבה כלב לאב","050-7900781","972507900781","972507900781@c.us","נייד ישראלי",0
"יובל אטדגי הכלב בוני המדהים","050-9466698","972509466698","972509466698@c.us","נייד ישראלי",0
"ללא שם שמור","052-7047313","972527047313","972527047313@c.us","נייד ישראלי",0
"ללא שם שמור","054-9798039","972549798039","972549798039@c.us","נייד ישראלי",0
"ללא שם שמור","054-4519098","972544519098","972544519098@c.us","נייד ישראלי",0
"Oren Luner Briza Skate אורן הכלבה קוקו - רוט","058-7596887","972587596887","972587596887@c.us","נייד ישראלי",0
"ללא שם שמור","054-7039985","972547039985","972547039985@c.us","נייד ישראלי",0
"ריקי ומוטי מיכאלי כנעני בן 4.5","052-2537989","972522537989","972522537989@c.us","נייד ישראלי",0
"ללא שם שמור","052-2754527","972522754527","972522754527@c.us","נייד ישראלי",0
"מיכל אמיליו","050-7707087","972507707087","972507707087@c.us","נייד ישראלי",0
"ללא שם שמור","052-6558220","972526558220","972526558220@c.us","נייד ישראלי",0
"ללא שם שמור","052-2549125","972522549125","972522549125@c.us","נייד ישראלי",0
"Hila🐾 Kirznerהילה כלבים","052-6908943","972526908943","972526908943@c.us","נייד ישראלי",0
"רעות 🌻 הכלב טר שפיץ יפני","054-5495932","972545495932","972545495932@c.us","נייד ישראלי",0
"Hadas Shekel הכלב תיאו","054-5670355","972545670355","972545670355@c.us","נייד ישראלי",0
"Liron A. לירון הכלבה סינדי","052-8191261","972528191261","972528191261@c.us","נייד ישראלי",0
"אחיקם ביתן הכלבה דאפי","054-5262149","972545262149","972545262149@c.us","נייד ישראלי",0
"ריקה נברי","052-7777737","972527777737","972527777737@c.us","נייד ישראלי",0
"ללא שם שמור","970592614561","970592614561","970592614561@c.us","בינלאומי",0
"ללא שם שמור","052-9260255","972529260255","972529260255@c.us","נייד ישראלי",0
"Miya פיננסים וביטוח","054-8123409","972548123409","972548123409@c.us","נייד ישראלי",0
"ללא שם שמור","054-9001455","972549001455","972549001455@c.us","נייד ישראלי",0
"ללא שם שמור","054-7912846","972547912846","972547912846@c.us","נייד ישראלי",0
"ללא שם שמור","054-7823408","972547823408","972547823408@c.us","נייד ישראלי",0
"ללא שם שמור","050-9763870","972509763870","972509763870@c.us","נייד ישראלי",0
"ללא שם שמור","053-3065606","972533065606","972533065606@c.us","נייד ישראלי",0
"ללא שם שמור","052-7040033","972527040033","972527040033@c.us","נייד ישראלי",0
"Ariel ואיתי","054-4452521","972544452521","972544452521@c.us","נייד ישראלי",0
"ללא שם שמור","052-8352975","972528352975","972528352975@c.us","נייד ישראלי",0
"ללא שם שמור","052-2818606","972522818606","972522818606@c.us","נייד ישראלי",0
"טלי דיגיטלינקה","054-5553237","972545553237","972545553237@c.us","נייד ישראלי",0
"אילת הכלב קאי","052-5885173","972525885173","972525885173@c.us","נייד ישראלי",0
"Lioz. ליעוז. אוכל חי Shaked","050-7100741","972507100741","972507100741@c.us","נייד ישראלי",0
"עדי קצ'טה","052-5288140","972525288140","972525288140@c.us","נייד ישראלי",0
"Eden עדן Zamir חברה של נוי דיגיטלינקה","054-7519277","972547519277","972547519277@c.us","נייד ישראלי",0
"ללא שם שמור","052-6615260","972526615260","972526615260@c.us","נייד ישראלי",0
"ללא שם שמור","050-6424797","972506424797","972506424797@c.us","נייד ישראלי",0
"לוקס הכלב מגן","052-9270115","972529270115","972529270115@c.us","נייד ישראלי",0
"הלל הכלב טוני","054-2864042","972542864042","972542864042@c.us","נייד ישראלי",0
"ללא שם שמור","050-9050517","972509050517","972509050517@c.us","נייד ישראלי",0
"ללא שם שמור","052-2120073","972522120073","972522120073@c.us","נייד ישראלי",0
"ללא שם שמור","052-5039997","972525039997","972525039997@c.us","נייד ישראלי",0
"ללא שם שמור","052-2332179","972522332179","972522332179@c.us","נייד ישראלי",0
"adamgivon50","055-3069911","972553069911","972553069911@c.us","נייד ישראלי",0
"ללא שם שמור","054-3295112","972543295112","972543295112@c.us","נייד ישראלי",0
"ללא שם שמור","053-2264152","972532264152","972532264152@c.us","נייד ישראלי",0
"ללא שם שמור","054-4587383","972544587383","972544587383@c.us","נייד ישראלי",0
"דביר זיני","054-6171051","972546171051","972546171051@c.us","נייד ישראלי",0
"מיכל MT הכלב סקאיי","050-2637007","972502637007","972502637007@c.us","נייד ישראלי",0
"ללא שם שמור","050-4482459","972504482459","972504482459@c.us","נייד ישראלי",0
"שיין 2 כלבים גדולים","052-6113780","972526113780","972526113780@c.us","נייד ישראלי",0
"Yarden כלבה מלינוואה מעורבת","052-3752473","972523752473","972523752473@c.us","נייד ישראלי",0
"ללא שם שמור","052-8011252","972528011252","972528011252@c.us","נייד ישראלי",0
"Ayelet הכלבה מרתה","052-8787315","972528787315","972528787315@c.us","נייד ישראלי",0
"טלי ניסן אברמוב","050-8273209","972508273209","972508273209@c.us","נייד ישראלי",0
"דינה דיין","052-7204572","972527204572","972527204572@c.us","נייד ישראלי",0
"Mahdi Motorsמהדי הכלב זומה","050-6363114","972506363114","972506363114@c.us","נייד ישראלי",0
"קובי ונטלי סקאיי","054-9147080","972549147080","972549147080@c.us","נייד ישראלי",0
"ללא שם שמור","050-7551511","972507551511","972507551511@c.us","נייד ישראלי",0
"דליה מוסקוביץ מחגלה הכלב ספארקי","052-3669361","972523669361","972523669361@c.us","נייד ישראלי",0
"ללא שם שמור","054-6260997","972546260997","972546260997@c.us","נייד ישראלי",0
"Nava כלבות זאב למעון יום","054-5949480","972545949480","972545949480@c.us","נייד ישראלי",0
"Mali Sinai🤸🏻‍♀️. מלי הכלב מאן","050-7585533","972507585533","972507585533@c.us","נייד ישראלי",0
"Ofir Nizri","050-2244873","972502244873","972502244873@c.us","נייד ישראלי",0
"yuval Ashuriיובל הכלבה ציקה","052-6757615","972526757615","972526757615@c.us","נייד ישראלי",0
"ללא שם שמור","054-9420995","972549420995","972549420995@c.us","נייד ישראלי",0
"Angelika הכלב לואיס","050-4858039","972504858039","972504858039@c.us","נייד ישראלי",0
"ד""ר דויד","054-2211442","972542211442","972542211442@c.us","נייד ישראלי",0
"Liorליאור הכלב טוני","050-3166129","972503166129","972503166129@c.us","נייד ישראלי",0
"Netta Hadass. נטע הכלב בוסקו","052-6444845","972526444845","972526444845@c.us","נייד ישראלי",0
"הכלבה כתם פויינטר","054-7778221","972547778221","972547778221@c.us","נייד ישראלי",0
"עומר בונה בעץ הכלבה סנדי כנענית","052-4399271","972524399271","972524399271@c.us","נייד ישראלי",0
"אלון","050-7729993","972507729993","972507729993@c.us","נייד ישראלי",0
"תם כלבת שוקי","052-8023328","972528023328","972528023328@c.us","נייד ישראלי",0
"Yonatan. יונתן הכלב זיפו","054-8037797","972548037797","972548037797@c.us","נייד ישראלי",0
"Benny Green בני גרען הכלב ספסוף","050-5856800","972505856800","972505856800@c.us","נייד ישראלי",0
"יניב אלעד🎗️","054-5443222","972545443222","972545443222@c.us","נייד ישראלי",0
"אלי קובי","054-6160220","972546160220","972546160220@c.us","נייד ישראלי",0
"בר ואופיר, הכלב דילן","053-5882051","972535882051","972535882051@c.us","נייד ישראלי",0
"גל שמש בן יוסף אוניל וגוני","052-2458841","972522458841","972522458841@c.us","נייד ישראלי",0
"navri אור מכרכור","052-7777787","972527777787","972527777787@c.us","נייד ישראלי",0
"הכלב מרינה","052-6241957","972526241957","972526241957@c.us","נייד ישראלי",0
"זיו 🌸✨ שני כלבים כנענים","052-4577752","972524577752","972524577752@c.us","נייד ישראלי",0
"Karin🎨 הכלב שון","054-6610321","972546610321","972546610321@c.us","נייד ישראלי",0
"ללא שם שמור","052-5582870","972525582870","972525582870@c.us","נייד ישראלי",0
"ללא שם שמור","050-6466642","972506466642","972506466642@c.us","נייד ישראלי",0
"ללא שם שמור","054-4962570","972544962570","972544962570@c.us","נייד ישראלי",0
"ללא שם שמור","052-3691368","972523691368","972523691368@c.us","נייד ישראלי",0
"יובל לוקס","058-6800168","972586800168","972586800168@c.us","נייד ישראלי",0
"ללא שם שמור","050-2557565","972502557565","972502557565@c.us","נייד ישראלי",0
"ללא שם שמור","050-7899925","972507899925","972507899925@c.us","נייד ישראלי",0
"ללא שם שמור","050-6833309","972506833309","972506833309@c.us","נייד ישראלי",0
"ללא שם שמור","052-8539974","972528539974","972528539974@c.us","נייד ישראלי",0
"ללא שם שמור","052-9939565","972529939565","972529939565@c.us","נייד ישראלי",0
"ללא שם שמור","052-9091797","972529091797","972529091797@c.us","נייד ישראלי",0
"Billie","052-2315117","972522315117","972522315117@c.us","נייד ישראלי",0
"ללא שם שמור","054-5277811","972545277811","972545277811@c.us","נייד ישראלי",0
"ללא שם שמור","052-4580077","972524580077","972524580077@c.us","נייד ישראלי",0
"ללא שם שמור","052-4037003","972524037003","972524037003@c.us","נייד ישראלי",0
"ללא שם שמור","054-5470910","972545470910","972545470910@c.us","נייד ישראלי",0
"ללא שם שמור","054-2210480","972542210480","972542210480@c.us","נייד ישראלי",0
"אורית זורבסקי","052-6414442","972526414442","972526414442@c.us","נייד ישראלי",0
"Naama","053-2053177","972532053177","972532053177@c.us","נייד ישראלי",0
"ללא שם שמור","052-8778885","972528778885","972528778885@c.us","נייד ישראלי",0
"מיכאל בן הר אבא של חיימי","058-6275554","972586275554","972586275554@c.us","נייד ישראלי",0
"ללא שם שמור","052-4501065","972524501065","972524501065@c.us","נייד ישראלי",0
"ללא שם שמור","054-4457250","972544457250","972544457250@c.us","נייד ישראלי",0
"ללא שם שמור","052-5448182","972525448182","972525448182@c.us","נייד ישראלי",0
"ללא שם שמור","050-4563765","972504563765","972504563765@c.us","נייד ישראלי",0
"לילך הדר גק ראסל לאילוף","050-4466909","972504466909","972504466909@c.us","נייד ישראלי",0
"ללא שם שמור","052-6975766","972526975766","972526975766@c.us","נייד ישראלי",0
"ללא שם שמור","054-9416652","972549416652","972549416652@c.us","נייד ישראלי",0
"ללא שם שמור","050-6822295","972506822295","972506822295@c.us","נייד ישראלי",0
"ללא שם שמור","052-8811241","972528811241","972528811241@c.us","נייד ישראלי",0
"ללא שם שמור","054-5038040","972545038040","972545038040@c.us","נייד ישראלי",0
"ללא שם שמור","447974905090","447974905090","447974905090@c.us","בינלאומי",0
"ללא שם שמור","050-5248046","972505248046","972505248046@c.us","נייד ישראלי",0
"יפעת הכלבה ונוס","054-4998242","972544998242","972544998242@c.us","נייד ישראלי",0
"ללא שם שמור","052-8242107","972528242107","972528242107@c.us","נייד ישראלי",0
"אריה 2 כלבים האסקים","050-7117407","972507117407","972507117407@c.us","נייד ישראלי",0
"itamar איתמר כלבים קריות klein מאסטר מיינד","052-6707069","972526707069","972526707069@c.us","נייד ישראלי",0
"דור חן קריית אתא","054-7413514","972547413514","972547413514@c.us","נייד ישראלי",0
"ללא שם שמור","052-6851160","972526851160","972526851160@c.us","נייד ישראלי",0
"שילה","054-6851258","972546851258","972546851258@c.us","נייד ישראלי",0
"ללא שם שמור","054-4680700","972544680700","972544680700@c.us","נייד ישראלי",0
"ללא שם שמור","052-3749079","972523749079","972523749079@c.us","נייד ישראלי",0
"ללא שם שמור","050-6075319","972506075319","972506075319@c.us","נייד ישראלי",0
"ללא שם שמור","050-7517813","972507517813","972507517813@c.us","נייד ישראלי",0
"ללא שם שמור","054-5213871","972545213871","972545213871@c.us","נייד ישראלי",0
"ללא שם שמור","052-6026635","972526026635","972526026635@c.us","נייד ישראלי",0
"ללא שם שמור","050-5713642","972505713642","972505713642@c.us","נייד ישראלי",0
"ללא שם שמור","054-7996727","972547996727","972547996727@c.us","נייד ישראלי",0
"ללא שם שמור","054-6969974","972546969974","972546969974@c.us","נייד ישראלי",0
"ללא שם שמור","052-5020189","972525020189","972525020189@c.us","נייד ישראלי",0
"ללא שם שמור","053-3201510","972533201510","972533201510@c.us","נייד ישראלי",0
"ללא שם שמור","054-7779783","972547779783","972547779783@c.us","נייד ישראלי",0
"ללא שם שמור","054-2557773","972542557773","972542557773@c.us","נייד ישראלי",0
"ללא שם שמור","052-4848951","972524848951","972524848951@c.us","נייד ישראלי",0
"ללא שם שמור","054-6286033","972546286033","972546286033@c.us","נייד ישראלי",0
"אבי אביסרור","050-6209221","972506209221","972506209221@c.us","נייד ישראלי",0
"Yuval Kreynes","054-5313434","972545313434","972545313434@c.us","נייד ישראלי",0
"ללא שם שמור","054-2099115","972542099115","972542099115@c.us","נייד ישראלי",0
"ללא שם שמור","447720722869","447720722869","447720722869@c.us","בינלאומי",0
"ללא שם שמור","050-6270020","972506270020","972506270020@c.us","נייד ישראלי",0
"ימית אשד","052-4638330","972524638330","972524638330@c.us","נייד ישראלי",0
"Dina 🌷 דינה שמילוביץ הכלב מאנצ","052-3218382","972523218382","972523218382@c.us","נייד ישראלי",0
"Green Life Group","052-9457666","972529457666","972529457666@c.us","נייד ישראלי",0
"ללא שם שמור","052-3244811","972523244811","972523244811@c.us","נייד ישראלי",0
"ללא שם שמור","052-8265858","972528265858","972528265858@c.us","נייד ישראלי",0
"ללא שם שמור","053-6223268","972536223268","972536223268@c.us","נייד ישראלי",0
"האקדמיה לכלבים גל","053-3513662","972533513662","972533513662@c.us","נייד ישראלי",0
"ללא שם שמור","054-9010441","972549010441","972549010441@c.us","נייד ישראלי",0
"Michal כלב הסקי","054-4870313","972544870313","972544870313@c.us","נייד ישראלי",0
"ללא שם שמור","053-3888871","972533888871","972533888871@c.us","נייד ישראלי",0
"ללא שם שמור","052-6668100","972526668100","972526668100@c.us","נייד ישראלי",0
"ללא שם שמור","054-4581310","972544581310","972544581310@c.us","נייד ישראלי",0
"ללא שם שמור","052-8546680","972528546680","972528546680@c.us","נייד ישראלי",0
"ללא שם שמור","052-6165852","972526165852","972526165852@c.us","נייד ישראלי",0
"ללא שם שמור","050-8773632","972508773632","972508773632@c.us","נייד ישראלי",0
"ללא שם שמור","054-6355566","972546355566","972546355566@c.us","נייד ישראלי",0
"ללא שם שמור","052-8355569","972528355569","972528355569@c.us","נייד ישראלי",0
"ללא שם שמור","052-4732227","972524732227","972524732227@c.us","נייד ישראלי",0
"ללא שם שמור","052-5079988","972525079988","972525079988@c.us","נייד ישראלי",0
"ללא שם שמור","054-6553350","972546553350","972546553350@c.us","נייד ישראלי",0
"ללא שם שמור","053-5314021","972535314021","972535314021@c.us","נייד ישראלי",0
"Elad Harush","052-6745501","972526745501","972526745501@c.us","נייד ישראלי",0
"יונתן","052-3510501","972523510501","972523510501@c.us","נייד ישראלי",0
"ללא שם שמור","052-3740270","972523740270","972523740270@c.us","נייד ישראלי",0
"אייר","052-6675176","972526675176","972526675176@c.us","נייד ישראלי",0
"ללא שם שמור","055-5578634","972555578634","972555578634@c.us","נייד ישראלי",0
"Lior Badler","055-8836751","972558836751","972558836751@c.us","נייד ישראלי",0
"קיאומרס","050-8552808","972508552808","972508552808@c.us","נייד ישראלי",0
"ללא שם שמור","052-2829885","972522829885","972522829885@c.us","נייד ישראלי",0
"עמית אורמן","052-3580304","972523580304","972523580304@c.us","נייד ישראלי",0
"Moran Zafir","050-7651978","972507651978","972507651978@c.us","נייד ישראלי",0
"elenasokol","054-6345351","972546345351","972546345351@c.us","נייד ישראלי",0
"Lama","050-2888306","972502888306","972502888306@c.us","נייד ישראלי",0
"שחר","052-4898466","972524898466","972524898466@c.us","נייד ישראלי",0
"Mali","058-7866511","972587866511","972587866511@c.us","נייד ישראלי",0
"♥️","055-8851517","972558851517","972558851517@c.us","נייד ישראלי",0
"Michael Rotem Simon","050-4374015","972504374015","972504374015@c.us","נייד ישראלי",0
"ללא שם שמור","054-3993810","972543993810","972543993810@c.us","נייד ישראלי",0
"Ziv_Yaar","052-8743419","972528743419","972528743419@c.us","נייד ישראלי",0
"לימור פאר רזניק","054-7761118","972547761118","972547761118@c.us","נייד ישראלי",0
"Amran","058-7230695","972587230695","972587230695@c.us","נייד ישראלי",0
"Rena","054-5706113","972545706113","972545706113@c.us","נייד ישראלי",0
"Caren","054-7779048","972547779048","972547779048@c.us","נייד ישראלי",0
"ללא שם שמור","050-0000000","972500000000","972500000000@c.us","נייד ישראלי",0
"עינת","052-5612873","972525612873","972525612873@c.us","נייד ישראלי",0
"Inbal Croitoru","054-9985743","972549985743","972549985743@c.us","נייד ישראלי",0
"RONEN RAFAEL KRISPIL","054-7281111","972547281111","972547281111@c.us","נייד ישראלי",0
"yaël","054-6485413","972546485413","972546485413@c.us","נייד ישראלי",0
"Rachelרחלי מגבעת האלה הכלב בוני","052-6815520","972526815520","972526815520@c.us","נייד ישראלי",0
"אסיה","054-3047577","972543047577","972543047577@c.us","נייד ישראלי",0
"Reut Cohen. רעות הכלבה צוצה אמסטפית בהפרדה","052-3427244","972523427244","972523427244@c.us","נייד ישראלי",0
"מוסך אביב הרכב אשר","054-6920069","972546920069","972546920069@c.us","נייד ישראלי",0
"Beeri","052-2050879","972522050879","972522050879@c.us","נייד ישראלי",0
"נעמה יפה דהן","054-9789139","972549789139","972549789139@c.us","נייד ישראלי",0
"Sharon","053-7295853","972537295853","972537295853@c.us","נייד ישראלי",0
"Shachar Sagiv","054-3150818","972543150818","972543150818@c.us","נייד ישראלי",0
"agh2o","058-4121961","972584121961","972584121961@c.us","נייד ישראלי",0
"רחלי איאלאו","054-3552824","972543552824","972543552824@c.us","נייד ישראלי",0
"Gal","050-9527296","972509527296","972509527296@c.us","נייד ישראלי",0
"אלי שורץ","054-3340005","972543340005","972543340005@c.us","נייד ישראלי",0
"ללא שם שמור","055-4429476","972554429476","972554429476@c.us","נייד ישראלי",0
"Avi","054-4224806","972544224806","972544224806@c.us","נייד ישראלי",0
"יצחק מבורך","054-4554191","972544554191","972544554191@c.us","נייד ישראלי",0
"Dasha. דשה הכלב צרלי","053-3330129","972533330129","972533330129@c.us","נייד ישראלי",0
"גלית לדר","050-7278505","972507278505","972507278505@c.us","נייד ישראלי",0
"טל","050-6792667","972506792667","972506792667@c.us","נייד ישראלי",0
"אילן אעודאי🔪🥘","055-6655525","972556655525","972556655525@c.us","נייד ישראלי",0
"מטי האוס","054-5242003","972545242003","972545242003@c.us","נייד ישראלי",0
"מאיר","052-3984079","972523984079","972523984079@c.us","נייד ישראלי",0
"💕💕","055-7713306","972557713306","972557713306@c.us","נייד ישראלי",0
"Алена","053-3359892","972533359892","972533359892@c.us","נייד ישראלי",0
"Марина","054-2201755","972542201755","972542201755@c.us","נייד ישראלי",0
"Omer","058-7222227","972587222227","972587222227@c.us","נייד ישראלי",0
"ללא שם שמור","055-5073145","972555073145","972555073145@c.us","נייד ישראלי",0
"יערה","052-7474784","972527474784","972527474784@c.us","נייד ישראלי",0
"Mor","054-3450646","972543450646","972543450646@c.us","נייד ישראלי",0
"שרון","050-4444706","972504444706","972504444706@c.us","נייד ישראלי",0
"Efi","054-5757622","972545757622","972545757622@c.us","נייד ישראלי",0
"צביה כהן","052-6310299","972526310299","972526310299@c.us","נייד ישראלי",0
"Eddi. אדי כלב מריו נכה","052-4556616","972524556616","972524556616@c.us","נייד ישראלי",0
"חגית","054-6567407","972546567407","972546567407@c.us","נייד ישראלי",0
"Hעידו של לדור הכלב מאווי","054-6260994","972546260994","972546260994@c.us","נייד ישראלי",0
"Itai","054-9995465","972549995465","972549995465@c.us","נייד ישראלי",0
"Yaniv Ben Yohana","054-5675453","972545675453","972545675453@c.us","נייד ישראלי",0
"בועז שרף","050-6215552","972506215552","972506215552@c.us","נייד ישראלי",0
"Nava Bashan","052-4840666","972524840666","972524840666@c.us","נייד ישראלי",0
"עינת ברקאי","054-7735998","972547735998","972547735998@c.us","נייד ישראלי",0
"ליאור","054-6860903","972546860903","972546860903@c.us","נייד ישראלי",0
"מתן סבח","052-7455150","972527455150","972527455150@c.us","נייד ישראלי",0
"ללא שם שמור","054-7499495","972547499495","972547499495@c.us","נייד ישראלי",0
"ללא שם שמור","054-6701993","972546701993","972546701993@c.us","נייד ישראלי",0
"Galit Almany","050-9554701","972509554701","972509554701@c.us","נייד ישראלי",0
"Menahem :)","052-7376677","972527376677","972527376677@c.us","נייד ישראלי",0
"אלינור פינס","054-5612269","972545612269","972545612269@c.us","נייד ישראלי",0
"noamgury","052-5885625","972525885625","972525885625@c.us","נייד ישראלי",0
"SC GGMU","054-3332109","972543332109","972543332109@c.us","נייד ישראלי",0
"Odeliah Cohen","054-4754444","972544754444","972544754444@c.us","נייד ישראלי",0
"בת 🌹👅 שבע","052-2899896","972522899896","972522899896@c.us","נייד ישראלי",0
"ללא שם שמור","055-5614104","972555614104","972555614104@c.us","נייד ישראלי",0
"מרינה .","050-8564678","972508564678","972508564678@c.us","נייד ישראלי",0
"Nati Karta הכלב סקובי","054-8182324","972548182324","972548182324@c.us","נייד ישראלי",0
"Liel Hen","052-8021699","972528021699","972528021699@c.us","נייד ישראלי",0
"Afnan 🦋","054-5326889","972545326889","972545326889@c.us","נייד ישראלי",0
"ללא שם שמור","054-4620084","972544620084","972544620084@c.us","נייד ישראלי",0
"Edendolinger","054-6476977","972546476977","972546476977@c.us","נייד ישראלי",0
"Konsuela🥰","054-4376476","972544376476","972544376476@c.us","נייד ישראלי",0
"Shani Ohayon","053-7202740","972537202740","972537202740@c.us","נייד ישראלי",0
"הייפה","052-5918245","972525918245","972525918245@c.us","נייד ישראלי",0
"AmitJoshua","054-6563670","972546563670","972546563670@c.us","נייד ישראלי",0
"Or Chen אור חן","054-3232667","972543232667","972543232667@c.us","נייד ישראלי",0
"ללא שם שמור","055-9807577","972559807577","972559807577@c.us","נייד ישראלי",0
"Omer. עומר הכלבה ג'ין","052-5831178","972525831178","972525831178@c.us","נייד ישראלי",0
"Mika","058-4441976","972584441976","972584441976@c.us","נייד ישראלי",0
"ענת ממודיעין הכלבים כנענע0ית ופינצ'ר","052-6896202","972526896202","972526896202@c.us","נייד ישראלי",0
"Ariel Kasanitz. אריאל הכלב טוי","054-5706797","972545706797","972545706797@c.us","נייד ישראלי",0
"ריקי חבושה","054-9045843","972549045843","972549045843@c.us","נייד ישראלי",0
"Elad","054-6314573","972546314573","972546314573@c.us","נייד ישראלי",0
"Shahaf.k💖","054-2290277","972542290277","972542290277@c.us","נייד ישראלי",0
"Anat","052-4587922","972524587922","972524587922@c.us","נייד ישראלי",0
"Michal Kedar Datel","052-6659806","972526659806","972526659806@c.us","נייד ישראלי",0
"ללא שם שמור","050-6909341","972506909341","972506909341@c.us","נייד ישראלי",0
"דוד","054-5922222","972545922222","972545922222@c.us","נייד ישראלי",0
"Daniel","053-3353728","972533353728","972533353728@c.us","נייד ישראלי",0
"Shay Mandelboim","054-9081041","972549081041","972549081041@c.us","נייד ישראלי",0
"Claudia Fajn","052-6610477","972526610477","972526610477@c.us","נייד ישראלי",0
"גל יצחקי","052-2317426","972522317426","972522317426@c.us","נייד ישראלי",0
"ישראל אלוף - פרסום ברשתות חברתיות","054-3612678","972543612678","972543612678@c.us","נייד ישראלי",0
"Mira","050-7653276","972507653276","972507653276@c.us","נייד ישראלי",0
"ortaly אורטל אור יום ו","054-6644863","972546644863","972546644863@c.us","נייד ישראלי",0
"Sarahשרה מילר הכלבים דובי וסול","054-6650050","972546650050","972546650050@c.us","נייד ישראלי",0
"אופיר גאג","052-2694087","972522694087","972522694087@c.us","נייד ישראלי",0
"Lidor 🐣 עידו מאווי קווקזי גדול","053-4204009","972534204009","972534204009@c.us","נייד ישראלי",0
"רינת","054-3565554","972543565554","972543565554@c.us","נייד ישראלי",0
"Danit Bar-Sella דנית הכלב חומוס","052-5522733","972525522733","972525522733@c.us","נייד ישראלי",0
"אינטקס ישראל","058-4049060","972584049060","972584049060@c.us","נייד ישראלי",0
"אודי שרף","050-3912342","972503912342","972503912342@c.us","נייד ישראלי",0
"Nir Eizenberg","054-6368458","972546368458","972546368458@c.us","נייד ישראלי",0
"Jane","052-4233272","972524233272","972524233272@c.us","נייד ישראלי",0
"יהודה","053-3750520","972533750520","972533750520@c.us","נייד ישראלי",0
"Sergey Vasilyev","054-7844695","972547844695","972547844695@c.us","נייד ישראלי",0
"ללא שם שמור","055-9880817","972559880817","972559880817@c.us","נייד ישראלי",0
"Nega Wondimagen","054-3328665","972543328665","972543328665@c.us","נייד ישראלי",0
"Einav","052-6661372","972526661372","972526661372@c.us","נייד ישראלי",0
"לי דן","054-7276702","972547276702","972547276702@c.us","נייד ישראלי",0
"חאג","052-4848076","972524848076","972524848076@c.us","נייד ישראלי",0
"יואב קורן","050-3122050","972503122050","972503122050@c.us","נייד ישראלי",0
"ציקי","052-9241189","972529241189","972529241189@c.us","נייד ישראלי",0
"Natalie Svirski ✨","054-5383072","972545383072","972545383072@c.us","נייד ישראלי",0
"Vic","054-9947956","972549947956","972549947956@c.us","נייד ישראלי",0
"Reut Reina","054-4717010","972544717010","972544717010@c.us","נייד ישראלי",0
"שחף","054-4903462","972544903462","972544903462@c.us","נייד ישראלי",0
"התראות ריזורט","34644205551","34644205551","34644205551@c.us","בינלאומי",0
"פרטנר עסקי וואטסאפ","054-3228822","972543228822","972543228822@c.us","נייד ישראלי",0
"סמי זיו נחום","053-2317623","972532317623","972532317623@c.us","נייד ישראלי",0
"Udi Ofek","050-8845761","972508845761","972508845761@c.us","נייד ישראלי",0
"Geremy Forman","052-3234878","972523234878","972523234878@c.us","נייד ישראלי",0
"דין סלע מאמנת ריגשית","058-7888109","972587888109","972587888109@c.us","נייד ישראלי",0
"לימור אורן","050-6520373","972506520373","972506520373@c.us","נייד ישראלי",0
"ודים","054-2064208","972542064208","972542064208@c.us","נייד ישראלי",0
"שני","050-4009113","972504009113","972504009113@c.us","נייד ישראלי",0
"Michelle","058-5502107","972585502107","972585502107@c.us","נייד ישראלי",0
"Tal Shkedi","050-4567411","972504567411","972504567411@c.us","נייד ישראלי",0
"Nina Susman","052-8698206","972528698206","972528698206@c.us","נייד ישראלי",0
"אלה כהן","050-7106662","972507106662","972507106662@c.us","נייד ישראלי",0
"Daniel Sela","052-4768800","972524768800","972524768800@c.us","נייד ישראלי",0
"דורון אונטר","052-5712786","972525712786","972525712786@c.us","נייד ישראלי",0
"Zorica","053-5274617","972535274617","972535274617@c.us","נייד ישראלי",0
"Alon Mishali","052-6243474","972526243474","972526243474@c.us","נייד ישראלי",0
"תקווה","058-7007055","972587007055","972587007055@c.us","נייד ישראלי",0
"Danielle Love","054-9788499","972549788499","972549788499@c.us","נייד ישראלי",0
"Nati B","054-2431948","972542431948","972542431948@c.us","נייד ישראלי",0
"Eyal","052-9427121","972529427121","972529427121@c.us","נייד ישראלי",0
"לי פכר","052-7553000","972527553000","972527553000@c.us","נייד ישראלי",0
"🎗️ Yarome","054-9984559","972549984559","972549984559@c.us","נייד ישראלי",0
"Hadas Katzensteinהדס זכרון 2 בורדרים","054-4289522","972544289522","972544289522@c.us","נייד ישראלי",0
"Israel","054-3953765","972543953765","972543953765@c.us","נייד ישראלי",0
"Zeevi Karp","052-3914168","972523914168","972523914168@c.us","נייד ישראלי",0
"Darya Mozes הכלב גוןגון","054-5351272","972545351272","972545351272@c.us","נייד ישראלי",0
"הילה קמחי","052-3554653","972523554653","972523554653@c.us","נייד ישראלי",0
"דפנה","052-2924068","972522924068","972522924068@c.us","נייד ישראלי",0
"ללא שם שמור","052-8248063","972528248063","972528248063@c.us","נייד ישראלי",0
"Tehila Saidof","050-5793331","972505793331","972505793331@c.us","נייד ישראלי",0
"דבי לרר","052-3355679","972523355679","972523355679@c.us","נייד ישראלי",0
"Tomer Meyrom","054-5787925","972545787925","972545787925@c.us","נייד ישראלי",0
"Nastia Shapiro","054-4839588","972544839588","972544839588@c.us","נייד ישראלי",0
"Eran Bismuth","052-5407790","972525407790","972525407790@c.us","נייד ישראלי",0
"Isam","050-7998390","972507998390","972507998390@c.us","נייד ישראלי",0
"Channi","052-8325990","972528325990","972528325990@c.us","נייד ישראלי",0
"Danny Lavi","052-9451042","972529451042","972529451042@c.us","נייד ישראלי",0
"Racheli Zajonts","054-7799278","972547799278","972547799278@c.us","נייד ישראלי",0
"Noam Heller Aharony","054-6972677","972546972677","972546972677@c.us","נייד ישראלי",0
"אלון שנירר","050-5743516","972505743516","972505743516@c.us","נייד ישראלי",0
"Limor","052-7052252","972527052252","972527052252@c.us","נייד ישראלי",0
"Roni","054-4964885","972544964885","972544964885@c.us","נייד ישראלי",0
"Sivan 🦔","054-7880262","972547880262","972547880262@c.us","נייד ישראלי",0
"שמואל טוויל","054-3078588","972543078588","972543078588@c.us","נייד ישראלי",0
"שוקי אלפישר","054-2265676","972542265676","972542265676@c.us","נייד ישראלי",0
"צבי יבניאלי","054-4355787","972544355787","972544355787@c.us","נייד ישראלי",0
"Iris","052-6432529","972526432529","972526432529@c.us","נייד ישראלי",0
"שי פולק","054-6099317","972546099317","972546099317@c.us","נייד ישראלי",0
"Mel","053-4282861","972534282861","972534282861@c.us","נייד ישראלי",0
"לילך טיפטיפ וקוספירציות","058-7808225","972587808225","972587808225@c.us","נייד ישראלי",0
"מריאלה בושרי","054-4446377","972544446377","972544446377@c.us","נייד ישראלי",0
"ללא שם שמור","052-3089944","972523089944","972523089944@c.us","נייד ישראלי",0
"Coby Lapidot","054-9888889","972549888889","972549888889@c.us","נייד ישראלי",0
"גיל אורנן","054-4921959","972544921959","972544921959@c.us","נייד ישראלי",0
"ללא שם שמור","054-6966909","972546966909","972546966909@c.us","נייד ישראלי",0
"עסלי לקאא","052-5777882","972525777882","972525777882@c.us","נייד ישראלי",0
"Diane Ungar","054-5266499","972545266499","972545266499@c.us","נייד ישראלי",0
"שרית שילין","054-5577174","972545577174","972545577174@c.us","נייד ישראלי",0
"יחיא סמיר","050-7220017","972507220017","972507220017@c.us","נייד ישראלי",0
"שרון","054-2326911","972542326911","972542326911@c.us","נייד ישראלי",0
"סתיו","050-3321676","972503321676","972503321676@c.us","נייד ישראלי",0
"HaimNavi","053-5900499","972535900499","972535900499@c.us","נייד ישראלי",0
"רינת","052-8327232","972528327232","972528327232@c.us","נייד ישראלי",0
"פזית","052-5770554","972525770554","972525770554@c.us","נייד ישראלי",0
"Ofir Kesten","054-2218081","972542218081","972542218081@c.us","נייד ישראלי",0
"Sapir Swissספיר הכלב מלך","050-5537837","972505537837","972505537837@c.us","נייד ישראלי",0
"Yarin Alice","053-7175721","972537175721","972537175721@c.us","נייד ישראלי",0
"Yafa Gogayev","054-4248664","972544248664","972544248664@c.us","נייד ישראלי",0
"Riki","054-8150113","972548150113","972548150113@c.us","נייד ישראלי",0
"Yazid","054-7574933","972547574933","972547574933@c.us","נייד ישראלי",0
"Elise","051-5569516","972515569516","972515569516@c.us","נייד ישראלי",0
"Eva","058-4564457","972584564457","972584564457@c.us","נייד ישראלי",0
"יוסי שרמה 🦜🐟","054-9750508","972549750508","972549750508@c.us","נייד ישראלי",0
"Nitzan Price","050-8426345","972508426345","972508426345@c.us","נייד ישראלי",0
"Sivan","054-6477503","972546477503","972546477503@c.us","נייד ישראלי",0
"Rimma Fayngersh","79265275481","79265275481","79265275481@c.us","בינלאומי",0
"אילן","053-5644410","972535644410","972535644410@c.us","נייד ישראלי",0
"MAH","054-2540547","972542540547","972542540547@c.us","נייד ישראלי",0
"❤️","052-4036313","972524036313","972524036313@c.us","נייד ישראלי",0
"Dikla","054-4746157","972544746157","972544746157@c.us","נייד ישראלי",0
"yuval1108","054-6747420","972546747420","972546747420@c.us","נייד ישראלי",0
"סלמה לוי","052-5799221","972525799221","972525799221@c.us","נייד ישראלי",0
"חן ניסימי","050-7304660","972507304660","972507304660@c.us","נייד ישראלי",0
"KoMa","052-3290876","972523290876","972523290876@c.us","נייד ישראלי",0
"Irina","054-7686985","972547686985","972547686985@c.us","נייד ישראלי",0
"דורית","054-5967600","972545967600","972545967600@c.us","נייד ישראלי",0
"עלי מקלדה","052-9248364","972529248364","972529248364@c.us","נייד ישראלי",0
"Tal LAHAV הכלבה לילי","052-3483106","972523483106","972523483106@c.us","נייד ישראלי",0
"Emil Grinshpun","054-4860179","972544860179","972544860179@c.us","נייד ישראלי",0
"Yonatan Pick","054-9922094","972549922094","972549922094@c.us","נייד ישראלי",0
".","054-8323123","972548323123","972548323123@c.us","נייד ישראלי",0
"מיכאל פרץ","052-8059101","972528059101","972528059101@c.us","נייד ישראלי",0
"¿","052-3848698","972523848698","972523848698@c.us","נייד ישראלי",0
"Louise Batia","054-9093093","972549093093","972549093093@c.us","נייד ישראלי",0
"דיקלה","054-6477103","972546477103","972546477103@c.us","נייד ישראלי",0
"Amit","054-4982808","972544982808","972544982808@c.us","נייד ישראלי",0
"Yael Mahler","050-7847716","972507847716","972507847716@c.us","נייד ישראלי",0
"אשכר אלפרין","050-7061796","972507061796","972507061796@c.us","נייד ישראלי",0
"צ. עידן עוזיאל הרס""פ","054-3160930","972543160930","972543160930@c.us","נייד ישראלי",0
"👁️","050-2153322","972502153322","972502153322@c.us","נייד ישראלי",0
"Noam","052-2857277","972522857277","972522857277@c.us","נייד ישראלי",0
"איתי הכלב רנגו","054-7724899","972547724899","972547724899@c.us","נייד ישראלי",0
"Daniella Pereira גבעת חיים","052-3609665","972523609665","972523609665@c.us","נייד ישראלי",0
"עדי","054-4979574","972544979574","972544979574@c.us","נייד ישראלי",0
"ישי","054-6277637","972546277637","972546277637@c.us","נייד ישראלי",0
"HAIR STAR צחי מחריש פומרניאן","053-8247170","972538247170","972538247170@c.us","נייד ישראלי",0
"Жанна","055-3079651","972553079651","972553079651@c.us","נייד ישראלי",0
"יגאל סתיו","052-8515518","972528515518","972528515518@c.us","נייד ישראלי",0
"יעקב לוי הכלבה מיקה","053-7793954","972537793954","972537793954@c.us","נייד ישראלי",0
"Yuval","052-6018197","972526018197","972526018197@c.us","נייד ישראלי",0
"Neta Robinzon Butbul נטע סלוקי","053-6552550","972536552550","972536552550@c.us","נייד ישראלי",0
"קוקוס פנסיון ביתי ואילוף כלבים","052-3739835","972523739835","972523739835@c.us","נייד ישראלי",0
"שי מחט","052-5698890","972525698890","972525698890@c.us","נייד ישראלי",0
"Eilon Gilad","052-5696252","972525696252","972525696252@c.us","נייד ישראלי",0
"אריה מור","053-7377041","972537377041","972537377041@c.us","נייד ישראלי",0
"מתן מטפל שיאצו 🌱","052-6619561","972526619561","972526619561@c.us","נייד ישראלי",0
"אילן רוקבן","054-9717256","972549717256","972549717256@c.us","נייד ישראלי",0
"צלילה","054-2209046","972542209046","972542209046@c.us","נייד ישראלי",0
"Nir Nini","050-7299992","972507299992","972507299992@c.us","נייד ישראלי",0
"Omer","052-3133239","972523133239","972523133239@c.us","נייד ישראלי",0
"Helal Fiad","053-3444488","972533444488","972533444488@c.us","נייד ישראלי",0
"ד""ר נטע ברנסקי","052-5858856","972525858856","972525858856@c.us","נייד ישראלי",0
"ללא שם שמור","054-6155668","972546155668","972546155668@c.us","נייד ישראלי",0
"אהלא וסהלא קלודין","054-5051659","972545051659","972545051659@c.us","נייד ישראלי",0
"rachelhaviv","054-6735088","972546735088","972546735088@c.us","נייד ישראלי",0
"קארין זכרון","050-4707190","972504707190","972504707190@c.us","נייד ישראלי",0
"גזית הכלב צמפי","052-2262226","972522262226","972522262226@c.us","נייד ישראלי",0
"Hila Zauber","052-4219980","972524219980","972524219980@c.us","נייד ישראלי",0
"יאיר","052-3678895","972523678895","972523678895@c.us","נייד ישראלי",0
"נועה","050-3488285","972503488285","972503488285@c.us","נייד ישראלי",0
"ערן מבנימינה","054-5237905","972545237905","972545237905@c.us","נייד ישראלי",0
"עשור ניצה","050-4344568","972504344568","972504344568@c.us","נייד ישראלי",0
"מוטי ברזילי","053-4564020","972534564020","972534564020@c.us","נייד ישראלי",0
"Dana Kaminer Lavee","058-6915353","972586915353","972586915353@c.us","נייד ישראלי",0
"מנחם","050-6475660","972506475660","972506475660@c.us","נייד ישראלי",0
"Idit Rosenfeld","054-4977040","972544977040","972544977040@c.us","נייד ישראלי",0
"M&d","053-4301115","972534301115","972534301115@c.us","נייד ישראלי",0
"אלחנן ארזי","055-6656684","972556656684","972556656684@c.us","נייד ישראלי",0
"danielmagic111","050-9400095","972509400095","972509400095@c.us","נייד ישראלי",0
"💚💚","054-2564889","972542564889","972542564889@c.us","נייד ישראלי",0
"Sol Yakin Josef","054-5764948","972545764948","972545764948@c.us","נייד ישראלי",0
"Segev Yosef","054-7371104","972547371104","972547371104@c.us","נייד ישראלי",0
"מאיה","058-5550454","972585550454","972585550454@c.us","נייד ישראלי",0
"Lihi Levy🌺 כלב קטן חריש","050-6308219","972506308219","972506308219@c.us","נייד ישראלי",0
"יולי מרגוליס","050-5259474","972505259474","972505259474@c.us","נייד ישראלי",0
"שגיא בר זוהר","052-3644633","972523644633","972523644633@c.us","נייד ישראלי",0
"דר שגב","050-6777830","972506777830","972506777830@c.us","נייד ישראלי",0
"Michael Farberov","054-5814040","972545814040","972545814040@c.us","נייד ישראלי",0
"ללא שם שמור","054-7474029","972547474029","972547474029@c.us","נייד ישראלי",0
"ללא שם שמור","054-5812835","972545812835","972545812835@c.us","נייד ישראלי",0
"ללא שם שמור","054-4012420","972544012420","972544012420@c.us","נייד ישראלי",0
"Batyaבתיה בת דודה","052-5902299","972525902299","972525902299@c.us","נייד ישראלי",0
"احمد ماجد","056-8486396","972568486396","972568486396@c.us","נייד ישראלי",0
"ללא שם שמור","052-2345701","972522345701","972522345701@c.us","נייד ישראלי",0
"יעל פכטר הכלב צילי","055-3088497","972553088497","972553088497@c.us","נייד ישראלי",0
"אפרים","054-9050537","972549050537","972549050537@c.us","נייד ישראלי",0
"Ram","052-2996012","972522996012","972522996012@c.us","נייד ישראלי",0
"reut🐞","050-6280350","972506280350","972506280350@c.us","נייד ישראלי",0
".","054-4697144","972544697144","972544697144@c.us","נייד ישראלי",0
"Eli","052-2437561","972522437561","972522437561@c.us","נייד ישראלי",0
"Dana Dollz הכלב אוליבר","054-7704549","972547704549","972547704549@c.us","נייד ישראלי",0
"Jojo","050-9988670","972509988670","972509988670@c.us","נייד ישראלי",0
"איירין מומחית למכירות","054-2281193","972542281193","972542281193@c.us","נייד ישראלי",0
"אוריאנה","052-3566744","972523566744","972523566744@c.us","נייד ישראלי",0
"Amit Brandies הכלב פלא","054-5344216","972545344216","972545344216@c.us","נייד ישראלי",0
"ברוריה ברטלר הכלבה דבש","052-8797878","972528797878","972528797878@c.us","נייד ישראלי",0
"אלי","050-2181013","972502181013","972502181013@c.us","נייד ישראלי",0
"מורן אדרי","054-4652697","972544652697","972544652697@c.us","נייד ישראלי",0
"Rachel","054-9429480","972549429480","972549429480@c.us","נייד ישראלי",0
"עליזה גרמן","052-4204037","972524204037","972524204037@c.us","נייד ישראלי",0
"רחלי גורמס","050-7622718","972507622718","972507622718@c.us","נייד ישראלי",0
"רוית כחלון הכלב גיבור","052-6498420","972526498420","972526498420@c.us","נייד ישראלי",0
"איציק נעים","054-4838350","972544838350","972544838350@c.us","נייד ישראלי",0
"הילה","054-8198112","972548198112","972548198112@c.us","נייד ישראלי",0
"There Is No Spoon🍴","053-3373106","972533373106","972533373106@c.us","נייד ישראלי",0
"עמי","053-7004676","972537004676","972537004676@c.us","נייד ישראלי",0
"ללא שם שמור","053-7256188","972537256188","972537256188@c.us","נייד ישראלי",0
"ללא שם שמור","050-9974449","972509974449","972509974449@c.us","נייד ישראלי",0
"24 זמין","054-3183966","972543183966","972543183966@c.us","נייד ישראלי",0
"שירה טבעון","054-7736266","972547736266","972547736266@c.us","נייד ישראלי",0
"ישראל אפ Dj Israel Up","052-4439764","972524439764","972524439764@c.us","נייד ישראלי",0
"ללא שם שמור","054-4745675","972544745675","972544745675@c.us","נייד ישראלי",0
"קוסאי פיטבולים","050-5222206","972505222206","972505222206@c.us","נייד ישראלי",0
"Koko","054-5481197","972545481197","972545481197@c.us","נייד ישראלי",0
"ללא שם שמור","052-4343868","972524343868","972524343868@c.us","נייד ישראלי",0
"ללא שם שמור","054-6977782","972546977782","972546977782@c.us","נייד ישראלי",0
"ללא שם שמור","052-5616976","972525616976","972525616976@c.us","נייד ישראלי",0
"ללא שם שמור","054-6700540","972546700540","972546700540@c.us","נייד ישראלי",0
"ללא שם שמור","13369086988","13369086988","13369086988@c.us","בינלאומי",0
"ללא שם שמור","050-9889040","972509889040","972509889040@c.us","נייד ישראלי",0
"ללא שם שמור","052-3633650","972523633650","972523633650@c.us","נייד ישראלי",0
"ללא שם שמור","052-7279396","972527279396","972527279396@c.us","נייד ישראלי",0
"ללא שם שמור","055-3044489","972553044489","972553044489@c.us","נייד ישראלי",0
"ללא שם שמור","054-4266942","972544266942","972544266942@c.us","נייד ישראלי",0
"ללא שם שמור","054-4754073","972544754073","972544754073@c.us","נייד ישראלי",0
"ללא שם שמור","050-8328563","972508328563","972508328563@c.us","נייד ישראלי",0
"ללא שם שמור","050-3998776","972503998776","972503998776@c.us","נייד ישראלי",0
"ללא שם שמור","054-4427768","972544427768","972544427768@c.us","נייד ישראלי",0
"ללא שם שמור","058-7878784","972587878784","972587878784@c.us","נייד ישראלי",0
"ללא שם שמור","054-4234078","972544234078","972544234078@c.us","נייד ישראלי",0
"ללא שם שמור","058-6701444","972586701444","972586701444@c.us","נייד ישראלי",0
"ללא שם שמור","058-6907653","972586907653","972586907653@c.us","נייד ישראלי",0
"ללא שם שמור","054-8178700","972548178700","972548178700@c.us","נייד ישראלי",0
"ללא שם שמור","052-8151527","972528151527","972528151527@c.us","נייד ישראלי",0
"ללא שם שמור","050-2162515","972502162515","972502162515@c.us","נייד ישראלי",0
"ללא שם שמור","050-2676760","972502676760","972502676760@c.us","נייד ישראלי",0
"ללא שם שמור","054-6263835","972546263835","972546263835@c.us","נייד ישראלי",0
"ללא שם שמור","053-7209066","972537209066","972537209066@c.us","נייד ישראלי",0
"ללא שם שמור","052-7027957","972527027957","972527027957@c.us","נייד ישראלי",0
"ללא שם שמור","053-3345157","972533345157","972533345157@c.us","נייד ישראלי",0
"ללא שם שמור","053-3000083","972533000083","972533000083@c.us","נייד ישראלי",0
"ללא שם שמור","052-6670627","972526670627","972526670627@c.us","נייד ישראלי",0
"ללא שם שמור","052-8741741","972528741741","972528741741@c.us","נייד ישראלי",0
"ללא שם שמור","054-4315866","972544315866","972544315866@c.us","נייד ישראלי",0
"ללא שם שמור","050-7818672","972507818672","972507818672@c.us","נייד ישראלי",0
"ללא שם שמור","052-2850122","972522850122","972522850122@c.us","נייד ישראלי",0
"ללא שם שמור","054-6304582","972546304582","972546304582@c.us","נייד ישראלי",0
"ללא שם שמור","052-8000927","972528000927","972528000927@c.us","נייד ישראלי",0
"ללא שם שמור","052-4689293","972524689293","972524689293@c.us","נייד ישראלי",0
"ללא שם שמור","052-5921775","972525921775","972525921775@c.us","נייד ישראלי",0
"ללא שם שמור","052-5558909","972525558909","972525558909@c.us","נייד ישראלי",0
"ללא שם שמור","052-3869902","972523869902","972523869902@c.us","נייד ישראלי",0
"ללא שם שמור","054-5666575","972545666575","972545666575@c.us","נייד ישראלי",0
"ללא שם שמור","052-9614858","972529614858","972529614858@c.us","נייד ישראלי",0
"ללא שם שמור","054-2003530","972542003530","972542003530@c.us","נייד ישראלי",0
"ללא שם שמור","052-4255312","972524255312","972524255312@c.us","נייד ישראלי",0
"ללא שם שמור","054-5901893","972545901893","972545901893@c.us","נייד ישראלי",0
"ללא שם שמור","050-5583400","972505583400","972505583400@c.us","נייד ישראלי",0
"ללא שם שמור","052-6760808","972526760808","972526760808@c.us","נייד ישראלי",0
"ללא שם שמור","052-2632413","972522632413","972522632413@c.us","נייד ישראלי",0
"ללא שם שמור","054-7870455","972547870455","972547870455@c.us","נייד ישראלי",0
"ללא שם שמור","054-8191031","972548191031","972548191031@c.us","נייד ישראלי",0
"ללא שם שמור","050-8555959","972508555959","972508555959@c.us","נייד ישראלי",0
"ללא שם שמור","052-7736627","972527736627","972527736627@c.us","נייד ישראלי",0
"ללא שם שמור","052-5294852","972525294852","972525294852@c.us","נייד ישראלי",0
"ללא שם שמור","054-8959370","972548959370","972548959370@c.us","נייד ישראלי",0
"ללא שם שמור","052-4288156","972524288156","972524288156@c.us","נייד ישראלי",0
"ללא שם שמור","050-7335527","972507335527","972507335527@c.us","נייד ישראלי",0
"ללא שם שמור","050-4776655","972504776655","972504776655@c.us","נייד ישראלי",0
"ללא שם שמור","050-2399680","972502399680","972502399680@c.us","נייד ישראלי",0
"ללא שם שמור","054-8055100","972548055100","972548055100@c.us","נייד ישראלי",0
"ללא שם שמור","052-7028029","972527028029","972527028029@c.us","נייד ישראלי",0
"ללא שם שמור","052-2895217","972522895217","972522895217@c.us","נייד ישראלי",0
"ללא שם שמור","050-3939100","972503939100","972503939100@c.us","נייד ישראלי",0
"ללא שם שמור","050-4006700","972504006700","972504006700@c.us","נייד ישראלי",0
"ללא שם שמור","054-5862360","972545862360","972545862360@c.us","נייד ישראלי",0
"ללא שם שמור","052-5888287","972525888287","972525888287@c.us","נייד ישראלי",0
"ללא שם שמור","050-8555956","972508555956","972508555956@c.us","נייד ישראלי",0
"ללא שם שמור","055-2521965","972552521965","972552521965@c.us","נייד ישראלי",0
"ללא שם שמור","055-6607500","972556607500","972556607500@c.us","נייד ישראלי",0
"ללא שם שמור","052-6447272","972526447272","972526447272@c.us","נייד ישראלי",0
"ללא שם שמור","054-6526883","972546526883","972546526883@c.us","נייד ישראלי",0
"ללא שם שמור","052-5311922","972525311922","972525311922@c.us","נייד ישראלי",0
"ללא שם שמור","053-6289968","972536289968","972536289968@c.us","נייד ישראלי",0
"ללא שם שמור","050-4204345","972504204345","972504204345@c.us","נייד ישראלי",0
"ללא שם שמור","053-3039262","972533039262","972533039262@c.us","נייד ישראלי",0
"ללא שם שמור","052-5017921","972525017921","972525017921@c.us","נייד ישראלי",0
"ללא שם שמור","052-6335582","972526335582","972526335582@c.us","נייד ישראלי",0
"ללא שם שמור","052-5511612","972525511612","972525511612@c.us","נייד ישראלי",0
"ללא שם שמור","054-7779223","972547779223","972547779223@c.us","נייד ישראלי",0
"ללא שם שמור","052-8714313","972528714313","972528714313@c.us","נייד ישראלי",0
"ללא שם שמור","055-6803950","972556803950","972556803950@c.us","נייד ישראלי",0
"ללא שם שמור","055-9919877","972559919877","972559919877@c.us","נייד ישראלי",0
"ללא שם שמור","054-9257212","972549257212","972549257212@c.us","נייד ישראלי",0
"ללא שם שמור","052-3638395","972523638395","972523638395@c.us","נייד ישראלי",0
"ללא שם שמור","052-3918999","972523918999","972523918999@c.us","נייד ישראלי",0
"ללא שם שמור","054-2154858","972542154858","972542154858@c.us","נייד ישראלי",0
"ללא שם שמור","050-8346126","972508346126","972508346126@c.us","נייד ישראלי",0
"ללא שם שמור","054-6758871","972546758871","972546758871@c.us","נייד ישראלי",0
"ללא שם שמור","054-3134757","972543134757","972543134757@c.us","נייד ישראלי",0
"ללא שם שמור","66908936030","66908936030","66908936030@c.us","בינלאומי",0
"ללא שם שמור","053-2317044","972532317044","972532317044@c.us","נייד ישראלי",0
"ללא שם שמור","055-9881262","972559881262","972559881262@c.us","נייד ישראלי",0
"ללא שם שמור","054-9002800","972549002800","972549002800@c.us","נייד ישראלי",0
"ללא שם שמור","054-4442292","972544442292","972544442292@c.us","נייד ישראלי",0
"ללא שם שמור","050-2110105","972502110105","972502110105@c.us","נייד ישראלי",0
"ללא שם שמור","053-5601000","972535601000","972535601000@c.us","נייד ישראלי",0
"ללא שם שמור","054-7370703","972547370703","972547370703@c.us","נייד ישראלי",0
"ללא שם שמור","052-5118428","972525118428","972525118428@c.us","נייד ישראלי",0
"ללא שם שמור","052-5484660","972525484660","972525484660@c.us","נייד ישראלי",0
"ללא שם שמור","054-3156169","972543156169","972543156169@c.us","נייד ישראלי",0
"ללא שם שמור","054-7903339","972547903339","972547903339@c.us","נייד ישראלי",0
"ללא שם שמור","050-2055487","972502055487","972502055487@c.us","נייד ישראלי",0
"ללא שם שמור","050-2036868","972502036868","972502036868@c.us","נייד ישראלי",0
"ללא שם שמור","050-6849628","972506849628","972506849628@c.us","נייד ישראלי",0
"ללא שם שמור","050-2322923","972502322923","972502322923@c.us","נייד ישראלי",0
"ללא שם שמור","052-6990449","972526990449","972526990449@c.us","נייד ישראלי",0
"ללא שם שמור","054-4777874","972544777874","972544777874@c.us","נייד ישראלי",0
"ללא שם שמור","050-6955452","972506955452","972506955452@c.us","נייד ישראלי",0
"ללא שם שמור","050-5929811","972505929811","972505929811@c.us","נייד ישראלי",0
"ללא שם שמור","055-7049200","972557049200","972557049200@c.us","נייד ישראלי",0
"ללא שם שמור","050-2056764","972502056764","972502056764@c.us","נייד ישראלי",0
"ללא שם שמור","052-2538530","972522538530","972522538530@c.us","נייד ישראלי",0
"ללא שם שמור","050-2510099","972502510099","972502510099@c.us","נייד ישראלי",0
"ללא שם שמור","050-4543700","972504543700","972504543700@c.us","נייד ישראלי",0
"ללא שם שמור","052-6473064","972526473064","972526473064@c.us","נייד ישראלי",0
"ללא שם שמור","052-4293980","972524293980","972524293980@c.us","נייד ישראלי",0
"ללא שם שמור","055-2282377","972552282377","972552282377@c.us","נייד ישראלי",0
"ללא שם שמור","055-9571223","972559571223","972559571223@c.us","נייד ישראלי",0
"ללא שם שמור","052-2924550","972522924550","972522924550@c.us","נייד ישראלי",0
"ללא שם שמור","052-3799053","972523799053","972523799053@c.us","נייד ישראלי",0
"ללא שם שמור","052-7394473","972527394473","972527394473@c.us","נייד ישראלי",0
"ללא שם שמור","052-4244545","972524244545","972524244545@c.us","נייד ישראלי",0
"ללא שם שמור","055-7244525","972557244525","972557244525@c.us","נייד ישראלי",0
"ללא שם שמור","050-4440552","972504440552","972504440552@c.us","נייד ישראלי",0
"ללא שם שמור","053-5288582","972535288582","972535288582@c.us","נייד ישראלי",0
"ללא שם שמור","053-9603553","972539603553","972539603553@c.us","נייד ישראלי",0
"ללא שם שמור","054-5233031","972545233031","972545233031@c.us","נייד ישראלי",0
"ללא שם שמור","054-4215524","972544215524","972544215524@c.us","נייד ישראלי",0
"ללא שם שמור","054-3290582","972543290582","972543290582@c.us","נייד ישראלי",0
"ללא שם שמור","050-4251201","972504251201","972504251201@c.us","נייד ישראלי",0
"עינת","052-2310636","972522310636","972522310636@c.us","נייד ישראלי",0
"שלומי חברה נדלן בדימונה","054-5544258","972545544258","972545544258@c.us","נייד ישראלי",0
"מתן שפע יבוא ושיווק רכב תפעולי","050-4708069","972504708069","972504708069@c.us","נייד ישראלי",0
"David Vaserman","054-4441295","972544441295","972544441295@c.us","נייד ישראלי",0
"אליהו","054-7582827","972547582827","972547582827@c.us","נייד ישראלי",0
"יוסי אביזוהר","052-2721724","972522721724","972522721724@c.us","נייד ישראלי",0
"Biana","052-7493321","972527493321","972527493321@c.us","נייד ישראלי",0
"שירות, אמינות , מקצועיות","050-8739396","972508739396","972508739396@c.us","נייד ישראלי",0
"אריאל","055-7771392","972557771392","972557771392@c.us","נייד ישראלי",0
"zivvinner33","054-5261335","972545261335","972545261335@c.us","נייד ישראלי",0
"אברהם יצחק כהן","053-3189084","972533189084","972533189084@c.us","נייד ישראלי",0
"סיגל בבאי מומחית לשיקום העור","052-8347327","972528347327","972528347327@c.us","נייד ישראלי",0
"טל בן יוסף מתווך נדל""ן","054-9700380","972549700380","972549700380@c.us","נייד ישראלי",0
"Eliav","054-5299788","972545299788","972545299788@c.us","נייד ישראלי",0
"Michal","050-8912782","972508912782","972508912782@c.us","נייד ישראלי",0
"ריבה פרידמן","052-8351655","972528351655","972528351655@c.us","נייד ישראלי",0
"Shosh Simply Wear","052-4629888","972524629888","972524629888@c.us","נייד ישראלי",0
"מירי","052-4432881","972524432881","972524432881@c.us","נייד ישראלי",0
"לימור","054-5301138","972545301138","972545301138@c.us","נייד ישראלי",0
"Dan","050-5272821","972505272821","972505272821@c.us","נייד ישראלי",0
"Avi's agent","053-5560402","972535560402","972535560402@c.us","נייד ישראלי",0
"Gabby","052-6346345","972526346345","972526346345@c.us","נייד ישראלי",0
"shlomo bennun","054-2302332","972542302332","972542302332@c.us","נייד ישראלי",0
"Regine Shoval","052-3598385","972523598385","972523598385@c.us","נייד ישראלי",0
"יעקב יצחק יועץ משכנתאות","052-6025412","972526025412","972526025412@c.us","נייד ישראלי",0
"Reef The King💸","055-5565696","972555565696","972555565696@c.us","נייד ישראלי",0
"הבובות של סיון","052-3347960","972523347960","972523347960@c.us","נייד ישראלי",0
"דניאל פרצוב","054-7692025","972547692025","972547692025@c.us","נייד ישראלי",0
"Pul","447916230249","447916230249","447916230249@c.us","בינלאומי",0
"Tzlil Hodya Saviro","054-9947997","972549947997","972549947997@c.us","נייד ישראלי",0
"michael kardash","054-4937957","972544937957","972544937957@c.us","נייד ישראלי",0
"יעל מזרחי","050-7370515","972507370515","972507370515@c.us","נייד ישראלי",0
"גילי אלגרבלי","054-6918122","972546918122","972546918122@c.us","נייד ישראלי",0
"Aviel Levi","054-2862277","972542862277","972542862277@c.us","נייד ישראלי",0
"Adeer Mklada","053-2217015","972532217015","972532217015@c.us","נייד ישראלי",0
"Almog Madar","054-7735856","972547735856","972547735856@c.us","נייד ישראלי",0
"מירה עמיר","054-4258682","972544258682","972544258682@c.us","נייד ישראלי",0
"אייל גלוגר","052-7467509","972527467509","972527467509@c.us","נייד ישראלי",0
"אורן חיים","054-7272374","972547272374","972547272374@c.us","נייד ישראלי",0
"נדב יצחקי","054-7001919","972547001919","972547001919@c.us","נייד ישראלי",0
"Yossi Amoyal","054-9997037","972549997037","972549997037@c.us","נייד ישראלי",0
"azrs sisam","053-8331248","972538331248","972538331248@c.us","נייד ישראלי",0
"Brachie","17736109455","17736109455","17736109455@c.us","בינלאומי",0
"יוספה","054-3292515","972543292515","972543292515@c.us","נייד ישראלי",0
"Esti","052-3869036","972523869036","972523869036@c.us","נייד ישראלי",0
"Meital Shaul","054-2473001","972542473001","972542473001@c.us","נייד ישראלי",0
"Mor Danino Ohayon","054-2545660","972542545660","972542545660@c.us","נייד ישראלי",0
"אלונה","050-7159037","972507159037","972507159037@c.us","נייד ישראלי",0
"יוסי א","050-4251244","972504251244","972504251244@c.us","נייד ישראלי",0
"שרון כהן","050-7411717","972507411717","972507411717@c.us","נייד ישראלי",0
"יהב רביד","050-8594824","972508594824","972508594824@c.us","נייד ישראלי",0
"Ilya","054-4762961","972544762961","972544762961@c.us","נייד ישראלי",0
"vivet horovitz","050-6400279","972506400279","972506400279@c.us","נייד ישראלי",0
"חיים קן תור","052-6340632","972526340632","972526340632@c.us","נייד ישראלי",0
"Yoav Koster","052-8737271","972528737271","972528737271@c.us","נייד ישראלי",0
"moni shemesh","050-6969025","972506969025","972506969025@c.us","נייד ישראלי",0
"Mixalayush","050-6787488","972506787488","972506787488@c.us","נייד ישראלי",0
"ליאור גספאן רוגובוי 🤍","054-3519190","972543519190","972543519190@c.us","נייד ישראלי",0
"Hila","052-5844662","972525844662","972525844662@c.us","נייד ישראלי",0
"יואב","050-6055556","972506055556","972506055556@c.us","נייד ישראלי",0
"Daniel","050-4682682","972504682682","972504682682@c.us","נייד ישראלי",0
"איילת","052-8639639","972528639639","972528639639@c.us","נייד ישראלי",0
"Einat Alma Frank","052-5560210","972525560210","972525560210@c.us","נייד ישראלי",0
"Nofar Atas","054-5744711","972545744711","972545744711@c.us","נייד ישראלי",0
"אגודה בית יצחק -לימור","052-6387285","972526387285","972526387285@c.us","נייד ישראלי",0
"~מאי🌸~","050-3246954","972503246954","972503246954@c.us","נייד ישראלי",0
"polazamir95","052-6214295","972526214295","972526214295@c.us","נייד ישראלי",0
"Shira Mor Fitoussi Edri","053-2771091","972532771091","972532771091@c.us","נייד ישראלי",0
"Michal Sharabi🤍","055-5570072","972555570072","972555570072@c.us","נייד ישראלי",0
"ויטה גורביץ׳","052-8463515","972528463515","972528463515@c.us","נייד ישראלי",0
"דבורה חופשי","052-3328201","972523328201","972523328201@c.us","נייד ישראלי",0
"🌸Tslil Ben Horin🌸","052-4768752","972524768752","972524768752@c.us","נייד ישראלי",0
"Irene FEDER","052-4586542","972524586542","972524586542@c.us","נייד ישראלי",0
"Yarin","052-4446429","972524446429","972524446429@c.us","נייד ישראלי",0
"Aurélie B.","052-7276738","972527276738","972527276738@c.us","נייד ישראלי",0
"Jenny Berman","054-7573900","972547573900","972547573900@c.us","נייד ישראלי",0
"משה","052-2743371","972522743371","972522743371@c.us","נייד ישראלי",0
"רז","050-2555160","972502555160","972502555160@c.us","נייד ישראלי",0
"אלכס","050-6991653","972506991653","972506991653@c.us","נייד ישראלי",0
"Galpal🐙","050-6485148","972506485148","972506485148@c.us","נייד ישראלי",0
"ענת","050-7410572","972507410572","972507410572@c.us","נייד ישראלי",0
"Gal","054-9794555","972549794555","972549794555@c.us","נייד ישראלי",0
"טלי טוויל","052-6694434","972526694434","972526694434@c.us","נייד ישראלי",0
"Amit Levi","052-8669942","972528669942","972528669942@c.us","נייד ישראלי",0
"דבי פיק","052-8545096","972528545096","972528545096@c.us","נייד ישראלי",0
"ע","054-5711414","972545711414","972545711414@c.us","נייד ישראלי",0
"קורל","052-3626110","972523626110","972523626110@c.us","נייד ישראלי",0
".","054-4998796","972544998796","972544998796@c.us","נייד ישראלי",0
"הילה פרידמן- זרעים מציון","052-5048899","972525048899","972525048899@c.us","נייד ישראלי",0
"Sasha","058-7567790","972587567790","972587567790@c.us","נייד ישראלי",0
"שרון","058-5310233","972585310233","972585310233@c.us","נייד ישראלי",0
"Y","052-5017796","972525017796","972525017796@c.us","נייד ישראלי",0
"טליה","054-5740091","972545740091","972545740091@c.us","נייד ישראלי",0
"Adva Livne","050-4049424","972504049424","972504049424@c.us","נייד ישראלי",0
"HagaItach","050-2217012","972502217012","972502217012@c.us","נייד ישראלי",0
"ירדן","050-9618866","972509618866","972509618866@c.us","נייד ישראלי",0
"Anna","054-7502411","972547502411","972547502411@c.us","נייד ישראלי",0
"אורטל","054-4936357","972544936357","972544936357@c.us","נייד ישראלי",0
"Rotem Raz El","052-8628133","972528628133","972528628133@c.us","נייד ישראלי",0
"סיון כהן","052-5555010","972525555010","972525555010@c.us","נייד ישראלי",0
"Dmitry Kagan Development","052-3801863","972523801863","972523801863@c.us","נייד ישראלי",0
"Lili","050-5615777","972505615777","972505615777@c.us","נייד ישראלי",0
"Yuval_pliner","052-6511324","972526511324","972526511324@c.us","נייד ישראלי",0
"Chen Zigdon","050-4633347","972504633347","972504633347@c.us","נייד ישראלי",0
"Kfir Janus","052-5956084","972525956084","972525956084@c.us","נייד ישראלי",0
"מיטל","054-6866221","972546866221","972546866221@c.us","נייד ישראלי",0
"Shamai","050-7185394","972507185394","972507185394@c.us","נייד ישראלי",0
"Orli Geva","052-8113305","972528113305","972528113305@c.us","נייד ישראלי",0
"שירן גבע אלנקווה","050-5070513","972505070513","972505070513@c.us","נייד ישראלי",0
"Irit","050-6509908","972506509908","972506509908@c.us","נייד ישראלי",0
"Roi Brum","054-2424845","972542424845","972542424845@c.us","נייד ישראלי",0
"בר צמח","050-5335505","972505335505","972505335505@c.us","נייד ישראלי",0
"אורנה","054-6242455","972546242455","972546242455@c.us","נייד ישראלי",0
"Tal Tul","052-5206779","972525206779","972525206779@c.us","נייד ישראלי",0
"orian🍹","052-4399488","972524399488","972524399488@c.us","נייד ישראלי",0
"Yolo","052-5671000","972525671000","972525671000@c.us","נייד ישראלי",0
"duduisraeli1976","054-3220164","972543220164","972543220164@c.us","נייד ישראלי",0
"אסתי","052-3905606","972523905606","972523905606@c.us","נייד ישראלי",0
"שגיא","052-8921713","972528921713","972528921713@c.us","נייד ישראלי",0
"דורון","050-5756667","972505756667","972505756667@c.us","נייד ישראלי",0
"Haim","052-2375032","972522375032","972522375032@c.us","נייד ישראלי",0
"Gil Raz","054-2505020","972542505020","972542505020@c.us","נייד ישראלי",0
"חן ידעי❤️","052-8040940","972528040940","972528040940@c.us","נייד ישראלי",0
"שיר","052-8887727","972528887727","972528887727@c.us","נייד ישראלי",0
"דפנה","052-2319180","972522319180","972522319180@c.us","נייד ישראלי",0
"נבו","052-5859665","972525859665","972525859665@c.us","נייד ישראלי",0
"יוסי לוריא","053-8227675","972538227675","972538227675@c.us","נייד ישראלי",0
"Nadav Moshe Michael","052-7437348","972527437348","972527437348@c.us","נייד ישראלי",0
"Avi","058-7177456","972587177456","972587177456@c.us","נייד ישראלי",0
"Anat","050-4980999","972504980999","972504980999@c.us","נייד ישראלי",0
"מעיין","052-7569914","972527569914","972527569914@c.us","נייד ישראלי",0
"ויולה","054-8028481","972548028481","972548028481@c.us","נייד ישראלי",0
"יולי  צוער","052-8223072","972528223072","972528223072@c.us","נייד ישראלי",0
"Irina Chefonov","054-5932898","972545932898","972545932898@c.us","נייד ישראלי",0
"beny :)","053-5221081","972535221081","972535221081@c.us","נייד ישראלי",0
"נוגה","054-3199934","972543199934","972543199934@c.us","נייד ישראלי",0
"iiTay","058-4409908","972584409908","972584409908@c.us","נייד ישראלי",0
"Dafna","052-4776116","972524776116","972524776116@c.us","נייד ישראלי",0
"Tania Cindorf","054-6700202","972546700202","972546700202@c.us","נייד ישראלי",0
"עדן ברקת","050-6673341","972506673341","972506673341@c.us","נייד ישראלי",0
"Ofir Shuali","053-6298799","972536298799","972536298799@c.us","נייד ישראלי",0
"Amitay Nachmany","054-8777859","972548777859","972548777859@c.us","נייד ישראלי",0
"מעין לוי","054-7892338","972547892338","972547892338@c.us","נייד ישראלי",0
"Adi Amilany","054-9747174","972549747174","972549747174@c.us","נייד ישראלי",0
"Gpet","050-8621093","972508621093","972508621093@c.us","נייד ישראלי",0
"daharielkana","055-5531968","972555531968","972555531968@c.us","נייד ישראלי",0
"אביבה שלו","050-7795009","972507795009","972507795009@c.us","נייד ישראלי",0
"אתי","050-8553333","972508553333","972508553333@c.us","נייד ישראלי",0
"אריק","052-6739303","972526739303","972526739303@c.us","נייד ישראלי",0
"Kobi Shani 🇮🇱🇺🇸🇵🇹","055-6885555","972556885555","972556885555@c.us","נייד ישראלי",0
"גלי טופז ~ Gali Topaz","054-4324260","972544324260","972544324260@c.us","נייד ישראלי",0
"Natalie","054-4776277","972544776277","972544776277@c.us","נייד ישראלי",0
"Carmel","050-9252847","972509252847","972509252847@c.us","נייד ישראלי",0
"עידן","054-7769524","972547769524","972547769524@c.us","נייד ישראלי",0
"davidbelfer1","050-7542322","972507542322","972507542322@c.us","נייד ישראלי",0
"Shir Gamzo","052-5919111","972525919111","972525919111@c.us","נייד ישראלי",0
"Meitar","054-5249363","972545249363","972545249363@c.us","נייד ישראלי",0
"אנגלה כהן","050-6908810","972506908810","972506908810@c.us","נייד ישראלי",0
"שלמה לוי","052-8059663","972528059663","972528059663@c.us","נייד ישראלי",0
"Katya Krasovsky 🙆🏽‍♀️","054-6360971","972546360971","972546360971@c.us","נייד ישראלי",0
"רונן","052-3739032","972523739032","972523739032@c.us","נייד ישראלי",0
"Shmuel","055-3192923","972553192923","972553192923@c.us","נייד ישראלי",0
"Yakir Eliyahu","16088129437","16088129437","16088129437@c.us","בינלאומי",0
"יגאל","054-5341488","972545341488","972545341488@c.us","נייד ישראלי",0
"Roi Gold","052-5483336","972525483336","972525483336@c.us","נייד ישראלי",0
"Elroy","050-6791278","972506791278","972506791278@c.us","נייד ישראלי",0
"שלומית","053-4964739","972534964739","972534964739@c.us","נייד ישראלי",0
"Liran","054-2198955","972542198955","972542198955@c.us","נייד ישראלי",0
"Mike","052-5310247","972525310247","972525310247@c.us","נייד ישראלי",0
"David","052-3636162","972523636162","972523636162@c.us","נייד ישראלי",0
"ערן.👑.","050-3374657","972503374657","972503374657@c.us","נייד ישראלי",0
"Studio Shapa- סטודיו שפא","050-7473297","972507473297","972507473297@c.us","נייד ישראלי",0
"omry246","052-3590574","972523590574","972523590574@c.us","נייד ישראלי",0
"Y.B","052-3744618","972523744618","972523744618@c.us","נייד ישראלי",0
"VladP","052-8304496","972528304496","972528304496@c.us","נייד ישראלי",0
"Amir","054-6438351","972546438351","972546438351@c.us","נייד ישראלי",0
"Tomi","050-2523839","972502523839","972502523839@c.us","נייד ישראלי",0
"yossi m","052-2557006","972522557006","972522557006@c.us","נייד ישראלי",0
"Ben_rabizada","050-8420017","972508420017","972508420017@c.us","נייד ישראלי",0
"Yanir Turgeman","054-5927871","972545927871","972545927871@c.us","נייד ישראלי",0
"Shirley G💞","054-7245506","972547245506","972547245506@c.us","נייד ישראלי",0
"עדי","050-5818483","972505818483","972505818483@c.us","נייד ישראלי",0
"Tzvi Yehonatan Shore","054-8318428","972548318428","972548318428@c.us","נייד ישראלי",0
"🙂","050-9446091","972509446091","972509446091@c.us","נייד ישראלי",0
"Shai Shalom","054-2399607","972542399607","972542399607@c.us","נייד ישראלי",0
"Noam Rahamim","054-9135595","972549135595","972549135595@c.us","נייד ישראלי",0
"שלום דב בער חן","053-6205048","972536205048","972536205048@c.us","נייד ישראלי",0
"אלירן פז","052-8365445","972528365445","972528365445@c.us","נייד ישראלי",0
"Tomer Blacher","054-6829967","972546829967","972546829967@c.us","נייד ישראלי",0
"Ziv","054-7633953","972547633953","972547633953@c.us","נייד ישראלי",0
"רוטשילד יונה","052-2176624","972522176624","972522176624@c.us","נייד ישראלי",0
"Rany","052-2554550","972522554550","972522554550@c.us","נייד ישראלי",0
"amit shgi","054-6640284","972546640284","972546640284@c.us","נייד ישראלי",0
"אלמוג","054-6252702","972546252702","972546252702@c.us","נייד ישראלי",0
"didi","050-3000507","972503000507","972503000507@c.us","נייד ישראלי",0
"אין עוד מלבדו","053-2277065","972532277065","972532277065@c.us","נייד ישראלי",0
"tal shumeli","050-2683337","972502683337","972502683337@c.us","נייד ישראלי",0
"ירון","052-3578148","972523578148","972523578148@c.us","נייד ישראלי",0
"אביחי","050-8812961","972508812961","972508812961@c.us","נייד ישראלי",0
"Orit","054-2023987","972542023987","972542023987@c.us","נייד ישראלי",0
"Avi","052-6024518","972526024518","972526024518@c.us","נייד ישראלי",0
"Adi Zoref-Lorenz","050-6857940","972506857940","972506857940@c.us","נייד ישראלי",0
"נוף 🤍","050-6160737","972506160737","972506160737@c.us","נייד ישראלי",0
"Tobias","054-9770177","972549770177","972549770177@c.us","נייד ישראלי",0
"Raviv Karo","050-9443366","972509443366","972509443366@c.us","נייד ישראלי",0
"רמי אליהו","054-6767060","972546767060","972546767060@c.us","נייד ישראלי",0
"מיקי","054-2217737","972542217737","972542217737@c.us","נייד ישראלי",0
"gal gelbgiser","050-5066184","972505066184","972505066184@c.us","נייד ישראלי",0
"JAK ADV & NOTARY🎓","052-6270406","972526270406","972526270406@c.us","נייד ישראלי",0
"לירן","052-3965807","972523965807","972523965807@c.us","נייד ישראלי",0
"Uri","058-5534404","972585534404","972585534404@c.us","נייד ישראלי",0
"Barnash1","050-7321045","972507321045","972507321045@c.us","נייד ישראלי",0
"Liron Shmoul","054-4483949","972544483949","972544483949@c.us","נייד ישראלי",0
"דור ביטון▫️","054-8181498","972548181498","972548181498@c.us","נייד ישראלי",0
"🌊Gal","054-6266640","972546266640","972546266640@c.us","נייד ישראלי",0
"ariklevi321","050-2448276","972502448276","972502448276@c.us","נייד ישראלי",0
"אורן גולדנר","054-9008710","972549008710","972549008710@c.us","נייד ישראלי",0
"שושה💞💕","052-6778779","972526778779","972526778779@c.us","נייד ישראלי",0
"Shlomi Finzi","054-4306611","972544306611","972544306611@c.us","נייד ישראלי",0
"Hillel","055-6650088","972556650088","972556650088@c.us","נייד ישראלי",0
"Nir Artzi","054-4939787","972544939787","972544939787@c.us","נייד ישראלי",0
"אוהד","050-9333662","972509333662","972509333662@c.us","נייד ישראלי",0
"דיויד מנקוטה","050-7874788","972507874788","972507874788@c.us","נייד ישראלי",0
"עידו הטייס","058-4615565","972584615565","972584615565@c.us","נייד ישראלי",0
"Moshe","054-9508984","972549508984","972549508984@c.us","נייד ישראלי",0
"קרן לוסטיג טננבאום","052-2674450","972522674450","972522674450@c.us","נייד ישראלי",0
"שמעון בנודיז","050-4057419","972504057419","972504057419@c.us","נייד ישראלי",0
"Daniel","054-5553380","972545553380","972545553380@c.us","נייד ישראלי",0
"Lior","054-3978065","972543978065","972543978065@c.us","נייד ישראלי",0
"חיים לירז","055-6854579","972556854579","972556854579@c.us","נייד ישראלי",0
"Ofer","050-7236127","972507236127","972507236127@c.us","נייד ישראלי",0
"א.מ","052-4761937","972524761937","972524761937@c.us","נייד ישראלי",0
"שירן","052-2739951","972522739951","972522739951@c.us","נייד ישראלי",0
"⚘️","054-4332632","972544332632","972544332632@c.us","נייד ישראלי",0
"אמנון","052-9279684","972529279684","972529279684@c.us","נייד ישראלי",0
"Mazzy","052-8024087","972528024087","972528024087@c.us","נייד ישראלי",0
"Sharon","054-4552000","972544552000","972544552000@c.us","נייד ישראלי",0
"igal","052-3399660","972523399660","972523399660@c.us","נייד ישראלי",0
"Shy Halatzi","054-4872884","972544872884","972544872884@c.us","נייד ישראלי",0
"Eira","052-8996916","972528996916","972528996916@c.us","נייד ישראלי",0
"Roma","052-3456087","972523456087","972523456087@c.us","נייד ישראלי",0
"Y&C","055-2975228","972552975228","972552975228@c.us","נייד ישראלי",0
"Tom Vegan For 🐖🐓🐑🐠🐄","050-8517578","972508517578","972508517578@c.us","נייד ישראלי",0
"NAHAL ITIEL","052-3900353","972523900353","972523900353@c.us","נייד ישראלי",0
"Sergey","058-7821782","972587821782","972587821782@c.us","נייד ישראלי",0
"גיא שילה - Guy Shiloh","054-5777998","972545777998","972545777998@c.us","נייד ישראלי",0
"טום","054-3755116","972543755116","972543755116@c.us","נייד ישראלי",0
"Malchik & Divoch","054-8970798","972548970798","972548970798@c.us","נייד ישראלי",0
"Amir Kaduri","050-3146641","972503146641","972503146641@c.us","נייד ישראלי",0
"Tamir Bustnay","054-5235200","972545235200","972545235200@c.us","נייד ישראלי",0
"Tamir Gal","052-8000099","972528000099","972528000099@c.us","נייד ישראלי",0
"מיכה רז","054-6864380","972546864380","972546864380@c.us","נייד ישראלי",0
"Oren","052-3787186","972523787186","972523787186@c.us","נייד ישראלי",0
"Alon k","054-4304031","972544304031","972544304031@c.us","נייד ישראלי",0
"משה פרחי","054-4975899","972544975899","972544975899@c.us","נייד ישראלי",0
"Jad3","050-9001185","972509001185","972509001185@c.us","נייד ישראלי",0
"סער 🌪","054-3849670","972543849670","972543849670@c.us","נייד ישראלי",0
"Maor","052-3440154","972523440154","972523440154@c.us","נייד ישראלי",0
"Yossi Yaron","052-6650454","972526650454","972526650454@c.us","נייד ישראלי",0
"מיקי","052-3133682","972523133682","972523133682@c.us","נייד ישראלי",0
"Eyal","052-5865468","972525865468","972525865468@c.us","נייד ישראלי",0
"ארז דן","050-2522222","972502522222","972502522222@c.us","נייד ישראלי",0
"Eliad Abraham","050-3633958","972503633958","972503633958@c.us","נייד ישראלי",0
"בועז","050-8441122","972508441122","972508441122@c.us","נייד ישראלי",0
"Shay","050-5555128","972505555128","972505555128@c.us","נייד ישראלי",0
"Nir Angel 🍹","053-9822597","972539822597","972539822597@c.us","נייד ישראלי",0
"Gil Levy","050-2238619","972502238619","972502238619@c.us","נייד ישראלי",0
"דודו סיסאי","054-8003218","972548003218","972548003218@c.us","נייד ישראלי",0
"David Ludvinivsky","052-8715206","972528715206","972528715206@c.us","נייד ישראלי",0
"Barak Fitoussi","054-4693120","972544693120","972544693120@c.us","נייד ישראלי",0
"בנימין ~","050-7500467","972507500467","972507500467@c.us","נייד ישראלי",0
"Srul","052-9288152","972529288152","972529288152@c.us","נייד ישראלי",0
"מגע המשי 🙌עמיחי🐊","054-5952762","972545952762","972545952762@c.us","נייד ישראלי",0
"הרברט","054-7506224","972547506224","972547506224@c.us","נייד ישראלי",0
"😁","054-4316774","972544316774","972544316774@c.us","נייד ישראלי",0
"רפאל","053-4391902","972534391902","972534391902@c.us","נייד ישראלי",0
"יר","052-3263230","972523263230","972523263230@c.us","נייד ישראלי",0
"מוטי","052-3534306","972523534306","972523534306@c.us","נייד ישראלי",0
"Yan","052-3354909","972523354909","972523354909@c.us","נייד ישראלי",0
"Roman","054-3969699","972543969699","972543969699@c.us","נייד ישראלי",0
"Baruch","053-8238822","972538238822","972538238822@c.us","נייד ישראלי",0
"Yossi","054-2855007","972542855007","972542855007@c.us","נייד ישראלי",0
"איליה שפירא","054-5865783","972545865783","972545865783@c.us","נייד ישראלי",0
"אופיר","054-5336382","972545336382","972545336382@c.us","נייד ישראלי",0
"Motty","050-5554514","972505554514","972505554514@c.us","נייד ישראלי",0
"mati","054-2213519","972542213519","972542213519@c.us","נייד ישראלי",0
"Damari","054-8309301","972548309301","972548309301@c.us","נייד ישראלי",0
"😊","050-5911968","972505911968","972505911968@c.us","נייד ישראלי",0
"מיכאל","052-8618719","972528618719","972528618719@c.us","נייד ישראלי",0
".","058-4353845","972584353845","972584353845@c.us","נייד ישראלי",0
"G.g","054-5577640","972545577640","972545577640@c.us","נייד ישראלי",0
"Ran Shahar","054-5206355","972545206355","972545206355@c.us","נייד ישראלי",0
"🦋יוסי🦋","054-5745878","972545745878","972545745878@c.us","נייד ישראלי",0
"Shlomyx","054-3013281","972543013281","972543013281@c.us","נייד ישראלי",0
"Dror Zimmerman","052-9465282","972529465282","972529465282@c.us","נייד ישראלי",0
"Sveta Ts","054-4252970","972544252970","972544252970@c.us","נייד ישראלי",0
"Ph","052-4618476","972524618476","972524618476@c.us","נייד ישראלי",0
"שגיא","054-7129600","972547129600","972547129600@c.us","נייד ישראלי",0
"מ","055-5682860","972555682860","972555682860@c.us","נייד ישראלי",0
"מ","052-8704212","972528704212","972528704212@c.us","נייד ישראלי",0
".","054-6260357","972546260357","972546260357@c.us","נייד ישראלי",0
"ענת שן","050-5217819","972505217819","972505217819@c.us","נייד ישראלי",0
"רז רכס","054-7660480","972547660480","972547660480@c.us","נייד ישראלי",0
"Ronen","050-6814535","972506814535","972506814535@c.us","נייד ישראלי",0
"אמיר אבני","052-2603493","972522603493","972522603493@c.us","נייד ישראלי",0
".","053-2347152","972532347152","972532347152@c.us","נייד ישראלי",0
"Elan Mashiach אילן משיח","052-6314227","972526314227","972526314227@c.us","נייד ישראלי",0
"Bruno","054-3011886","972543011886","972543011886@c.us","נייד ישראלי",0
"H-Y 📞✍️🇮🇱","050-9180189","972509180189","972509180189@c.us","נייד ישראלי",0
"מקס","054-4484907","972544484907","972544484907@c.us","נייד ישראלי",0
"ida m m1982","052-4314488","972524314488","972524314488@c.us","נייד ישראלי",0
"Elia","054-7728458","972547728458","972547728458@c.us","נייד ישראלי",0
"Danny","052-6056065","972526056065","972526056065@c.us","נייד ישראלי",0
"Kripak ROMAN","054-4643969","972544643969","972544643969@c.us","נייד ישראלי",0
"Benny","052-4707697","972524707697","972524707697@c.us","נייד ישראלי",0
"🙈🙉🙊","054-9821705","972549821705","972549821705@c.us","נייד ישראלי",0
"אסף אביאל","050-5753672","972505753672","972505753672@c.us","נייד ישראלי",0
"א","052-4588245","972524588245","972524588245@c.us","נייד ישראלי",0
"גרי","054-9447414","972549447414","972549447414@c.us","נייד ישראלי",0
"sarit ganc","054-6963130","972546963130","972546963130@c.us","נייד ישראלי",0
"רוני","054-4890608","972544890608","972544890608@c.us","נייד ישראלי",0
"שי אופיר","050-3972133","972503972133","972503972133@c.us","נייד ישראלי",0
"Barak","054-3572573","972543572573","972543572573@c.us","נייד ישראלי",0
"Ofir Tirosh","050-7701237","972507701237","972507701237@c.us","נייד ישראלי",0
"Gal Lior","054-6969353","972546969353","972546969353@c.us","נייד ישראלי",0
"אודי... בנית מרפסות וממ""ד","055-9422222","972559422222","972559422222@c.us","נייד ישראלי",0
"Gil_S","054-9457027","972549457027","972549457027@c.us","נייד ישראלי",0
"Tomas","054-3532922","972543532922","972543532922@c.us","נייד ישראלי",0
"מבלי לגרוע  בזכויות","054-4982115","972544982115","972544982115@c.us","נייד ישראלי",0
"Ifat Rotem","052-5580023","972525580023","972525580023@c.us","נייד ישראלי",0
"S","055-8813485","972558813485","972558813485@c.us","נייד ישראלי",0
"dbguy","054-4251325","972544251325","972544251325@c.us","נייד ישראלי",0
"בתשבע","050-6617421","972506617421","972506617421@c.us","נייד ישראלי",0
"משה","052-3559996","972523559996","972523559996@c.us","נייד ישראלי",0
"Shimi Hatuel","050-9292192","972509292192","972509292192@c.us","נייד ישראלי",0
"אלי","050-6622392","972506622392","972506622392@c.us","נייד ישראלי",0
"יבגני","052-4207354","972524207354","972524207354@c.us","נייד ישראלי",0
"Tomer Kirmaier","052-5155504","972525155504","972525155504@c.us","נייד ישראלי",0
"Yotam | StudioKnob","054-7916216","972547916216","972547916216@c.us","נייד ישראלי",0
"גיא","054-4598350","972544598350","972544598350@c.us","נייד ישראלי",0
"Y","050-6278436","972506278436","972506278436@c.us","נייד ישראלי",0
"ליקי רוז","050-4438540","972504438540","972504438540@c.us","נייד ישראלי",0
"Daniel Ofek דניאל אופק","052-3990311","972523990311","972523990311@c.us","נייד ישראלי",0
"ממ","050-9063633","972509063633","972509063633@c.us","נייד ישראלי",0
"יוסי כהן","052-6093776","972526093776","972526093776@c.us","נייד ישראלי",0
"Ofra","058-7441234","972587441234","972587441234@c.us","נייד ישראלי",0
"אלון","054-2429343","972542429343","972542429343@c.us","נייד ישראלי",0
"Shiri","054-4420268","972544420268","972544420268@c.us","נייד ישראלי",0
"EYAL BEN-SIMON","052-4222058","972524222058","972524222058@c.us","נייד ישראלי",0
"Abcd","054-5200881","972545200881","972545200881@c.us","נייד ישראלי",0
"Eli Tischler","054-8140252","972548140252","972548140252@c.us","נייד ישראלי",0
"Tanya","054-8115305","972548115305","972548115305@c.us","נייד ישראלי",0
"דניאל מצ'טנר","050-6584003","972506584003","972506584003@c.us","נייד ישראלי",0
"🇮🇱Daniel tulinov 🇮🇱","054-2397391","972542397391","972542397391@c.us","נייד ישראלי",0
"חן עוזרי","054-7247727","972547247727","972547247727@c.us","נייד ישראלי",0
"Iluxa","054-4959102","972544959102","972544959102@c.us","נייד ישראלי",0
"Asaf Engelstein","054-2109087","972542109087","972542109087@c.us","נייד ישראלי",0
"ירון חכים","050-7499585","972507499585","972507499585@c.us","נייד ישראלי",0
"Gili","050-3613431","972503613431","972503613431@c.us","נייד ישראלי",0
"Ohad Shachar","052-8666999","972528666999","972528666999@c.us","נייד ישראלי",0
"tal","052-4325878","972524325878","972524325878@c.us","נייד ישראלי",0
"Yosefa ❤️","054-2300601","972542300601","972542300601@c.us","נייד ישראלי",0
"Hezi","050-4526341","972504526341","972504526341@c.us","נייד ישראלי",0
"Eran Yemini","054-4740009","972544740009","972544740009@c.us","נייד ישראלי",0
"T","052-4693333","972524693333","972524693333@c.us","נייד ישראלי",0
"ליאור גניס","050-4204007","972504204007","972504204007@c.us","נייד ישראלי",0
"🙂🙂","052-5660777","972525660777","972525660777@c.us","נייד ישראלי",0
"Evgeney","052-4898919","972524898919","972524898919@c.us","נייד ישראלי",0
"Noam Carmeli","052-5012587","972525012587","972525012587@c.us","נייד ישראלי",0
"Michael Soto","12267784680","12267784680","12267784680@c.us","בינלאומי",0
"ד""ר פיני","050-6845040","972506845040","972506845040@c.us","נייד ישראלי",0
"Avihai Roimi","054-2583558","972542583558","972542583558@c.us","נייד ישראלי",0
"Lior Lamdan","054-5618852","972545618852","972545618852@c.us","נייד ישראלי",0
"Shirit Dagan","050-6316973","972506316973","972506316973@c.us","נייד ישראלי",0
"OFIR","053-7127917","972537127917","972537127917@c.us","נייד ישראלי",0
"זאב","052-3995819","972523995819","972523995819@c.us","נייד ישראלי",0
"אורן וברמן","054-2069797","972542069797","972542069797@c.us","נייד ישראלי",0
"Oz Gabay","054-6106707","972546106707","972546106707@c.us","נייד ישראלי",0
"לירן","050-9755279","972509755279","972509755279@c.us","נייד ישראלי",0
"Li Ker","054-3271870","972543271870","972543271870@c.us","נייד ישראלי",0
"Meidad","054-3971147","972543971147","972543971147@c.us","נייד ישראלי",0
"צחי","050-8844154","972508844154","972508844154@c.us","נייד ישראלי",0
"חיים","053-2502849","972532502849","972532502849@c.us","נייד ישראלי",0
"G","13478666884","13478666884","13478666884@c.us","בינלאומי",0
"דותן","054-6623618","972546623618","972546623618@c.us","נייד ישראלי",0
"Raz","052-6734724","972526734724","972526734724@c.us","נייד ישראלי",0
"יהושע הראש","054-2024136","972542024136","972542024136@c.us","נייד ישראלי",0
"my life my rules😜","052-5740897","972525740897","972525740897@c.us","נייד ישראלי",0
"שימי ברק","053-7721277","972537721277","972537721277@c.us","נייד ישראלי",0
"Sagico","054-4370334","972544370334","972544370334@c.us","נייד ישראלי",0
"אלון","052-3352011","972523352011","972523352011@c.us","נייד ישראלי",0
"🥂🍾","050-4432299","972504432299","972504432299@c.us","נייד ישראלי",0
"Y A👑","054-7196469","972547196469","972547196469@c.us","נייד ישראלי",0
"Shlomi","054-9180288","972549180288","972549180288@c.us","נייד ישראלי",0
"אבשלום אבשה גרנק","054-5833115","972545833115","972545833115@c.us","נייד ישראלי",0
"איתי","050-5846687","972505846687","972505846687@c.us","נייד ישראלי",0
"זוהר  🇮🇱","050-5904006","972505904006","972505904006@c.us","נייד ישראלי",0
"אמיר בן ישראל","054-4985215","972544985215","972544985215@c.us","נייד ישראלי",0
"מוני","053-9353054","972539353054","972539353054@c.us","נייד ישראלי",0
"Gadi Shabath","054-9709800","972549709800","972549709800@c.us","נייד ישראלי",0
"Gabi","054-5988253","972545988253","972545988253@c.us","נייד ישראלי",0
"Katy🐾","054-9206341","972549206341","972549206341@c.us","נייד ישראלי",0
"m","054-9234749","972549234749","972549234749@c.us","נייד ישראלי",0
"יהודה","053-4494942","972534494942","972534494942@c.us","נייד ישראלי",0
"Nella","054-4675542","972544675542","972544675542@c.us","נייד ישראלי",0
"Bar","054-6605217","972546605217","972546605217@c.us","נייד ישראלי",0
"IN","052-6728050","972526728050","972526728050@c.us","נייד ישראלי",0
"א א א","055-9653801","972559653801","972559653801@c.us","נייד ישראלי",0
"🇮🇱🦁🇮🇱🦁","050-9494908","972509494908","972509494908@c.us","נייד ישראלי",0
"ששי ניסן","054-6111641","972546111641","972546111641@c.us","נייד ישראלי",0
"OmerL","050-3178830","972503178830","972503178830@c.us","נייד ישראלי",0
"יצחק","054-4287411","972544287411","972544287411@c.us","נייד ישראלי",0
"Adi Ernst","054-7779778","972547779778","972547779778@c.us","נייד ישראלי",0
"Lahav","052-5536313","972525536313","972525536313@c.us","נייד ישראלי",0
"שי שבתאי","052-5819099","972525819099","972525819099@c.us","נייד ישראלי",0
"יוסי אמסלם","054-7962524","972547962524","972547962524@c.us","נייד ישראלי",0
"~EranH°","052-2596228","972522596228","972522596228@c.us","נייד ישראלי",0
"Daniel","058-4154156","972584154156","972584154156@c.us","נייד ישראלי",0
"Liron","052-6333938","972526333938","972526333938@c.us","נייד ישראלי",0
"Raziel","054-7992111","972547992111","972547992111@c.us","נייד ישראלי",0
"אהוד קרמר","050-2071539","972502071539","972502071539@c.us","נייד ישראלי",0
"haimi","050-2071744","972502071744","972502071744@c.us","נייד ישראלי",0
"נתי","054-6244558","972546244558","972546244558@c.us","נייד ישראלי",0
"ליעד","052-3958600","972523958600","972523958600@c.us","נייד ישראלי",0
"דן","054-2699046","972542699046","972542699046@c.us","נייד ישראלי",0
"שלומי","050-5868008","972505868008","972505868008@c.us","נייד ישראלי",0
"אופירה גופנפש","052-5937128","972525937128","972525937128@c.us","נייד ישראלי",0
"Yahav","054-7556375","972547556375","972547556375@c.us","נייד ישראלי",0
"R.E.L","054-7932558","972547932558","972547932558@c.us","נייד ישראלי",0
"Doron Saar","050-7626166","972507626166","972507626166@c.us","נייד ישראלי",0
"Cr7","054-2980047","972542980047","972542980047@c.us","נייד ישראלי",0
"נתנאל אלוש","054-5209115","972545209115","972545209115@c.us","נייד ישראלי",0
"Veronika Raskin - Doula.","054-2358620","972542358620","972542358620@c.us","נייד ישראלי",0
"רתם הידרוטרילו🌈","054-9778816","972549778816","972549778816@c.us","נייד ישראלי",0
"Shay","054-2323057","972542323057","972542323057@c.us","נייד ישראלי",0
"סיני","050-8283648","972508283648","972508283648@c.us","נייד ישראלי",0
"ליאור","054-3256526","972543256526","972543256526@c.us","נייד ישראלי",0
"איתי","052-4711121","972524711121","972524711121@c.us","נייד ישראלי",0
"Gonen Shemer","054-2300794","972542300794","972542300794@c.us","נייד ישראלי",0
"K","054-7788030","972547788030","972547788030@c.us","נייד ישראלי",0
".","053-8333242","972538333242","972538333242@c.us","נייד ישראלי",0
"Chen_G❤️","052-7727809","972527727809","972527727809@c.us","נייד ישראלי",0
"אמילי","050-5805584","972505805584","972505805584@c.us","נייד ישראלי",0
"מיכל   Michelle Landsberg","054-5679156","972545679156","972545679156@c.us","נייד ישראלי",0
"נאדיא","050-9009488","972509009488","972509009488@c.us","נייד ישראלי",0
"גלית","052-6459599","972526459599","972526459599@c.us","נייד ישראלי",0
"אורנית","050-9015094","972509015094","972509015094@c.us","נייד ישראלי",0
"كايد","051-2180068","972512180068","972512180068@c.us","נייד ישראלי",0
"amer_490","050-6005700","972506005700","972506005700@c.us","נייד ישראלי",0
"אורית","050-3554903","972503554903","972503554903@c.us","נייד ישראלי",0
"Sara","054-4671396","972544671396","972544671396@c.us","נייד ישראלי",0
"אבי טרפיקנט","050-5910852","972505910852","972505910852@c.us","נייד ישראלי",0
"אורטל זנדני","050-5201065","972505201065","972505201065@c.us","נייד ישראלי",0
"נמרוד","054-7205678","972547205678","972547205678@c.us","נייד ישראלי",0
"מפלצות","050-5512455","972505512455","972505512455@c.us","נייד ישראלי",0
"qaws12670965gvhb","059-2940675","972592940675","972592940675@c.us","נייד ישראלי",0
"אנייש איצו","053-6208630","972536208630","972536208630@c.us","נייד ישראלי",0
"❤️שלום❤️","050-3070103","972503070103","972503070103@c.us","נייד ישראלי",0
".","052-8882351","972528882351","972528882351@c.us","נייד ישראלי",0
"Валентина","054-5221130","972545221130","972545221130@c.us","נייד ישראלי",0
"Шуля","052-5841612","972525841612","972525841612@c.us","נייד ישראלי",0
"حلميه","050-3588666","972503588666","972503588666@c.us","נייד ישראלי",0
"ابو جمال عبود","050-8774916","972508774916","972508774916@c.us","נייד ישראלי",0
"מוחמד","050-6659657","972506659657","972506659657@c.us","נייד ישראלי",0
"mnahm19972","050-2137295","972502137295","972502137295@c.us","נייד ישראלי",0
"Sira Leseriw","054-3405945","972543405945","972543405945@c.us","נייד ישראלי",0
"פארוק חמזה","054-7376664","972547376664","972547376664@c.us","נייד ישראלי",0
"Марина","052-6911808","972526911808","972526911808@c.us","נייד ישראלי",0
"וואו בן מלך","052-3593283","972523593283","972523593283@c.us","נייד ישראלי",0
"Mma","050-5730888","972505730888","972505730888@c.us","נייד ישראלי",0
"ا","053-8834311","972538834311","972538834311@c.us","נייד ישראלי",0
"מחמוד נקיב","054-9348300","972549348300","972549348300@c.us","נייד ישראלי",0
"אין 💖 עוד 💖 מלבדו 💖🩵💛♥️","054-6013117","972546013117","972546013117@c.us","נייד ישראלי",0
"Mmmmm Mmmm","052-8178647","972528178647","972528178647@c.us","נייד ישראלי",0
"Sapir Shlush","052-6948974","972526948974","972526948974@c.us","נייד ישראלי",0
"Randa Zriek Sabbagh","052-7555142","972527555142","972527555142@c.us","נייד ישראלי",0
"Anderson","054-2055162","972542055162","972542055162@c.us","נייד ישראלי",0
"Eti Buskila","050-5525573","972505525573","972505525573@c.us","נייד ישראלי",0
"יסמין","052-7413035","972527413035","972527413035@c.us","נייד ישראלי",0
"Inbar","050-2180299","972502180299","972502180299@c.us","נייד ישראלי",0
"מחמוד","052-3503034","972523503034","972523503034@c.us","נייד ישראלי",0
"אפרת","054-9671116","972549671116","972549671116@c.us","נייד ישראלי",0
"מור פרידמן🤍","052-5041223","972525041223","972525041223@c.us","נייד ישראלי",0
"Ella","055-9807033","972559807033","972559807033@c.us","נייד ישראלי",0
"נאווה מכלוף","058-7270610","972587270610","972587270610@c.us","נייד ישראלי",0
"Shahar","050-4454050","972504454050","972504454050@c.us","נייד ישראלי",0
"Topaz(Toffee)","054-8859237","972548859237","972548859237@c.us","נייד ישראלי",0
"Liron Eisenstein","050-2148372","972502148372","972502148372@c.us","נייד ישראלי",0
"🌸","050-7155681","972507155681","972507155681@c.us","נייד ישראלי",0
"Nihad","052-2246664","972522246664","972522246664@c.us","נייד ישראלי",0
"דקלה","051-5018585","972515018585","972515018585@c.us","נייד ישראלי",0
"עדי דהן","054-9989149","972549989149","972549989149@c.us","נייד ישראלי",0
"יוסי","052-5562276","972525562276","972525562276@c.us","נייד ישראלי",0
"Maor Ben Amos","058-4977493","972584977493","972584977493@c.us","נייד ישראלי",0
"תמיר לדני","050-3733290","972503733290","972503733290@c.us","נייד ישראלי",0
"mimoontibi","054-4605797","972544605797","972544605797@c.us","נייד ישראלי",0
"Svetika","054-2172743","972542172743","972542172743@c.us","נייד ישראלי",0
"Warren Marciano","058-4010201","972584010201","972584010201@c.us","נייד ישראלי",0
"Marwan Msarwee","052-6236170","972526236170","972526236170@c.us","נייד ישראלי",0
"Noa","054-4466051","972544466051","972544466051@c.us","נייד ישראלי",0
"Rezene","054-9219540","972549219540","972549219540@c.us","נייד ישראלי",0
"איריס","050-4241363","972504241363","972504241363@c.us","נייד ישראלי",0
"דרור","050-5557839","972505557839","972505557839@c.us","נייד ישראלי",0
"💚Liat💚","054-3006812","972543006812","972543006812@c.us","נייד ישראלי",0
"חן","054-3813351","972543813351","972543813351@c.us","נייד ישראלי",0
"אורטל חכימי","053-8246403","972538246403","972538246403@c.us","נייד ישראלי",0
"קובי","052-4602220","972524602220","972524602220@c.us","נייד ישראלי",0
"zach holtzman","052-5926466","972525926466","972525926466@c.us","נייד ישראלי",0
"אמיר","053-3030008","972533030008","972533030008@c.us","נייד ישראלי",0
"אאא","058-3920665","972583920665","972583920665@c.us","נייד ישראלי",0
"Ahmad","050-2660144","972502660144","972502660144@c.us","נייד ישראלי",0
"Avital Harari","054-4313801","972544313801","972544313801@c.us","נייד ישראלי",0
"Itai Rosen","054-4964349","972544964349","972544964349@c.us","נייד ישראלי",0
"Barak","054-8898898","972548898898","972548898898@c.us","נייד ישראלי",0
"Nira","054-4504979","972544504979","972544504979@c.us","נייד ישראלי",0
"אתי גלאם","054-2070330","972542070330","972542070330@c.us","נייד ישראלי",0
"קבלאן עמאד","052-8649910","972528649910","972528649910@c.us","נייד ישראלי",0
"החיים יפים תהנו","058-5255272","972585255272","972585255272@c.us","נייד ישראלי",0
"רווה ביטון","052-4078911","972524078911","972524078911@c.us","נייד ישראלי",0
"ארבל🌻","054-5888337","972545888337","972545888337@c.us","נייד ישראלי",0
".","054-4580303","972544580303","972544580303@c.us","נייד ישראלי",0
"مهدي خضر","050-3718033","972503718033","972503718033@c.us","נייד ישראלי",0
"אילן אקוקה","054-4618209","972544618209","972544618209@c.us","נייד ישראלי",0
"Chai","052-9454882","972529454882","972529454882@c.us","נייד ישראלי",0
"elina levitan","050-9054014","972509054014","972509054014@c.us","נייד ישראלי",0
"Tori Cohen","5215554377947","5215554377947","5215554377947@c.us","בינלאומי",0
"Tali Cohen","5215520869521","5215520869521","5215520869521@c.us","בינלאומי",0
"Mor Gadasi","054-5519317","972545519317","972545519317@c.us","נייד ישראלי",0
"זוהר","052-3850902","972523850902","972523850902@c.us","נייד ישראלי",0
"מאיר אזולאי","054-7742278","972547742278","972547742278@c.us","נייד ישראלי",0
"מיכל🤍","054-9808405","972549808405","972549808405@c.us","נייד ישראלי",0
"סימה פינחסוב","050-7275126","972507275126","972507275126@c.us","נייד ישראלי",0
"Roni","054-6531057","972546531057","972546531057@c.us","נייד ישראלי",0
"robertshlab1","052-7899259","972527899259","972527899259@c.us","נייד ישראלי",0
"Ilana","050-6721600","972506721600","972506721600@c.us","נייד ישראלי",0
"Yasmin Bar","054-5575118","972545575118","972545575118@c.us","נייד ישראלי",0
"אווה לר","054-4997577","972544997577","972544997577@c.us","נייד ישראלי",0
"אילנה אברהם","053-7339773","972537339773","972537339773@c.us","נייד ישראלי",0
"יוסף לוי","052-6334131","972526334131","972526334131@c.us","נייד ישראלי",0
"שירלי","052-8024433","972528024433","972528024433@c.us","נייד ישראלי",0
"מיכל תמם","052-3879371","972523879371","972523879371@c.us","נייד ישראלי",0
"Dafna Meidan Betzalel","052-6945089","972526945089","972526945089@c.us","נייד ישראלי",0
"Shahar","054-2386515","972542386515","972542386515@c.us","נייד ישראלי",0
"Eitan","053-3305006","972533305006","972533305006@c.us","נייד ישראלי",0
"ליאור","054-4424262","972544424262","972544424262@c.us","נייד ישראלי",0
"Shelly","055-4424250","972554424250","972554424250@c.us","נייד ישראלי",0
"Ofir Eitan","054-3155046","972543155046","972543155046@c.us","נייד ישראלי",0
"Zak","058-7617488","972587617488","972587617488@c.us","נייד ישראלי",0
"דיקלה שוטה","052-5061616","972525061616","972525061616@c.us","נייד ישראלי",0
"חנה ממליה פנגס","054-4984655","972544984655","972544984655@c.us","נייד ישראלי",0
".","050-8333879","972508333879","972508333879@c.us","נייד ישראלי",0
"רחל כהן","050-6280370","972506280370","972506280370@c.us","נייד ישראלי",0
"טלי אינדיבו","052-3718340","972523718340","972523718340@c.us","נייד ישראלי",0
"Anna Khalfin","054-3565006","972543565006","972543565006@c.us","נייד ישראלי",0
"Olga♥️","050-8429088","972508429088","972508429088@c.us","נייד ישראלי",0
"Gal Shani","052-4768808","972524768808","972524768808@c.us","נייד ישראלי",0
"Dolev Buchbut","054-5363377","972545363377","972545363377@c.us","נייד ישראלי",0
"Shelly","052-5776633","972525776633","972525776633@c.us","נייד ישראלי",0
"Coral Wainstein","052-6447680","972526447680","972526447680@c.us","נייד ישראלי",0
"David Erlichman","052-8773230","972528773230","972528773230@c.us","נייד ישראלי",0
"Maya Shechter","052-7024244","972527024244","972527024244@c.us","נייד ישראלי",0
"שרונה תמם","050-4902883","972504902883","972504902883@c.us","נייד ישראלי",0
"סיגל כהן נחום","050-3010360","972503010360","972503010360@c.us","נייד ישראלי",0
"אלקובי אליזה","052-3542731","972523542731","972523542731@c.us","נייד ישראלי",0
"Meram","050-3601644","972503601644","972503601644@c.us","נייד ישראלי",0
"אלי אזולאי","054-2208007","972542208007","972542208007@c.us","נייד ישראלי",0
"אוסנת אהרון","054-6710522","972546710522","972546710522@c.us","נייד ישראלי",0
"💕tal Sol💕","052-2257785","972522257785","972522257785@c.us","נייד ישראלי",0
"Ety","052-8082071","972528082071","972528082071@c.us","נייד ישראלי",0
"אלון","052-6120940","972526120940","972526120940@c.us","נייד ישראלי",0
"בית","052-3865366","972523865366","972523865366@c.us","נייד ישראלי",0
"רחל רוזנזפט","050-6933175","972506933175","972506933175@c.us","נייד ישראלי",0
"דינה גולדשטיין","058-6243851","972586243851","972586243851@c.us","נייד ישראלי",0
"Noam Gavrieli","052-3229694","972523229694","972523229694@c.us","נייד ישראלי",0
"איציק","052-6722022","972526722022","972526722022@c.us","נייד ישראלי",0
"מורן זייץ","054-4964408","972544964408","972544964408@c.us","נייד ישראלי",0
"'Shlomi_vidas'","052-8366689","972528366689","972528366689@c.us","נייד ישראלי",0
"אושרי אבוקסיס","053-7150737","972537150737","972537150737@c.us","נייד ישראלי",0
"Ben Solzi","050-8686439","972508686439","972508686439@c.us","נייד ישראלי",0
"Katya","054-6746039","972546746039","972546746039@c.us","נייד ישראלי",0
"khnsgy351","052-4777306","972524777306","972524777306@c.us","נייד ישראלי",0
"Ruti 🍓","054-2104120","972542104120","972542104120@c.us","נייד ישראלי",0
"אירינה","054-6553529","972546553529","972546553529@c.us","נייד ישראלי",0
"Maya","050-3971411","972503971411","972503971411@c.us","נייד ישראלי",0
"אריק","054-2222580","972542222580","972542222580@c.us","נייד ישראלי",0
"אילה","058-4282800","972584282800","972584282800@c.us","נייד ישראלי",0
"😀","052-6266999","972526266999","972526266999@c.us","נייד ישראלי",0
"אייל","052-3303901","972523303901","972523303901@c.us","נייד ישראלי",0
"אמנון ארץ קדושה","054-4950666","972544950666","972544950666@c.us","נייד ישראלי",0
"Oshrat.a.mor💕","052-3366822","972523366822","972523366822@c.us","נייד ישראלי",0
"Sharon","054-7444192","972547444192","972547444192@c.us","נייד ישראלי",0
"dora","050-5222664","972505222664","972505222664@c.us","נייד ישראלי",0
"shani","050-4616934","972504616934","972504616934@c.us","נייד ישראלי",0
"סיגל","052-3993453","972523993453","972523993453@c.us","נייד ישראלי",0
"שרון טל","050-6579131","972506579131","972506579131@c.us","נייד ישראלי",0
"Maayan Slik","054-9389606","972549389606","972549389606@c.us","נייד ישראלי",0
"אליזבט","052-2919769","972522919769","972522919769@c.us","נייד ישראלי",0
"פני אוחיון","052-6503355","972526503355","972526503355@c.us","נייד ישראלי",0
"לאה בוסקילה","054-4969111","972544969111","972544969111@c.us","נייד ישראלי",0
"Sophia","052-8252221","972528252221","972528252221@c.us","נייד ישראלי",0
"עופר סופר","050-7292161","972507292161","972507292161@c.us","נייד ישראלי",0
"דורית שחר","052-8413230","972528413230","972528413230@c.us","נייד ישראלי",0
"Gidi","050-6202251","972506202251","972506202251@c.us","נייד ישראלי",0
"SIGAL BD","052-3423836","972523423836","972523423836@c.us","נייד ישראלי",0
"אבי דהן","052-6502844","972526502844","972526502844@c.us","נייד ישראלי",0
"Shay","050-2953387","972502953387","972502953387@c.us","נייד ישראלי",0
"יגאל גניש","050-2307106","972502307106","972502307106@c.us","נייד ישראלי",0
"כרמית 🙂","052-2433146","972522433146","972522433146@c.us","נייד ישראלי",0
"Ayelet Buschi","052-4079966","972524079966","972524079966@c.us","נייד ישראלי",0
"Kuki❣️","050-3757528","972503757528","972503757528@c.us","נייד ישראלי",0
"לימור זריהן","050-3248976","972503248976","972503248976@c.us","נייד ישראלי",0
"אמנון בן דוד","052-8739751","972528739751","972528739751@c.us","נייד ישראלי",0
"Dorit Klein","052-2590060","972522590060","972522590060@c.us","נייד ישראלי",0
"deboys5757","052-4688248","972524688248","972524688248@c.us","נייד ישראלי",0
"שרית","052-5943118","972525943118","972525943118@c.us","נייד ישראלי",0
"אייל אוגוסטה","052-8506012","972528506012","972528506012@c.us","נייד ישראלי",0
"אבי","050-8838003","972508838003","972508838003@c.us","נייד ישראלי",0
"צמיגי. ג'ו. חולון","052-5706599","972525706599","972525706599@c.us","נייד ישראלי",0
"hagit hason laichter","052-2564479","972522564479","972522564479@c.us","נייד ישראלי",0
"Tal Dagan","054-4771216","972544771216","972544771216@c.us","נייד ישראלי",0
"יעקב סבג","054-2197898","972542197898","972542197898@c.us","נייד ישראלי",0
"רומן","052-8641333","972528641333","972528641333@c.us","נייד ישראלי",0
"אורלי פורטל","050-5821696","972505821696","972505821696@c.us","נייד ישראלי",0
"פיטר לאוס","8618677177272","8618677177272","8618677177272@c.us","בינלאומי",0
"עמרם טיטניום","052-3298384","972523298384","972523298384@c.us","נייד ישראלי",0
"דני עטר","050-5338932","972505338932","972505338932@c.us","נייד ישראלי",0
"ד""ר איברהים יחיא","052-4209069","972524209069","972524209069@c.us","נייד ישראלי",0
"פרדס חנה","050-3132300","972503132300","972503132300@c.us","נייד ישראלי",0
"ofer aqua עופר עולם","054-8885057","972548885057","972548885057@c.us","נייד ישראלי",0
"ישראל דוניו - פטיש בראש","054-2404761","972542404761","972542404761@c.us","נייד ישראלי",0
"שירי ארדיטי","054-2645422","972542645422","972542645422@c.us","נייד ישראלי",0
"איריס מרציאנו אלברט","050-4923628","972504923628","972504923628@c.us","נייד ישראלי",0
"ארז שוורץ ICL","052-3866610","972523866610","972523866610@c.us","נייד ישראלי",0
"טוני קורן - פורטוגל","351917203461","351917203461","351917203461@c.us","בינלאומי",0
"אוליבר אנהלי","054-8198698","972548198698","972548198698@c.us","נייד ישראלי",0
"מיכאל דהן - רפרנט קנביס באגף תקציבים","054-9421234","972549421234","972549421234@c.us","נייד ישראלי",0
"בת חן פוקס","054-2255858","972542255858","972542255858@c.us","נייד ישראלי",0
"ד""ר אסא פלורנטין","054-5388018","972545388018","972545388018@c.us","נייד ישראלי",0
"עמית קידר","054-9135359","972549135359","972549135359@c.us","נייד ישראלי",0
"אורלי נ","054-3168913","972543168913","972543168913@c.us","נייד ישראלי",0
"רון שמש - מסגרות חקלאית","052-8361946","972528361946","972528361946@c.us","נייד ישראלי",0
"גיא - עופר כיבוי והצלה","050-7280669","972507280669","972507280669@c.us","נייד ישראלי",0
"רונן מנהל לישכת עבודה קרית מלאכי","050-6230742","972506230742","972506230742@c.us","נייד ישראלי",0
"שחר ארושס","052-4703783","972524703783","972524703783@c.us","נייד ישראלי",0
"מיי טובה","054-2272155","972542272155","972542272155@c.us","נייד ישראלי",0
"חמי ברקן","052-3452185","972523452185","972523452185@c.us","נייד ישראלי",0
"צביקה פוקס","050-8220927","972508220927","972508220927@c.us","נייד ישראלי",0
"בנש","054-6612525","972546612525","972546612525@c.us","נייד ישראלי",0
"Boaz Prois בֹּעַז פרויס","058-7780211","972587780211","972587780211@c.us","נייד ישראלי",0
"עו""ד דרמר","052-5482224","972525482224","972525482224@c.us","נייד ישראלי",0
"צ גיא ביתס","052-8396233","972528396233","972528396233@c.us","נייד ישראלי",0
"מעיין","054-9035530","972549035530","972549035530@c.us","נייד ישראלי",0
"נועם זיגי","052-3201645","972523201645","972523201645@c.us","נייד ישראלי",0
"מיכאל גל - תרבות מועצה","052-8902304","972528902304","972528902304@c.us","נייד ישראלי",0
"אלון שגיא גיטרות","054-4972455","972544972455","972544972455@c.us","נייד ישראלי",0
"Claire D","054-6709099","972546709099","972546709099@c.us","נייד ישראלי",0
"יריב נול","054-4207509","972544207509","972544207509@c.us","נייד ישראלי",0
"אסף המתכנה","052-5735487","972525735487","972525735487@c.us","נייד ישראלי",0
"אליק רון","050-6662313","972506662313","972506662313@c.us","נייד ישראלי",0
"אמרי קייטס - חקלאות ברקאי","050-3727460","972503727460","972503727460@c.us","נייד ישראלי",0
"שקד קליין","055-2265604","972552265604","972552265604@c.us","נייד ישראלי",0
"עו""ד חגית ווינשטוק","050-2994000","972502994000","972502994000@c.us","נייד ישראלי",0
"קרן מיכאלי יעקובוביץ","054-8058856","972548058856","972548058856@c.us","נייד ישראלי",0
"Shirelbokovza✨שיראל","054-6793200","972546793200","972546793200@c.us","נייד ישראלי",0
"אבישי תמרים","050-2253737","972502253737","972502253737@c.us","נייד ישראלי",0
"אלעד פורטל","054-6371157","972546371157","972546371157@c.us","נייד ישראלי",0
"שושי מכבידנט","050-6537958","972506537958","972506537958@c.us","נייד ישראלי",0
"שלמה דהאן","052-2971308","972522971308","972522971308@c.us","נייד ישראלי",0
"ירדן עמר קבוצת מצודה","050-7703735","972507703735","972507703735@c.us","נייד ישראלי",0
"נועה נקש - מבסוט","053-5556624","972535556624","972535556624@c.us","נייד ישראלי",0
"Omer O אונליין","052-3578412","972523578412","972523578412@c.us","נייד ישראלי",0
"גסי","054-4477439","972544477439","972544477439@c.us","נייד ישראלי",0
"ליהיא","052-6334596","972526334596","972526334596@c.us","נייד ישראלי",0
"אופיר קוניוק","054-7578765","972547578765","972547578765@c.us","נייד ישראלי",0
"צ. ניר כנען - 448","050-6795627","972506795627","972506795627@c.us","נייד ישראלי",0
"נועם הרלינג","054-6290046","972546290046","972546290046@c.us","נייד ישראלי",0
"נעה סנגיט","054-5594575","972545594575","972545594575@c.us","נייד ישראלי",0
"דליטללינקה","050-4804448","972504804448","972504804448@c.us","נייד ישראלי",0
"עומר","050-9408549","972509408549","972509408549@c.us","נייד ישראלי",0
"יובל ארז","054-4812982","972544812982","972544812982@c.us","נייד ישראלי",0
"Israel Sutton Dabbah","5491151784223","5491151784223","5491151784223@c.us","בינלאומי",0
"שביט - בית מרקחת בינימינה","052-2850401","972522850401","972522850401@c.us","נייד ישראלי",0
"קרן פטקין","052-3617676","972523617676","972523617676@c.us","נייד ישראלי",0
"דודו וענונו - כב""א","050-5184105","972505184105","972505184105@c.us","נייד ישראלי",0
"שאלתיאל שוספי","050-6844104","972506844104","972506844104@c.us","נייד ישראלי",0
"צ. אוזן רנג חטיבה 35","052-6610773","972526610773","972526610773@c.us","נייד ישראלי",0
"עידו גרוס - רמי הגמל","052-8017884","972528017884","972528017884@c.us","נייד ישראלי",0
"חופית אלרז","053-7220304","972537220304","972537220304@c.us","נייד ישראלי",0
"שומר - איציק","050-7336068","972507336068","972507336068@c.us","נייד ישראלי",0
"טל לוצקי","052-4768760","972524768760","972524768760@c.us","נייד ישראלי",0
"אלה מבסוט","052-5584056","972525584056","972525584056@c.us","נייד ישראלי",0
"מיטל ורדי","054-9194109","972549194109","972549194109@c.us","נייד ישראלי",0
"עו""ד שמעון כהן","050-6209582","972506209582","972506209582@c.us","נייד ישראלי",0
"אריאל אלון","052-6039409","972526039409","972526039409@c.us","נייד ישראלי",0
"נורית ח","052-2897003","972522897003","972522897003@c.us","נייד ישראלי",0
"תעשיות מוחמד - אחמד נהג","050-7215535","972507215535","972507215535@c.us","נייד ישראלי",0
"אייל בן כנען","052-5759484","972525759484","972525759484@c.us","נייד ישראלי",0
"ציקי - כפר גליקסון","053-7611911","972537611911","972537611911@c.us","נייד ישראלי",0
"גלעד ציטה","054-4377922","972544377922","972544377922@c.us","נייד ישראלי",0
"נויה צור שמעוני","054-4860288","972544860288","972544860288@c.us","נייד ישראלי",0
"שי פרי","052-9215215","972529215215","972529215215@c.us","נייד ישראלי",0
"רוני רחלה","052-2200222","972522200222","972522200222@c.us","נייד ישראלי",0
"אביב גורגוב","054-6343369","972546343369","972546343369@c.us","נייד ישראלי",0
"גל ויטל","052-5551230","972525551230","972525551230@c.us","נייד ישראלי",0
"גוליה ביזנס","16198692583","16198692583","16198692583@c.us","בינלאומי",0
"משה גנץ","050-5294575","972505294575","972505294575@c.us","נייד ישראלי",0
"ז'אן אבי","054-2176617","972542176617","972542176617@c.us","נייד ישראלי",0
"טל פורר","054-6544444","972546544444","972546544444@c.us","נייד ישראלי",0
"דני","054-6247297","972546247297","972546247297@c.us","נייד ישראלי",0
"עו""ד רועי פדל","050-6434060","972506434060","972506434060@c.us","נייד ישראלי",0
"אבי חסידוב - רב""ש מאור","054-6643143","972546643143","972546643143@c.us","נייד ישראלי",0
"ולדי קלינסקי - ק. קישור 36","054-2290855","972542290855","972542290855@c.us","נייד ישראלי",0
"חביב דויד","12153701300","12153701300","12153701300@c.us","בינלאומי",0
"אופיר שריד","054-7679317","972547679317","972547679317@c.us","נייד ישראלי",0
"אלי מושונוב","053-7258971","972537258971","972537258971@c.us","נייד ישראלי",0
"עו'ד רנן גרשט","054-5749779","972545749779","972545749779@c.us","נייד ישראלי",0
"זוהר - רב""ש לבון","052-6843144","972526843144","972526843144@c.us","נייד ישראלי",0
"גבי ונואטו","13104478494","13104478494","13104478494@c.us","בינלאומי",0
"רינה כנען","052-3990818","972523990818","972523990818@c.us","נייד ישראלי",0
"ערן רז","050-7546600","972507546600","972507546600@c.us","נייד ישראלי",0
"זאכי נודלמן - פורמולטור קרמים","052-8010196","972528010196","972528010196@c.us","נייד ישראלי",0
"מנשדוגס","050-4799599","972504799599","972504799599@c.us","נייד ישראלי",0
"יאיר שחר","050-8314887","972508314887","972508314887@c.us","נייד ישראלי",0
"שי סמואל","18582087822","18582087822","18582087822@c.us","בינלאומי",0
"נוי ביטון","050-4900330","972504900330","972504900330@c.us","נייד ישראלי",0
"אסף בסיג","054-8012420","972548012420","972548012420@c.us","נייד ישראלי",0
"רז אמיר מתאם צה""ל - רט""ג","050-5063003","972505063003","972505063003@c.us","נייד ישראלי",0
"ג'מבו - ג'אסר","054-8986066","972548986066","972548986066@c.us","נייד ישראלי",0
"רז היימן","050-5562519","972505562519","972505562519@c.us","נייד ישראלי",0
"רוסקוב עץ - אבי","050-6678860","972506678860","972506678860@c.us","נייד ישראלי",0
"יהודה אנקונינה - AMS אבטחה","054-4240577","972544240577","972544240577@c.us","נייד ישראלי",0
"נופר רוסבי השקעה","052-8933332","972528933332","972528933332@c.us","נייד ישראלי",0
"אורן - סביח","054-4276400","972544276400","972544276400@c.us","נייד ישראלי",0
"חמל ברקאי","052-9406022","972529406022","972529406022@c.us","נייד ישראלי",0
"ערבה המורטת","052-6756337","972526756337","972526756337@c.us","נייד ישראלי",0
"אלון קליין","050-9524448","972509524448","972509524448@c.us","נייד ישראלי",0
"דרור בן צבי","052-6818846","972526818846","972526818846@c.us","נייד ישראלי",0
"רן ביטון - נטורה","054-7877164","972547877164","972547877164@c.us","נייד ישראלי",0
"צח כהן - הנדסה מ. א. מנשה","050-8887005","972508887005","972508887005@c.us","נייד ישראלי",0
"עמירם קי","447725366707","447725366707","447725366707@c.us","בינלאומי",0
"מודי","050-5681587","972505681587","972505681587@c.us","נייד ישראלי",0
"שקד כנען - ברקאי","054-7942742","972547942742","972547942742@c.us","נייד ישראלי",0
"עטיה פרטי","201011774599","201011774599","201011774599@c.us","בינלאומי",0
"Eta Feller כלב מגעש","050-6298393","972506298393","972506298393@c.us","נייד ישראלי",0
"טנדט שחף","052-4446386","972524446386","972524446386@c.us","נייד ישראלי",0
"אבינועם הקוסם","054-4244566","972544244566","972544244566@c.us","נייד ישראלי",0
"עומר אונגר - דובר יואב קיש","050-9205333","972509205333","972509205333@c.us","נייד ישראלי",0
"רותי רוט אשת איל","052-5652524","972525652524","972525652524@c.us","נייד ישראלי",0
"נתי אוסטר","054-4690750","972544690750","972544690750@c.us","נייד ישראלי",0
"אייל ינאי","052-6633083","972526633083","972526633083@c.us","נייד ישראלי",0
"בועז טוק - עין עירון","054-5518878","972545518878","972545518878@c.us","נייד ישראלי",0
"ליהוא פיין","050-5205390","972505205390","972505205390@c.us","נייד ישראלי",0
"יעל עוזרי הכלב ג'ימי","054-7634020","972547634020","972547634020@c.us","נייד ישראלי",0
"תומר איש הובלות","050-9811422","972509811422","972509811422@c.us","נייד ישראלי",0
"עו""ד רו""ח אבי ולדמן","050-2655556","972502655556","972502655556@c.us","נייד ישראלי",0
"ארנון מלאכי","053-7404575","972537404575","972537404575@c.us","נייד ישראלי",0
"פרופ ירון זליכה","050-6909000","972506909000","972506909000@c.us","נייד ישראלי",0
"אביעד בוסי","054-8885743","972548885743","972548885743@c.us","נייד ישראלי",0
"אביבית ז'אן","050-4072006","972504072006","972504072006@c.us","נייד ישראלי",0
"עומרי רוסבי השקעה","054-8071200","972548071200","972548071200@c.us","נייד ישראלי",0
"גונן קרן","573126614528","573126614528","573126614528@c.us","בינלאומי",0
"אושרי יעקב","050-7333677","972507333677","972507333677@c.us","נייד ישראלי",0
"LEEMOR אורלי","052-5800976","972525800976","972525800976@c.us","נייד ישראלי",0
"הדר שרית איתן","050-2268081","972502268081","972502268081@c.us","נייד ישראלי",0
"אסי","050-3912347","972503912347","972503912347@c.us","נייד ישראלי",0
"DELEK דלק הרצליה","053-7707781","972537707781","972537707781@c.us","נייד ישראלי",0
"ד""ר גיל שוויד","054-9402227","972549402227","972549402227@c.us","נייד ישראלי",0
"עודד שמולביץ סמג""ד הגמ""ר מנשה","058-6350096","972586350096","972586350096@c.us","נייד ישראלי",0
"יפעת מנציק","054-7660765","972547660765","972547660765@c.us","נייד ישראלי",0
"גדי קנר","050-5683176","972505683176","972505683176@c.us","נייד ישראלי",0
"שאול קיי","052-5912679","972525912679","972525912679@c.us","נייד ישראלי",0
"צור איתמר","052-6860289","972526860289","972526860289@c.us","נייד ישראלי",0
"מתנאל - מפקד בסיס ההפעלה מתמידים","050-9620044","972509620044","972509620044@c.us","נייד ישראלי",0
"אירית דבי","054-5610060","972545610060","972545610060@c.us","נייד ישראלי",0
"משטרה - אייל זילברמן","050-6273724","972506273724","972506273724@c.us","נייד ישראלי",0
"צלם - גוסטבו","052-2902349","972522902349","972522902349@c.us","נייד ישראלי",0
"עו""ד עידו גת","054-9183792","972549183792","972549183792@c.us","נייד ישראלי",0
"רון תומר","052-3422222","972523422222","972523422222@c.us","נייד ישראלי",0
"מוחמד רפד ברטעה","050-6684586","972506684586","972506684586@c.us","נייד ישראלי",0
"אלה פרידמן","050-6500640","972506500640","972506500640@c.us","נייד ישראלי",0
"רן עמיר - קאנשור","052-2053505","972522053505","972522053505@c.us","נייד ישראלי",0
"גדי שיווק","055-6601340","972556601340","972556601340@c.us","נייד ישראלי",0
"מיקי גיצין","054-7707762","972547707762","972547707762@c.us","נייד ישראלי",0
"מיכאל תכלית סולאר","058-7875453","972587875453","972587875453@c.us","נייד ישראלי",0
"ד""ר נועם צ'כנובסקי","052-2214877","972522214877","972522214877@c.us","נייד ישראלי",0
"גלעד פרטוק מפקד תחנת זיכרון","050-6271227","972506271227","972506271227@c.us","נייד ישראלי",0
"Bill Choi","14165651116","14165651116","14165651116@c.us","בינלאומי",0
"נועם ששר","054-5688948","972545688948","972545688948@c.us","נייד ישראלי",0
"אופיר המייסדים פון","054-9277548","972549277548","972549277548@c.us","נייד ישראלי",0
"שאול לוי","050-4476212","972504476212","972504476212@c.us","נייד ישראלי",0
"מיכה חברת חפוז","052-6302020","972526302020","972526302020@c.us","נייד ישראלי",0
"רם בן ברק","050-7204222","972507204222","972507204222@c.us","נייד ישראלי",0
"רמון זלצר","054-4279696","972544279696","972544279696@c.us","נייד ישראלי",0
"איציק לואי","052-6166212","972526166212","972526166212@c.us","נייד ישראלי",0
"אורן עדיקא","054-3187222","972543187222","972543187222@c.us","נייד ישראלי",0
"צ. עידית מנהלת קהילת אבשלום","052-8370580","972528370580","972528370580@c.us","נייד ישראלי",0
"איילת וקנין","052-3679742","972523679742","972523679742@c.us","נייד ישראלי",0
"קרן טל מלכה - דלקן","050-4730007","972504730007","972504730007@c.us","נייד ישראלי",0
"צ. איזבל מרפאה מאלי","050-6393149","972506393149","972506393149@c.us","נייד ישראלי",0
"גיל האריס הטייס","053-4320635","972534320635","972534320635@c.us","נייד ישראלי",0
"Shiran שירן כלב גולדן","054-9227727","972549227727","972549227727@c.us","נייד ישראלי",0
"טל פוקס","052-3818781","972523818781","972523818781@c.us","נייד ישראלי",0
"דוקטור חכים חכים","050-5381708","972505381708","972505381708@c.us","נייד ישראלי",0
"קובי כהן","050-3101569","972503101569","972503101569@c.us","נייד ישראלי",0
"אלינור","052-6908831","972526908831","972526908831@c.us","נייד ישראלי",0
"פרץ שערים - עדנה","050-7269444","972507269444","972507269444@c.us","נייד ישראלי",0
"הונדה עקרון","054-7059444","972547059444","972547059444@c.us","נייד ישראלי",0
"אורית לפלר - בין התלמים","050-5924299","972505924299","972505924299@c.us","נייד ישראלי",0
"יניב בן עמי","050-3393032","972503393032","972503393032@c.us","נייד ישראלי",0
"קרנית ידיד","050-2846667","972502846667","972502846667@c.us","נייד ישראלי",0
"דודו יוסף - פרסום 3logi","054-7370658","972547370658","972547370658@c.us","נייד ישראלי",0
"צ. איתי סמח""ט הבקעה","050-9311224","972509311224","972509311224@c.us","נייד ישראלי",0
"ישראל ביוב מועצה","052-7458307","972527458307","972527458307@c.us","נייד ישראלי",0
"גידול - גרי","052-3946488","972523946488","972523946488@c.us","נייד ישראלי",0
"ניצן שקל","052-3578838","972523578838","972523578838@c.us","נייד ישראלי",0
"מיכאל חן","054-5961306","972545961306","972545961306@c.us","נייד ישראלי",0
"שומר עין עירון, חמודי","053-7288539","972537288539","972537288539@c.us","נייד ישראלי",0
"שאול שני","054-4818888","972544818888","972544818888@c.us","נייד ישראלי",0
"יואב בוטקובסקי","050-9421107","972509421107","972509421107@c.us","נייד ישראלי",0
"עינבר שק","052-3687400","972523687400","972523687400@c.us","נייד ישראלי",0
"נתיב","38641220268","38641220268","38641220268@c.us","בינלאומי",0
"חשמלאי מוחמד","052-5612395","972525612395","972525612395@c.us","נייד ישראלי",0
"שירין בן יעקב","054-3294295","972543294295","972543294295@c.us","נייד ישראלי",0
"ניר קנטור - התאחדות התעשיינים","050-7478805","972507478805","972507478805@c.us","נייד ישראלי",0
"רותי של אתי","050-7817233","972507817233","972507817233@c.us","נייד ישראלי",0
"צ. אלכס קוצן תא אש","054-3378714","972543378714","972543378714@c.us","נייד ישראלי",0
"צ. יוסף אגמ ילק","054-7775896","972547775896","972547775896@c.us","נייד ישראלי",0
"שובל. ווף דוג","053-5319075","972535319075","972535319075@c.us","נייד ישראלי",0
"NIKOS TAXI POROS מונית פורוס","306972116213","306972116213","306972116213@c.us","בינלאומי",0
"עידן תדיר","052-8310886","972528310886","972528310886@c.us","נייד ישראלי",0
"תאופיק עבודות עפר רבדים","053-7761612","972537761612","972537761612@c.us","נייד ישראלי",0
"ליאורה מורה רותם","052-3723178","972523723178","972523723178@c.us","נייד ישראלי",0
"צ. רותם רל""ש ניימן","050-6187478","972506187478","972506187478@c.us","נייד ישראלי",0
"אילן בלילוס - ס. ל. א","054-8884131","972548884131","972548884131@c.us","נייד ישראלי",0
"מלי בן כנען כהן","052-4677804","972524677804","972524677804@c.us","נייד ישראלי",0
"עו""ד פאדי דניאל - גרינגראו","054-3216183","972543216183","972543216183@c.us","נייד ישראלי",0
"ארז מלחי","054-8011749","972548011749","972548011749@c.us","נייד ישראלי",0
"חגית זיגי","052-3756374","972523756374","972523756374@c.us","נייד ישראלי",0
"שקד בר - קב""ט רכבת ישראל","050-7922202","972507922202","972507922202@c.us","נייד ישראלי",0
"אוסימוביץ רונן","050-6889721","972506889721","972506889721@c.us","נייד ישראלי",0
"רוברט גרואין","491723445750","491723445750","491723445750@c.us","בינלאומי",0
"יוסי כהן - מדריך טיסה","052-3658700","972523658700","972523658700@c.us","נייד ישראלי",0
"דיוד הרצקי","050-5406958","972505406958","972505406958@c.us","נייד ישראלי",0
"מחסן ברזל ברק - זהבה","054-4888627","972544888627","972544888627@c.us","נייד ישראלי",0
"סיגל - אלדן","052-5795136","972525795136","972525795136@c.us","נייד ישראלי",0
"מיכאל פוקס","050-5769742","972505769742","972505769742@c.us","נייד ישראלי",0
"זיו אושרי","050-7800000","972507800000","972507800000@c.us","נייד ישראלי",0
"Hari Seshasayeeתערוכה בקולומביה","918828448358","918828448358","918828448358@c.us","בינלאומי",0
"נעמי סחף","052-3894169","972523894169","972523894169@c.us","נייד ישראלי",0
"זיו אושרי","053-2319598","972532319598","972532319598@c.us","נייד ישראלי",0
"איילת גיבלי","054-4978034","972544978034","972544978034@c.us","נייד ישראלי",0
"איציק קדם","050-7567297","972507567297","972507567297@c.us","נייד ישראלי",0
"אלי ראוכורגר - אגודת התעופה","052-2724164","972522724164","972522724164@c.us","נייד ישראלי",0
"מוטי קב""ט תל חי","054-6780097","972546780097","972546780097@c.us","נייד ישראלי",0
"יואב גור לביא","052-7456416","972527456416","972527456416@c.us","נייד ישראלי",0
"עז","050-3667568","972503667568","972503667568@c.us","נייד ישראלי",0
"יפעת גליק - ערוץ 1","052-3050749","972523050749","972523050749@c.us","נייד ישראלי",0
"ד""ר חיים מהל","052-4703872","972524703872","972524703872@c.us","נייד ישראלי",0
"רון IMC","052-6440808","972526440808","972526440808@c.us","נייד ישראלי",0
"מיכל נידם משרד הכלכלה","053-2804441","972532804441","972532804441@c.us","נייד ישראלי",0
"נוני","054-5637987","972545637987","972545637987@c.us","נייד ישראלי",0
"הוגו גולדמן","054-6620445","972546620445","972546620445@c.us","נייד ישראלי",0
"אורן פרי - מדרסים","052-8626319","972528626319","972528626319@c.us","נייד ישראלי",0
"Ron Mor 🦄","058-5235355","972585235355","972585235355@c.us","נייד ישראלי",0
"מריאן א","052-2460090","972522460090","972522460090@c.us","נייד ישראלי",0
"איאד חאמד נהיגה מלגזה פרדיס","053-7735503","972537735503","972537735503@c.us","נייד ישראלי",0
"עו""ד רון אבישור","054-4244971","972544244971","972544244971@c.us","נייד ישראלי",0
"זיו ברגר","054-2310934","972542310934","972542310934@c.us","נייד ישראלי",0
"אורי קוצר - י. ח. ערד","054-7431302","972547431302","972547431302@c.us","נייד ישראלי",0
"עמית חסון","054-6438393","972546438393","972546438393@c.us","נייד ישראלי",0
"חגית ששר","052-8980585","972528980585","972528980585@c.us","נייד ישראלי",0
"איל קיסריה","054-7448905","972547448905","972547448905@c.us","נייד ישראלי",0
"Shay Sharabi","050-7666915","972507666915","972507666915@c.us","נייד ישראלי",0
"יובל אח","052-7056711","972527056711","972527056711@c.us","נייד ישראלי",0
"אריק מג","054-6996620","972546996620","972546996620@c.us","נייד ישראלי",0
"אדם שוסטר","054-5617888","972545617888","972545617888@c.us","נייד ישראלי",0
"מרכז רפואי וטרינרי חירום הגורים של אייל","058-7999999","972587999999","972587999999@c.us","נייד ישראלי",0
"ליאורה קבסית יואב","050-6898399","972506898399","972506898399@c.us","נייד ישראלי",0
"אנדריאה צכיה","420720440490","420720440490","420720440490@c.us","בינלאומי",0
"Henrik Sprengel","34610052693","34610052693","34610052693@c.us","בינלאומי",0
"אמילי יעלי","050-9505504","972509505504","972509505504@c.us","נייד ישראלי",0
"שלמה דרין","052-4576137","972524576137","972524576137@c.us","נייד ישראלי",0
"משה הרפז","052-2257656","972522257656","972522257656@c.us","נייד ישראלי",0
"בזק עסקים - שירות לקוחות","050-6771800","972506771800","972506771800@c.us","נייד ישראלי",0
"אבישג פרידמן","054-3330995","972543330995","972543330995@c.us","נייד ישראלי",0
"מוטי עצים להסקה","052-2990835","972522990835","972522990835@c.us","נייד ישראלי",0
"בסאם בוקעתה","050-5463988","972505463988","972505463988@c.us","נייד ישראלי",0
"תהילה הפצה","054-5589511","972545589511","972545589511@c.us","נייד ישראלי",0
"קלאודיו קולומבו - ספרקו","393480807612","393480807612","393480807612@c.us","בינלאומי",0
"אילן דויטשמן - רוקח","052-4773392","972524773392","972524773392@c.us","נייד ישראלי",0
"ארז - אבוקדו כ. פינס","052-5708064","972525708064","972525708064@c.us","נייד ישראלי",0
"גיג","052-3756089","972523756089","972523756089@c.us","נייד ישראלי",0
"אלון כפר נטר","054-4336767","972544336767","972544336767@c.us","נייד ישראלי",0
"נטע פישביין","058-6005656","972586005656","972586005656@c.us","נייד ישראלי",0
"נור מסרי - מורה לערבית","052-8576252","972528576252","972528576252@c.us","נייד ישראלי",0
"רונית שדה יועצים","054-2277887","972542277887","972542277887@c.us","נייד ישראלי",0
"גורדון טלי","050-8220931","972508220931","972508220931@c.us","נייד ישראלי",0
"אביטל גבע - חממה","052-5523509","972525523509","972525523509@c.us","נייד ישראלי",0
"אביתר -מומחה בולמים","050-8694407","972508694407","972508694407@c.us","נייד ישראלי",0
"ענבר גן","050-6454416","972506454416","972506454416@c.us","נייד ישראלי",0
"תומר רזניק","052-5532032","972525532032","972525532032@c.us","נייד ישראלי",0
"אשר גנץ","054-5985090","972545985090","972545985090@c.us","נייד ישראלי",0
"חוסם מצוורה - מחפרון","050-6551650","972506551650","972506551650@c.us","נייד ישראלי",0
"עינת זהבי קנדוק מכירות","050-5678099","972505678099","972505678099@c.us","נייד ישראלי",0
"ענת בר שלום","054-6264234","972546264234","972546264234@c.us","נייד ישראלי",0
"אלון שניידרמן - טלאפארמה","055-8805589","972558805589","972558805589@c.us","נייד ישראלי",0
"תלתן - סולארגרין","054-5811828","972545811828","972545811828@c.us","נייד ישראלי",0
"עליזה. הכלב באדי אוסטרלי","050-8679735","972508679735","972508679735@c.us","נייד ישראלי",0
"פרוטרי - אלכוהול אורטל","052-3912616","972523912616","972523912616@c.us","נייד ישראלי",0
"ברוך בית מרקחת הרצליה","052-4732456","972524732456","972524732456@c.us","נייד ישראלי",0
"חגי פלמר - מנכ""ל המועצה","054-6699361","972546699361","972546699361@c.us","נייד ישראלי",0
"תאיר מדב""ית עין עירון","050-6757159","972506757159","972506757159@c.us","נייד ישראלי",0
"ריקרדו דוד","052-5557373","972525557373","972525557373@c.us","נייד ישראלי",0
"ליבי קובה - מקעקעת","055-5587827","972555587827","972555587827@c.us","נייד ישראלי",0
"מירים אורן - פרטי","052-4297854","972524297854","972524297854@c.us","נייד ישראלי",0
"Web Bartrom","16504540782","16504540782","16504540782@c.us","בינלאומי",0
"ערן טרקטור","050-5319627","972505319627","972505319627@c.us","נייד ישראלי",0
"אבי אלירן","054-5331333","972545331333","972545331333@c.us","נייד ישראלי",0
"גיא ברק","054-6820808","972546820808","972546820808@c.us","נייד ישראלי",0
"חאלד מזגנים","050-2133453","972502133453","972502133453@c.us","נייד ישראלי",0
"אור זוארץ","054-5482136","972545482136","972545482136@c.us","נייד ישראלי",0
"שמעון איטונג","052-4661444","972524661444","972524661444@c.us","נייד ישראלי",0
"אלי שיט","054-4833387","972544833387","972544833387@c.us","נייד ישראלי",0
"Gal Tuttenhouer","052-8281738","972528281738","972528281738@c.us","נייד ישראלי",0
"עידן Lionwheel","050-6845302","972506845302","972506845302@c.us","נייד ישראלי",0
"צ. עוז ברוך","053-6476458","972536476458","972536476458@c.us","נייד ישראלי",0
"יהב בלייכר - פורמולטור","054-9399495","972549399495","972549399495@c.us","נייד ישראלי",0
"עו""ד ליאור שמואל","052-6981064","972526981064","972526981064@c.us","נייד ישראלי",0
"תומר רל""ש רמטכל","050-7788084","972507788084","972507788084@c.us","נייד ישראלי",0
"דוד בוגנים - מלגאי סיירת","054-3968287","972543968287","972543968287@c.us","נייד ישראלי",0
"איתן שאיפה","054-3400585","972543400585","972543400585@c.us","נייד ישראלי",0
"שניר דבורה","050-2004518","972502004518","972502004518@c.us","נייד ישראלי",0
"נפנדו - ממשק חברת החשמל","098600500","97298600500","97298600500@c.us","קווי ישראלי",0
"יובל בראס מוסך מצר","052-4399002","972524399002","972524399002@c.us","נייד ישראלי",0
"אוסי - קדש ברנע","054-2200313","972542200313","972542200313@c.us","נייד ישראלי",0
"סלוובה - מוטו דיפו","054-4988470","972544988470","972544988470@c.us","נייד ישראלי",0
"יקל""ר - אפרו רודריגו פיקוד העורף","055-6661705","972556661705","972556661705@c.us","נייד ישראלי",0
"ויקי קדישי","052-5080111","972525080111","972525080111@c.us","נייד ישראלי",0
"בית בסנט גאורגיוס קוסטאס","306956336522","306956336522","306956336522@c.us","בינלאומי",0
"עזרא מאיר סלא","054-8884621","972548884621","972548884621@c.us","נייד ישראלי",0
"טל לביא","050-6242985","972506242985","972506242985@c.us","נייד ישראלי",0
"איקומרס","052-5732531","972525732531","972525732531@c.us","נייד ישראלי",0
"חניה בנתב""ג","033850893","97233850893","97233850893@c.us","קווי ישראלי",0
"אילן בן דב","052-6595027","972526595027","972526595027@c.us","נייד ישראלי",0
"צ מור עוזיאל","052-8942575","972528942575","972528942575@c.us","נייד ישראלי",0
"ניר חיות - סולר","058-7404048","972587404048","972587404048@c.us","נייד ישראלי",0
"ורד אחו","052-4822563","972524822563","972524822563@c.us","נייד ישראלי",0
"אופרה אסף","050-5525265","972505525265","972505525265@c.us","נייד ישראלי",0
"Nitai צאו צאו","052-3333380","972523333380","972523333380@c.us","נייד ישראלי",0
"רון שמעוני","050-8220557","972508220557","972508220557@c.us","נייד ישראלי",0
"עמית אב","050-7466343","972507466343","972507466343@c.us","נייד ישראלי",0
"ברק אומגה","052-5450805","972525450805","972525450805@c.us","נייד ישראלי",0
"זוהר גב","4524910440","4524910440","4524910440@c.us","בינלאומי",0
"מיכאל בן קנדוק","054-6840020","972546840020","972546840020@c.us","נייד ישראלי",0
"רועי רשף","054-4677778","972544677778","972544677778@c.us","נייד ישראלי",0
"סיגל חנה","054-5376833","972545376833","972545376833@c.us","נייד ישראלי",0
"טולי מכוניות אודי","054-2270343","972542270343","972542270343@c.us","נייד ישראלי",0
"אביתר ליבוביץ","054-3007411","972543007411","972543007411@c.us","נייד ישראלי",0
"אבי רייק","054-6944496","972546944496","972546944496@c.us","נייד ישראלי",0
"מושון1","052-3795427","972523795427","972523795427@c.us","נייד ישראלי",0
"moran מורן גרינמד","054-6988969","972546988969","972546988969@c.us","נייד ישראלי",0
"מיכל כהן","052-3666567","972523666567","972523666567@c.us","נייד ישראלי",0
"שור פתרונות ברזנט","053-4519911","972534519911","972534519911@c.us","נייד ישראלי",0
"תמר רסלר - UPS","050-6890164","972506890164","972506890164@c.us","נייד ישראלי",0
"ליאת הק","054-6266405","972546266405","972546266405@c.us","נייד ישראלי",0
"ד""ר מטי צרפתי-הרכבי","054-5656318","972545656318","972545656318@c.us","נייד ישראלי",0
"הפול אום אל פאחם","052-7993772","972527993772","972527993772@c.us","נייד ישראלי",0
"שימי - חשמלאי רכב נייד","052-2627780","972522627780","972522627780@c.us","נייד ישראלי",0
"לוקאס Roeth","34689460395","34689460395","34689460395@c.us","בינלאומי",0
"אינ'ז לאמגו","351966828141","351966828141","351966828141@c.us","בינלאומי",0
"מיכל - סוכנות פרג","053-7361278","972537361278","972537361278@c.us","נייד ישראלי",0
"קילא למפנר","058-7258444","972587258444","972587258444@c.us","נייד ישראלי",0
"כחול לבן בריכות","054-5978090","972545978090","972545978090@c.us","נייד ישראלי",0
"אלכס בית מרים","054-7898049","972547898049","972547898049@c.us","נייד ישראלי",0
"סאמר - קבלן","058-7798833","972587798833","972587798833@c.us","נייד ישראלי",0
"סלעית פרידמן","054-6940001","972546940001","972546940001@c.us","נייד ישראלי",0
"מתן - קייטרינג אלמה","050-7733726","972507733726","972507733726@c.us","נייד ישראלי",0
"אורי אליהו","052-2361039","972522361039","972522361039@c.us","נייד ישראלי",0
"סועד","050-5944467","972505944467","972505944467@c.us","נייד ישראלי",0
"מעיין וייסברג","054-4726510","972544726510","972544726510@c.us","נייד ישראלי",0
"שי מנהל פקח חוף חדרה","052-6565466","972526565466","972526565466@c.us","נייד ישראלי",0
"אלון בן יהודה יהודה","053-8509017","972538509017","972538509017@c.us","נייד ישראלי",0
"נטע זוטה","050-3101054","972503101054","972503101054@c.us","נייד ישראלי",0
"ליאת בני","052-2497217","972522497217","972522497217@c.us","נייד ישראלי",0
"צ. ניר איילון ממ 1","054-4978003","972544978003","972544978003@c.us","נייד ישראלי",0
"ישגב מפקד תורן","054-8184964","972548184964","972548184964@c.us","נייד ישראלי",0
"רחלי שוכרת דיטל","052-3160536","972523160536","972523160536@c.us","נייד ישראלי",0
"אודי שצקי","054-6531093","972546531093","972546531093@c.us","נייד ישראלי",0
"עידן בלימבורן","054-5790535","972545790535","972545790535@c.us","נייד ישראלי",0
"אחישי גל","052-2684684","972522684684","972522684684@c.us","נייד ישראלי",0
"יערה שלי","054-3410221","972543410221","972543410221@c.us","נייד ישראלי",0
"אבי - רב""ש ברקאי","050-7839559","972507839559","972507839559@c.us","נייד ישראלי",0
"מור שגב - מנהלת משאבי אנוש","054-5729881","972545729881","972545729881@c.us","נייד ישראלי",0
"צ רועי זיכרוני","050-8431402","972508431402","972508431402@c.us","נייד ישראלי",0
"גודי פרגוואי","053-3385102","972533385102","972533385102@c.us","נייד ישראלי",0
"רותם כלבים","052-2762276","972522762276","972522762276@c.us","נייד ישראלי",0
"אנטון - יאכטה איה נפה","054-2993918","972542993918","972542993918@c.us","נייד ישראלי",0
"יניב ערבה","052-4844920","972524844920","972524844920@c.us","נייד ישראלי",0
"שבתאי כהן","054-6699852","972546699852","972546699852@c.us","נייד ישראלי",0
"יחזקאל קליין - שדה בר","052-5255707","972525255707","972525255707@c.us","נייד ישראלי",0
"איתי מוטורס","053-3540403","972533540403","972533540403@c.us","נייד ישראלי",0
"קרןבר","054-4345393","972544345393","972544345393@c.us","נייד ישראלי",0
"ריקי שמיר יק""ר","050-6242002","972506242002","972506242002@c.us","נייד ישראלי",0
"יפתח רכז נוער","050-7748071","972507748071","972507748071@c.us","נייד ישראלי",0
"נעמה פרנקל ענתבי","053-4728371","972534728371","972534728371@c.us","נייד ישראלי",0
"אמיר לבנון המנטור","050-4443385","972504443385","972504443385@c.us","נייד ישראלי",0
"דדו בר כליפא מאוג 36","052-9244484","972529244484","972529244484@c.us","נייד ישראלי",0
"גילעד הס עין עירון","052-3240261","972523240261","972523240261@c.us","נייד ישראלי",0
"Rbnb Berlin. Fanoocy Marcus","491731942108","491731942108","491731942108@c.us","בינלאומי",0
"גדעון ארמן - יועץ ביטוח","054-6517017","972546517017","972546517017@c.us","נייד ישראלי",0
"עו""ד לימור טרסי","054-8098451","972548098451","972548098451@c.us","נייד ישראלי",0
"ד״ר איתי גלילי","052-4080116","972524080116","972524080116@c.us","נייד ישראלי",0
"טל איסתא","054-4799710","972544799710","972544799710@c.us","נייד ישראלי",0
"נעמי כץ של שי ועינת","055-6875325","972556875325","972556875325@c.us","נייד ישראלי",0
"צ. עידו ברניה - קמן זי""ס","054-9240532","972549240532","972549240532@c.us","נייד ישראלי",0
"צ. מקסים מנהל עבודה חימוש כתקל","054-7663815","972547663815","972547663815@c.us","נייד ישראלי",0
"שרון קרפ צ.","050-2882265","972502882265","972502882265@c.us","נייד ישראלי",0
"ניר פלס - קאנשור","054-2348557","972542348557","972542348557@c.us","נייד ישראלי",0
"בועז הירשברג","13022903312","13022903312","13022903312@c.us","בינלאומי",0
"אלי בן חיים - יערן קק""ל","050-5423784","972505423784","972505423784@c.us","נייד ישראלי",0
"נאוה חיימסון - מגייסת","052-8750660","972528750660","972528750660@c.us","נייד ישראלי",0
"Oren Leiboviz","054-4383283","972544383283","972544383283@c.us","נייד ישראלי",0
"מיקי אורן","052-2269383","972522269383","972522269383@c.us","נייד ישראלי",0
"מינה בלום","054-7930005","972547930005","972547930005@c.us","נייד ישראלי",0
"אורית - בסט קרטון","054-4428080","972544428080","972544428080@c.us","נייד ישראלי",0
"Virginie בתיה/רפאל באונטי","054-4842986","972544842986","972544842986@c.us","נייד ישראלי",0
"עליזה גרינבאום","054-8882810","972548882810","972548882810@c.us","נייד ישראלי",0
"אייל דביר - להבות חביבה","052-7240009","972527240009","972527240009@c.us","נייד ישראלי",0
"יגאל בוגאטי","19548156307","19548156307","19548156307@c.us","בינלאומי",0
"אלעד שוטר מג""ב","050-9080194","972509080194","972509080194@c.us","נייד ישראלי",0
"חני ברצלונה","34618868641","34618868641","34618868641@c.us","בינלאומי",0
"צ. יניב שפיץ","054-3120178","972543120178","972543120178@c.us","נייד ישראלי",0
"דויד ולוסיה בלה","054-9252290","972549252290","972549252290@c.us","נייד ישראלי",0
"אלעד הוכברג","052-6432530","972526432530","972526432530@c.us","נייד ישראלי",0
"יורי של ינאי","054-6335436","972546335436","972546335436@c.us","נייד ישראלי",0
"סיגלראס","052-8700135","972528700135","972528700135@c.us","נייד ישראלי",0
"ענת דרור","050-7559582","972507559582","972507559582@c.us","נייד ישראלי",0
"מנחם קופ - מתקני גידול","052-3465465","972523465465","972523465465@c.us","נייד ישראלי",0
"מיכה שטראוס","050-6557941","972506557941","972506557941@c.us","נייד ישראלי",0
"צ׳יבי נעמן - מדריך טיסה","054-4985657","972544985657","972544985657@c.us","נייד ישראלי",0
"מורן מורדוך - אירועים","050-2028636","972502028636","972502028636@c.us","נייד ישראלי",0
"נעה ברק","052-5571337","972525571337","972525571337@c.us","נייד ישראלי",0
"דודי @","054-6996771","972546996771","972546996771@c.us","נייד ישראלי",0
"דביר מנהל תפעול פארק קיסריה","053-3307363","972533307363","972533307363@c.us","נייד ישראלי",0
"צ. יגאל ע מג""ד","052-3888204","972523888204","972523888204@c.us","נייד ישראלי",0
"ליטל - תעשיה אווירית","050-4697037","972504697037","972504697037@c.us","נייד ישראלי",0
"אילקה - טכנאי שער","050-9922630","972509922630","972509922630@c.us","נייד ישראלי",0
"סאן אזולאי - ג'אסט פליי","052-6063163","972526063163","972526063163@c.us","נייד ישראלי",0
"Bursa4u - ינון אריאלי","055-3051608","972553051608","972553051608@c.us","נייד ישראלי",0
"רבאב נאסר","054-9933186","972549933186","972549933186@c.us","נייד ישראלי",0
"מתמידים - מימון חמזה","050-6270607","972506270607","972506270607@c.us","נייד ישראלי",0
"אורי עפ","050-4516050","972504516050","972504516050@c.us","נייד ישראלי",0
"יהודה קנדל","050-5960164","972505960164","972505960164@c.us","נייד ישראלי",0
"בדו","052-3756001","972523756001","972523756001@c.us","נייד ישראלי",0
"ערן רייס","054-4950609","972544950609","972544950609@c.us","נייד ישראלי",0
"גיא שבתאי חשמלאי החורש","052-5463737","972525463737","972525463737@c.us","נייד ישראלי",0
"גבי מסוקים","054-6500404","972546500404","972546500404@c.us","נייד ישראלי",0
"עבדללה מסאוורה - מנהל נפת חדרה רשות העתיקות","052-4284831","972524284831","972524284831@c.us","נייד ישראלי",0
"ורד בן מאיר - דהבן","050-5533463","972505533463","972505533463@c.us","נייד ישראלי",0
"אביגייל - אוטיזים","054-4341012","972544341012","972544341012@c.us","נייד ישראלי",0
"פריגל","052-2852030","972522852030","972522852030@c.us","נייד ישראלי",0
"Mayaעין עירון","054-2471087","972542471087","972542471087@c.us","נייד ישראלי",0
"אבי מצליח","055-5697999","972555697999","972555697999@c.us","נייד ישראלי",0
"רינו צרור - עין עירון","052-4318275","972524318275","972524318275@c.us","נייד ישראלי",0
"דניאל קומפורטי - מהנדס בדק בית","050-2921604","972502921604","972502921604@c.us","נייד ישראלי",0
"שטיפת מערכת סולארית -כפיר","050-8990063","972508990063","972508990063@c.us","נייד ישראלי",0
"אוהד עמית","052-2695140","972522695140","972522695140@c.us","נייד ישראלי",0
"Avri Gilad","050-2222255","972502222255","972502222255@c.us","נייד ישראלי",0
"עו""ד ארנון מיינפלד","054-6660009","972546660009","972546660009@c.us","נייד ישראלי",0
"מלאני פירות טעימים","050-2245531","972502245531","972502245531@c.us","נייד ישראלי",0
"בועז אלבו","058-4430996","972584430996","972584430996@c.us","נייד ישראלי",0
"צ. גיורא סניפר רחפנים","054-4826655","972544826655","972544826655@c.us","נייד ישראלי",0
"אלעד מזרחי - UPS","050-2186224","972502186224","972502186224@c.us","נייד ישראלי",0
"תמיר אפריק","054-4589730","972544589730","972544589730@c.us","נייד ישראלי",0
"צביקה כנוניץ","050-5271420","972505271420","972505271420@c.us","נייד ישראלי",0
"אנה סברדלוב - אבטחת איכות בקטוכם","050-8150923","972508150923","972508150923@c.us","נייד ישראלי",0
"Eric The Great Hso","13233132430","13233132430","13233132430@c.us","בינלאומי",0
"דנה פת","052-3351601","972523351601","972523351601@c.us","נייד ישראלי",0
"אתי של רותי","052-2246668","972522246668","972522246668@c.us","נייד ישראלי",0
"סני קונקטויזן","054-2585544","972542585544","972542585544@c.us","נייד ישראלי",0
"איריס סמסון","054-7500981","972547500981","972547500981@c.us","נייד ישראלי",0
"אופיר ל","054-3334146","972543334146","972543334146@c.us","נייד ישראלי",0
"אדם ווקסלר - מדריך גלשן","054-5305210","972545305210","972545305210@c.us","נייד ישראלי",0
"דיאוגו קבלן חקלאות - פורטוגל","351918152981","351918152981","351918152981@c.us","בינלאומי",0
"אלמוג - גנן","050-5763853","972505763853","972505763853@c.us","נייד ישראלי",0
"Yovel Raz","053-5325010","972535325010","972535325010@c.us","נייד ישראלי",0
"צ עופר שמרלינג","053-3033755","972533033755","972533033755@c.us","נייד ישראלי",0
"שרון -סוכנת נסיעות","050-7958401","972507958401","972507958401@c.us","נייד ישראלי",0
"שרון קנאביס","050-7538087","972507538087","972507538087@c.us","נייד ישראלי",0
"סטיב שומכאר - כלכליסט","052-5558262","972525558262","972525558262@c.us","נייד ישראלי",0
"מוטי פיש","050-2278234","972502278234","972502278234@c.us","נייד ישראלי",0
"אסתי","054-2014854","972542014854","972542014854@c.us","נייד ישראלי",0
"לילוש ספיר","050-8292891","972508292891","972508292891@c.us","נייד ישראלי",0
"Bmyguest","052-4515463","972524515463","972524515463@c.us","נייד ישראלי",0
"פרופ איתמר גרוטו","050-6242078","972506242078","972506242078@c.us","נייד ישראלי",0
"iTaxi מוניות קפריסין Cyprus","35796691004","35796691004","35796691004@c.us","בינלאומי",0
"וקנין אלברטו - מסוק","050-7497245","972507497245","972507497245@c.us","נייד ישראלי",0
"אורלי פינטו","50766125620","50766125620","50766125620@c.us","בינלאומי",0
"Sofia Rimskikh","052-3200549","972523200549","972523200549@c.us","נייד ישראלי",0
"לאה פז","050-7655200","972507655200","972507655200@c.us","נייד ישראלי",0
"אלן וייצמן - קאנעדן","058-7784821","972587784821","972587784821@c.us","נייד ישראלי",0
"הרצל גושן - רב""ש גן שומרון","053-2296949","972532296949","972532296949@c.us","נייד ישראלי",0
"פואד סאפורי","054-8773666","972548773666","972548773666@c.us","נייד ישראלי",0
"יורם ישרים","050-2967779","972502967779","972502967779@c.us","נייד ישראלי",0
"דניאל מולא - רב""ש כישור","052-7840224","972527840224","972527840224@c.us","נייד ישראלי",0
"Tslil shmaya ❤️ טלפארמה","050-7797744","972507797744","972507797744@c.us","נייד ישראלי",0
"יעל ריין","052-6220017","972526220017","972526220017@c.us","נייד ישראלי",0
"חגית שירה- מ. א. יואב","050-6007443","972506007443","972506007443@c.us","נייד ישראלי",0
"יונתן הוד - משטחי מערכת","054-7751544","972547751544","972547751544@c.us","נייד ישראלי",0
"אבישג וכולם","054-7501253","972547501253","972547501253@c.us","נייד ישראלי",0
"קלאודיו ברברו - CH77","393487117942","393487117942","393487117942@c.us","בינלאומי",0
"פרידמן רמי","050-5455200","972505455200","972505455200@c.us","נייד ישראלי",0
"פוקס גל","050-8220926","972508220926","972508220926@c.us","נייד ישראלי",0
"גיא אופיר - רומניה","052-5051505","972525051505","972525051505@c.us","נייד ישראלי",0
"חגי הבנאי","050-8443161","972508443161","972508443161@c.us","נייד ישראלי",0
"יצחק גולשטיין","058-6646602","972586646602","972586646602@c.us","נייד ישראלי",0
"ארז מור - חכ""ל תנועת המושבים","054-5883093","972545883093","972545883093@c.us","נייד ישראלי",0
"שי מאיר","050-2050923","972502050923","972502050923@c.us","נייד ישראלי",0
"ניק - Hellas Digital","306977087448","306977087448","306977087448@c.us","בינלאומי",0
"שלומי סנדק","052-6585330","972526585330","972526585330@c.us","נייד ישראלי",0
"לידיה מיקנעם","050-9622629","972509622629","972509622629@c.us","נייד ישראלי",0
"קובי שבתאי","050-7435625","972507435625","972507435625@c.us","נייד ישראלי",0
"אלדד להב","052-9200942","972529200942","972529200942@c.us","נייד ישראלי",0
"הדר וטורי","052-9573357","972529573357","972529573357@c.us","נייד ישראלי",0
"בושרא - פלסטי סיטי","052-4288668","972524288668","972524288668@c.us","נייד ישראלי",0
"חמי - מריו סנטר מדרסים","058-6528546","972586528546","972586528546@c.us","נייד ישראלי",0
"יעקב שלמה","052-4070555","972524070555","972524070555@c.us","נייד ישראלי",0
"דרור בוטנרו - כנען","054-4449802","972544449802","972544449802@c.us","נייד ישראלי",0
"באיירס מיבר - ראסקאל דרא""פ","27834590142","27834590142","27834590142@c.us","בינלאומי",0
"צ. גלעד שריקי מח""ט 417","052-9436624","972529436624","972529436624@c.us","נייד ישראלי",0
"חנה - איגוד לשכות המסחר","054-2398397","972542398397","972542398397@c.us","נייד ישראלי",0
"אריאל קורסה","052-9251214","972529251214","972529251214@c.us","נייד ישראלי",0
"רונית גביש","050-4050173","972504050173","972504050173@c.us","נייד ישראלי",0
"ערן סלומון התגוננות רחפנים","050-6274586","972506274586","972506274586@c.us","נייד ישראלי",0
"רקפת הג׳ינג׳ית","052-2584330","972522584330","972522584330@c.us","נייד ישראלי",0
"רן אויר","052-4292625","972524292625","972524292625@c.us","נייד ישראלי",0
"אסף בזילביץ","050-4447655","972504447655","972504447655@c.us","נייד ישראלי",0
"משה וסרמן","052-4848755","972524848755","972524848755@c.us","נייד ישראלי",0
"עופר דאובר","054-3409090","972543409090","972543409090@c.us","נייד ישראלי",0
"Amin אמין שאהין Shahin","052-5551418","972525551418","972525551418@c.us","נייד ישראלי",0
"‏‪+972 52-664-2235‬‏","052-6642235","972526642235","972526642235@c.us","נייד ישראלי",0
"שי סאפר","052-3366085","972523366085","972523366085@c.us","נייד ישראלי",0
"גלעד מינץ","050-7431863","972507431863","972507431863@c.us","נייד ישראלי",0
"ליידור לברדור","053-8216370","972538216370","972538216370@c.us","נייד ישראלי",0
"איציק מזרחי אקטליון","054-3372112","972543372112","972543372112@c.us","נייד ישראלי",0
"תומר צימרמן","050-7222480","972507222480","972507222480@c.us","נייד ישראלי",0
"שיר שמיר","058-5680360","972585680360","972585680360@c.us","נייד ישראלי",0
"טל קולומב","052-6565508","972526565508","972526565508@c.us","נייד ישראלי",0
"עופר גר","050-8645550","972508645550","972508645550@c.us","נייד ישראלי",0
"גבי קראוס - גיוס","050-6546494","972506546494","972506546494@c.us","נייד ישראלי",0
"אלדד רפופורט","054-6668960","972546668960","972546668960@c.us","נייד ישראלי",0
"עופר גלילי","054-9997927","972549997927","972549997927@c.us","נייד ישראלי",0
"כרמי טלקאן","054-4202300","972544202300","972544202300@c.us","נייד ישראלי",0
"עופר מחשבים","052-3756345","972523756345","972523756345@c.us","נייד ישראלי",0
"איה כוכבי","052-4323193","972524323193","972524323193@c.us","נייד ישראלי",0
"מיטל בן כנען","052-5759483","972525759483","972525759483@c.us","נייד ישראלי",0
"פרופסור איתמר רז מרפאה","050-4712056","972504712056","972504712056@c.us","נייד ישראלי",0
"דורית ויטרינה","052-3112127","972523112127","972523112127@c.us","נייד ישראלי",0
"SAעו״ד נוטריון","054-2252902","972542252902","972542252902@c.us","נייד ישראלי",0
"שרה גבעת נילי","052-9618825","972529618825","972529618825@c.us","נייד ישראלי",0
"עינת מקוב","050-2022212","972502022212","972502022212@c.us","נייד ישראלי",0
"יובל פינקלשטיין - המד""ב","052-6268310","972526268310","972526268310@c.us","נייד ישראלי",0
"אריאל דור - אורגוואי","050-6783218","972506783218","972506783218@c.us","נייד ישראלי",0
"עופר הרפז","054-4921226","972544921226","972544921226@c.us","נייד ישראלי",0
"נטלי רות לוי לוק בן דהאן","054-7545511","972547545511","972547545511@c.us","נייד ישראלי",0
"מור שטיין ביטחון קהילתי","050-3870335","972503870335","972503870335@c.us","נייד ישראלי",0
"רמי סמסון","052-3631029","972523631029","972523631029@c.us","נייד ישראלי",0
"דיונה קטנה","201001169037","201001169037","201001169037@c.us","בינלאומי",0
"Ben Yellin Proffesor Cannabis","054-4296138","972544296138","972544296138@c.us","נייד ישראלי",0
"לימור תאומים IMP","054-4856004","972544856004","972544856004@c.us","נייד ישראלי",0
"זאב לביא - האגף לקשרים בינלאומיים","054-5454010","972545454010","972545454010@c.us","נייד ישראלי",0
"דנה מאיר","052-4438086","972524438086","972524438086@c.us","נייד ישראלי",0
"תמר עבהאל","050-5883473","972505883473","972505883473@c.us","נייד ישראלי",0
"ארז גד""ש שדות ים","052-8795385","972528795385","972528795385@c.us","נייד ישראלי",0
"צחי אלאלוף - צייד","050-3321069","972503321069","972503321069@c.us","נייד ישראלי",0
"עמית תוכנת ניווט אווירית","053-3500951","972533500951","972533500951@c.us","נייד ישראלי",0
"ולרי טריכומה","054-8114614","972548114614","972548114614@c.us","נייד ישראלי",0
"זוהרה - ב. נ. שיווק","050-9371090","972509371090","972509371090@c.us","נייד ישראלי",0
"גיל דור חי","054-4975842","972544975842","972544975842@c.us","נייד ישראלי",0
"ח""כ עמיר פרץ","050-5644611","972505644611","972505644611@c.us","נייד ישראלי",0
"אבירם אורנג","054-4813716","972544813716","972544813716@c.us","נייד ישראלי",0
"גיא קפלן עין חצבה","052-3666607","972523666607","972523666607@c.us","נייד ישראלי",0
"שריי וייצמן QA","054-8887460","972548887460","972548887460@c.us","נייד ישראלי",0
"מושיק ביבי","052-2505565","972522505565","972522505565@c.us","נייד ישראלי",0
"סבא הנכון","420604539689","420604539689","420604539689@c.us","בינלאומי",0
"אתי כפרה","050-4240925","972504240925","972504240925@c.us","נייד ישראלי",0
"יוני נבו","055-8836868","972558836868","972558836868@c.us","נייד ישראלי",0
"עו""ד דוד זהבי","054-4490440","972544490440","972544490440@c.us","נייד ישראלי",0
"רונית פסטרנק","052-3864536","972523864536","972523864536@c.us","נייד ישראלי",0
"אילנית - כימוטל","054-8879992","972548879992","972548879992@c.us","נייד ישראלי",0
"גן שדה ומשק -אלי","052-5628087","972525628087","972525628087@c.us","נייד ישראלי",0
"שגיא נחומין","054-4337337","972544337337","972544337337@c.us","נייד ישראלי",0
"עמי בורגתא","050-5365365","972505365365","972505365365@c.us","נייד ישראלי",0
"ניר גירון","055-6652903","972556652903","972556652903@c.us","נייד ישראלי",0
"ג'ואל","052-8247135","972528247135","972528247135@c.us","נייד ישראלי",0
"יובל שרף חדש","18643411845","18643411845","18643411845@c.us","בינלאומי",0
"מלודי ציון","054-6790804","972546790804","972546790804@c.us","נייד ישראלי",0
"איתמר הדברה","050-7666615","972507666615","972507666615@c.us","נייד ישראלי",0
"אורן הלמן","054-6092000","972546092000","972546092000@c.us","נייד ישראלי",0
"Powerads.ai","053-5354499","972535354499","972535354499@c.us","נייד ישראלי",0
"אורי עמית - ניתוח תמונות","054-9797712","972549797712","972549797712@c.us","נייד ישראלי",0
"עומר מנהלי - כימוטל","054-4813377","972544813377","972544813377@c.us","נייד ישראלי",0
"חדוה חלילי","052-5689952","972525689952","972525689952@c.us","נייד ישראלי",0
"ערן מזוז -מת""ח זיכרון","050-6270242","972506270242","972506270242@c.us","נייד ישראלי",0
"חמ""ל היפו","052-3425970","972523425970","972523425970@c.us","נייד ישראלי",0
"Roni Frenkel","054-6654244","972546654244","972546654244@c.us","נייד ישראלי",0
"דגים - אלכס אקווריום","050-7767664","972507767664","972507767664@c.us","נייד ישראלי",0
"ילנה סיני","053-6278348","972536278348","972536278348@c.us","נייד ישראלי",0
"קרן שי","052-3064912","972523064912","972523064912@c.us","נייד ישראלי",0
"אתגר טכנאי מחשב","054-5368629","972545368629","972545368629@c.us","נייד ישראלי",0
"עו""ד דני גרינברג","050-7332770","972507332770","972507332770@c.us","נייד ישראלי",0
"אנסטסיה - כימוטל","054-6397444","972546397444","972546397444@c.us","נייד ישראלי",0
"אלעד סתיו","050-7517529","972507517529","972507517529@c.us","נייד ישראלי",0
"לומיר הנוש","054-6247343","972546247343","972546247343@c.us","נייד ישראלי",0
"אנדראה - אוסטריה","4369917313233","4369917313233","4369917313233@c.us","בינלאומי",0
"נדב בירנברג","050-2255051","972502255051","972502255051@c.us","נייד ישראלי",0
"אמיר מדינה - משרד הכלכלה","050-6290100","972506290100","972506290100@c.us","נייד ישראלי",0
"אייבי מוזס - RT","050-5205188","972505205188","972505205188@c.us","נייד ישראלי",0
"פרופ׳ איתמר רז","050-7874066","972507874066","972507874066@c.us","נייד ישראלי",0
"חמדה גלט פבריקנט - ביטוח אספנות","054-3311497","972543311497","972543311497@c.us","נייד ישראלי",0
"תאופיק אמת ניקוי בחול","053-5206507","972535206507","972535206507@c.us","נייד ישראלי",0
"יוספה ספרד","34678212307","34678212307","34678212307@c.us","בינלאומי",0
"מרטה בלובס","058-7878556","972587878556","972587878556@c.us","נייד ישראלי",0
"Ori Maymon גבעול","054-4684544","972544684544","972544684544@c.us","נייד ישראלי",0
"דויד לוי סבא","054-4290808","972544290808","972544290808@c.us","נייד ישראלי",0
"רוסלאן כלבים","052-2188204","972522188204","972522188204@c.us","נייד ישראלי",0
"נועם רוזנס - אינסטלטור","052-8771699","972528771699","972528771699@c.us","נייד ישראלי",0
"הדריק","054-2019640","972542019640","972542019640@c.us","נייד ישראלי",0
"רחלי ליס קאר","054-6708939","972546708939","972546708939@c.us","נייד ישראלי",0
"קומפיילוט שאולי","054-7871787","972547871787","972547871787@c.us","נייד ישראלי",0
"גיא - עוזר של עידן רול","054-4351069","972544351069","972544351069@c.us","נייד ישראלי",0
"רחפת","050-6979498","972506979498","972506979498@c.us","נייד ישראלי",0
"ראיד שינוי מידות צמיג","052-2818985","972522818985","972522818985@c.us","נייד ישראלי",0
"צחי שבח מנהל מרחב צפון סיירת ירוקה","053-7762749","972537762749","972537762749@c.us","נייד ישראלי",0
"Ireni💙💙💙 מבסוט","052-6890404","972526890404","972526890404@c.us","נייד ישראלי",0
"שאול של שי","054-2135799","972542135799","972542135799@c.us","נייד ישראלי",0
"דניאל ונואטו","6785553333","6785553333","6785553333@c.us","בינלאומי",0
"אייל פישמן","054-2344444","972542344444","972542344444@c.us","נייד ישראלי",0
"נמרוד גפן","050-3200369","972503200369","972503200369@c.us","נייד ישראלי",0
"מוסך נייד טרקטורים - מוסא","052-2483422","972522483422","972522483422@c.us","נייד ישראלי",0
"דן פרידמן","054-2455827","972542455827","972542455827@c.us","נייד ישראלי",0
"ליאו יפן","052-3135206","972523135206","972523135206@c.us","נייד ישראלי",0
"אור לנדבר","052-9462752","972529462752","972529462752@c.us","נייד ישראלי",0
"שוגארט","050-5708818","972505708818","972505708818@c.us","נייד ישראלי",0
"עץ - יובל אברמוב","050-5258459","972505258459","972505258459@c.us","נייד ישראלי",0
"Tamir Asa","052-5275656","972525275656","972525275656@c.us","נייד ישראלי",0
"רמי מור -אינסטלטור","054-3123146","972543123146","972543123146@c.us","נייד ישראלי",0
"צח תאונה","050-8423566","972508423566","972508423566@c.us","נייד ישראלי",0
"נמרוד הגלילי - לשכת המסחר","052-5157776","972525157776","972525157776@c.us","נייד ישראלי",0
"ענבר טלמור - רפלקסולוגית","054-3162922","972543162922","972543162922@c.us","נייד ישראלי",0
"יוסי מוצניק","052-3205427","972523205427","972523205427@c.us","נייד ישראלי",0
"רועי אר","050-4606158","972504606158","972504606158@c.us","נייד ישראלי",0
"עמי בל - קפריסין","050-5481450","972505481450","972505481450@c.us","נייד ישראלי",0
"לאפי סינמ","201062930607","201062930607","201062930607@c.us","בינלאומי",0
"דפני צבא","052-6788880","972526788880","972526788880@c.us","נייד ישראלי",0
"ליאורה","054-4508851","972544508851","972544508851@c.us","נייד ישראלי",0
"בוריס מערכות","058-4768984","972584768984","972584768984@c.us","נייד ישראלי",0
"שרון סואן","052-2982965","972522982965","972522982965@c.us","נייד ישראלי",0
"נתן הופמן","050-5317572","972505317572","972505317572@c.us","נייד ישראלי",0
"ליאת למברגר מחנכת","050-7333884","972507333884","972507333884@c.us","נייד ישראלי",0
"און ניקרגוואה","052-8401402","972528401402","972528401402@c.us","נייד ישראלי",0
"גיג","052-2465798","972522465798","972522465798@c.us","נייד ישראלי",0
"אודי גת מעגן מיכאל","052-3784543","972523784543","972523784543@c.us","נייד ישראלי",0
"צ צביקה שדכן","052-5273400","972525273400","972525273400@c.us","נייד ישראלי",0
"הכלב פאולינה","050-6215084","972506215084","972506215084@c.us","נייד ישראלי",0
"גבריאל הולנד","054-7932259","972547932259","972547932259@c.us","נייד ישראלי",0
"וואיל אבו ח'לא - מתכנן אזורי","052-5888764","972525888764","972525888764@c.us","נייד ישראלי",0
"מוריה הררי","058-7700925","972587700925","972587700925@c.us","נייד ישראלי",0
"ארן נוימן - תשוט","054-4989891","972544989891","972544989891@c.us","נייד ישראלי",0
"שערים - שאולי","050-5747888","972505747888","972505747888@c.us","נייד ישראלי",0
"צביקה כהן מנהל מנהלת ההשקעות","050-6241149","972506241149","972506241149@c.us","נייד ישראלי",0
"איריס תורג'מן","054-6634476","972546634476","972546634476@c.us","נייד ישראלי",0
"שאדי בארטה","054-7844709","972547844709","972547844709@c.us","נייד ישראלי",0
"רועי שמש","054-3046624","972543046624","972543046624@c.us","נייד ישראלי",0
"צ. רעות מפקדמ מרכז האש מלי","052-9282221","972529282221","972529282221@c.us","נייד ישראלי",0
"עו״ד אהוד גרא","050-5245757","972505245757","972505245757@c.us","נייד ישראלי",0
"עידן אורן - קאן פור לייף","054-2500222","972542500222","972542500222@c.us","נייד ישראלי",0
"אריק סנדוסי","052-2647581","972522647581","972522647581@c.us","נייד ישראלי",0
"אלי ארגל","054-6920520","972546920520","972546920520@c.us","נייד ישראלי",0
"Jakegoldberg33","19083849689","19083849689","19083849689@c.us","בינלאומי",0
"דרוויש אברמוב דויד","050-5959222","972505959222","972505959222@c.us","נייד ישראלי",0
"אביש","050-6555245","972506555245","972506555245@c.us","נייד ישראלי",0
"יאנה","054-7898626","972547898626","972547898626@c.us","נייד ישראלי",0
"אסי אינפיניטי","050-7888872","972507888872","972507888872@c.us","נייד ישראלי",0
"ערן מלגזות","050-9276600","972509276600","972509276600@c.us","נייד ישראלי",0
"אדר","052-4844443","972524844443","972524844443@c.us","נייד ישראלי",0
"בת שבע - רגליים פדיקור","054-4921136","972544921136","972544921136@c.us","נייד ישראלי",0
"יעל הכלבה כנענית","054-2626572","972542626572","972542626572@c.us","נייד ישראלי",0
"אלקנה","050-7258102","972507258102","972507258102@c.us","נייד ישראלי",0
"פונדק ו","052-5619897","972525619897","972525619897@c.us","נייד ישראלי",0
"Tobi Viegener","628123933155","628123933155","628123933155@c.us","בינלאומי",0
"יניב נחמיאס - חומרי בניין","053-8521112","972538521112","972538521112@c.us","נייד ישראלי",0
"טיראן שטנג","052-5360967","972525360967","972525360967@c.us","נייד ישראלי",0
"LJירון קנהצק","052-5956666","972525956666","972525956666@c.us","נייד ישראלי",0
"אילן מנכל","052-4603000","972524603000","972524603000@c.us","נייד ישראלי",0
"זיו פישביין","050-7436906","972507436906","972507436906@c.us","נייד ישראלי",0
"תום קול","054-8068409","972548068409","972548068409@c.us","נייד ישראלי",0
"עדי ורון (פרטי)","054-4588846","972544588846","972544588846@c.us","נייד ישראלי",0
"בצלאל גנוסר","052-9244477","972529244477","972529244477@c.us","נייד ישראלי",0
"יואב - מדידות","050-5323700","972505323700","972505323700@c.us","נייד ישראלי",0
"תמי שאולקר ס. מנהל מחוז הנגב","050-6241225","972506241225","972506241225@c.us","נייד ישראלי",0
"נתן קוסקס","052-8902333","972528902333","972528902333@c.us","נייד ישראלי",0
"גלי","054-5273362","972545273362","972545273362@c.us","נייד ישראלי",0
"גפן דוידוביץ","052-4399422","972524399422","972524399422@c.us","נייד ישראלי",0
"יוחאי ניקוי ארובה","054-5886277","972545886277","972545886277@c.us","נייד ישראלי",0
"כפיר אברהם","054-3099700","972543099700","972543099700@c.us","נייד ישראלי",0
"עו""ד אמיר כהן","054-2323295","972542323295","972542323295@c.us","נייד ישראלי",0
"יערה (יוני (יוני (יוני ארפי)","050-4440774","972504440774","972504440774@c.us","נייד ישראלי",0
"יונתן חסון","050-8293248","972508293248","972508293248@c.us","נייד ישראלי",0
"גילעד פארם","054-5849051","972545849051","972545849051@c.us","נייד ישראלי",0
"אורנה מנחם","052-4335295","972524335295","972524335295@c.us","נייד ישראלי",0
"אבי צור - בית מרקחת היי טיימס","050-2206294","972502206294","972502206294@c.us","נייד ישראלי",0
"מורן ריו","052-6003500","972526003500","972526003500@c.us","נייד ישראלי",0
"נעם תלמי","054-4270554","972544270554","972544270554@c.us","נייד ישראלי",0
"שלו ביטון הכלבה קים","053-3816811","972533816811","972533816811@c.us","נייד ישראלי",0
"איתי דהרי","054-6108961","972546108961","972546108961@c.us","נייד ישראלי",0
"אדיר המדביר","054-4943899","972544943899","972544943899@c.us","נייד ישראלי",0
"יואב גלעדי","054-7641903","972547641903","972547641903@c.us","נייד ישראלי",0
"צ. אורן בנדרקר","050-2259899","972502259899","972502259899@c.us","נייד ישראלי",0
"ארז בנסתי חשמלאי","054-5753243","972545753243","972545753243@c.us","נייד ישראלי",0
"רחל אינפנייה - קרטונים","052-3605751","972523605751","972523605751@c.us","נייד ישראלי",0
"נינה זריהן של אבי אינדיאני","052-2605040","972522605040","972522605040@c.us","נייד ישראלי",0
"ניסים - שלם","058-5049305","972585049305","972585049305@c.us","נייד ישראלי",0
"אהוד דינרמן","054-7999150","972547999150","972547999150@c.us","נייד ישראלי",0
"איזון עומרי פריש","050-5698477","972505698477","972505698477@c.us","נייד ישראלי",0
"צ. אמרה קחש ילק","054-9767591","972549767591","972549767591@c.us","נייד ישראלי",0
"אילנה מגירוב - דור אלון","050-6965418","972506965418","972506965418@c.us","נייד ישראלי",0
"פרידה - אגיריס פורוס","306942867052","306942867052","306942867052@c.us","בינלאומי",0
"נדב ק אגם זיס","054-7210933","972547210933","972547210933@c.us","נייד ישראלי",0
"Bernt","491795294906","491795294906","491795294906@c.us","בינלאומי",0
"אגם דן - אלדד","054-2440334","972542440334","972542440334@c.us","נייד ישראלי",0
"לירן פארם","050-2003106","972502003106","972502003106@c.us","נייד ישראלי",0
"רביד בנקין","052-2417633","972522417633","972522417633@c.us","נייד ישראלי",0
"צ. שרון בר כוכבא","054-6316746","972546316746","972546316746@c.us","נייד ישראלי",0
"חני זוהר - תוכניות לימודים משרד העבודה","050-6240731","972506240731","972506240731@c.us","נייד ישראלי",0
"זהראן נאזל - קב""ט ינוח ג'ת","050-3225003","972503225003","972503225003@c.us","נייד ישראלי",0
"מאיר בן ישי","050-6273164","972506273164","972506273164@c.us","נייד ישראלי",0
"שאול המעלות","050-9830070","972509830070","972509830070@c.us","נייד ישראלי",0
"אחמד חממה","054-4963019","972544963019","972544963019@c.us","נייד ישראלי",0
"עבד מכונאי","050-5958900","972505958900","972505958900@c.us","נייד ישראלי",0
"וירט","050-4921088","972504921088","972504921088@c.us","נייד ישראלי",0
"רודולפו רוסאטו - טרה קנביס, ברזיל","5511986063317","5511986063317","5511986063317@c.us","בינלאומי",0
"Bat בת פשע עדכני Tagger","27833121621","27833121621","27833121621@c.us","בינלאומי",0
"בבו קובו","054-9888899","972549888899","972549888899@c.us","נייד ישראלי",0
"צ. אביבית קישור אבשלום","052-6846342","972526846342","972526846342@c.us","נייד ישראלי",0
"עזרא מזגנים","050-5280033","972505280033","972505280033@c.us","נייד ישראלי",0
"חיים עוז - לשכת המסחר","050-8676752","972508676752","972508676752@c.us","נייד ישראלי",0
"ניר זיו","054-4445482","972544445482","972544445482@c.us","נייד ישראלי",0
"שער רבדים - נייד","052-6981119","972526981119","972526981119@c.us","נייד ישראלי",0
"סטיב תומאס - דרא""פ","27824955696","27824955696","27824955696@c.us","בינלאומי",0
"דביר - רכב","052-6494100","972526494100","972526494100@c.us","נייד ישראלי",0
"ליאת כראדי","050-7363457","972507363457","972507363457@c.us","נייד ישראלי",0
"הילה רזניק מ. מבצעים אילן ארד","054-7289026","972547289026","972547289026@c.us","נייד ישראלי",0
"שגיא בן רימון","054-8883385","972548883385","972548883385@c.us","נייד ישראלי",0
"עמרי חסון","050-8293222","972508293222","972508293222@c.us","נייד ישראלי",0
"ניקול אאוטדור","054-5269775","972545269775","972545269775@c.us","נייד ישראלי",0
"בשטח","050-5231235","972505231235","972505231235@c.us","נייד ישראלי",0
"אליעזר","050-8877993","972508877993","972508877993@c.us","נייד ישראלי",0
"כרמל ניר","052-3993872","972523993872","972523993872@c.us","נייד ישראלי",0
"דניאל חכים","052-2049570","972522049570","972522049570@c.us","נייד ישראלי",0
"סלמן חדרה","050-5077095","972505077095","972505077095@c.us","נייד ישראלי",0
"שומר עין עירון - חסן","050-2933312","972502933312","972502933312@c.us","נייד ישראלי",0
"סאגה","050-7287362","972507287362","972507287362@c.us","נייד ישראלי",0
"אביהו כהן","052-6240101","972526240101","972526240101@c.us","נייד ישראלי",0
"סבין סגל - מכון הייצוא","054-4339700","972544339700","972544339700@c.us","נייד ישראלי",0
"באסם - סופרגז","052-4639186","972524639186","972524639186@c.us","נייד ישראלי",0
"ניר קופרשטוך - כפר פינס","052-2848705","972522848705","972522848705@c.us","נייד ישראלי",0
"מור ואורלי","055-9172538","972559172538","972559172538@c.us","נייד ישראלי",0
"אור אנגלר","052-7220010","972527220010","972527220010@c.us","נייד ישראלי",0
"הילה גנץ","050-5622307","972505622307","972505622307@c.us","נייד ישראלי",0
"יוסף חדד","054-8606011","972548606011","972548606011@c.us","נייד ישראלי",0
"Moche משה הכלבה פג","050-7506668","972507506668","972507506668@c.us","נייד ישראלי",0
"צ עידו חוג""ד","051-2380771","972512380771","972512380771@c.us","נייד ישראלי",0
"גיא אייל - אלפא דיגיטל","050-8104291","972508104291","972508104291@c.us","נייד ישראלי",0
"Pipis Boats השכרת סירות בלפקדה","306946680952","306946680952","306946680952@c.us","בינלאומי",0
"סמדר לוי","052-4340955","972524340955","972524340955@c.us","נייד ישראלי",0
"בדיקת פנסיה","053-5543715","972535543715","972535543715@c.us","נייד ישראלי",0
"יצחק אד","050-4455448","972504455448","972504455448@c.us","נייד ישראלי",0
"מהדי - מבנים יבילים","050-2891972","972502891972","972502891972@c.us","נייד ישראלי",0
"נעמה טלפארמה","052-6280690","972526280690","972526280690@c.us","נייד ישראלי",0
"דן לוינסון חוקר סייבר פורס מגור","036259898","97236259898","97236259898@c.us","קווי ישראלי",0
"רותי שפיר - סאקל","058-5010664","972585010664","972585010664@c.us","נייד ישראלי",0
"Adv. Danielle Melamed עו""ד דניאל מלמד פורטוגל","351969327955","351969327955","351969327955@c.us","בינלאומי",0
"שולמית זיו","054-2331092","972542331092","972542331092@c.us","נייד ישראלי",0
"דניאל טויטו - מטבח צאלים","054-6122601","972546122601","972546122601@c.us","נייד ישראלי",0
"יוסי החצרן","052-7977400","972527977400","972527977400@c.us","נייד ישראלי",0
"אלון נחשון - ארן הנדסה","054-6313706","972546313706","972546313706@c.us","נייד ישראלי",0
"מעיין כהן - IMP","050-9484878","972509484878","972509484878@c.us","נייד ישראלי",0
"קסם","052-3218881","972523218881","972523218881@c.us","נייד ישראלי",0
"צ גיל סמ""פ","054-3314016","972543314016","972543314016@c.us","נייד ישראלי",0
"ד""ר הדר לס","050-7743934","972507743934","972507743934@c.us","נייד ישראלי",0
"גדעון פיקסיות","054-6996614","972546996614","972546996614@c.us","נייד ישראלי",0
"עודד גרנות","054-2146214","972542146214","972542146214@c.us","נייד ישראלי",0
"סיגל שר","050-9315191","972509315191","972509315191@c.us","נייד ישראלי",0
"יוחאי גרר","050-5452109","972505452109","972505452109@c.us","נייד ישראלי",0
"ידידיה","050-4262682","972504262682","972504262682@c.us","נייד ישראלי",0
"דליה קליגר","054-8849311","972548849311","972548849311@c.us","נייד ישראלי",0
"Nir Elisha","054-5515970","972545515970","972545515970@c.us","נייד ישראלי",0
"איתי תוג'רמן - איקורמס","052-4812880","972524812880","972524812880@c.us","נייד ישראלי",0
"דודו מגל - חישתיל","050-7522555","972507522555","972507522555@c.us","נייד ישראלי",0
"שוקי הצייד","052-7277657","972527277657","972527277657@c.us","נייד ישראלי",0
"קלאודיה - כרמל אולפינים","052-5612728","972525612728","972525612728@c.us","נייד ישראלי",0
"Salih Shahin","052-7333504","972527333504","972527333504@c.us","נייד ישראלי",0
"צ. ענת אביבי","052-4004027","972524004027","972524004027@c.us","נייד ישראלי",0
"ענבל טל","052-6533929","972526533929","972526533929@c.us","נייד ישראלי",0
"Amit מטופל","050-7173468","972507173468","972507173468@c.us","נייד ישראלי",0
"Yaron Avrahami עדי הכלב אוליבר","053-2222346","972532222346","972532222346@c.us","נייד ישראלי",0
"נתי - תקשורת מחשבים","054-4202284","972544202284","972544202284@c.us","נייד ישראלי",0
"נדב - לימסול","35795583100","35795583100","35795583100@c.us","בינלאומי",0
"ניט תאילנד","66863347706","66863347706","66863347706@c.us","בינלאומי",0
"שוכר - איילת איילון","052-3737245","972523737245","972523737245@c.us","נייד ישראלי",0
"אור אופיר","052-8281220","972528281220","972528281220@c.us","נייד ישראלי",0
"גיא פור - I Tech","050-9258644","972509258644","972509258644@c.us","נייד ישראלי",0
"שחר רגב - מדריך טיסה","050-5221111","972505221111","972505221111@c.us","נייד ישראלי",0
"Pilotnav","055-3087001","972553087001","972553087001@c.us","נייד ישראלי",0
"עו""ד ברק פומרנץ","052-8677980","972528677980","972528677980@c.us","נייד ישראלי",0
"אלכס הכלב לוקי איטלקי","052-8012473","972528012473","972528012473@c.us","נייד ישראלי",0
"עו""ד איגור מאיר","054-4818812","972544818812","972544818812@c.us","נייד ישראלי",0
"חגי הומינר - אינרטק","052-5698300","972525698300","972525698300@c.us","נייד ישראלי",0
"צייד סמיר","050-6337197","972506337197","972506337197@c.us","נייד ישראלי",0
"עו""ד חיים גבאי","050-6209007","972506209007","972506209007@c.us","נייד ישראלי",0
"נועם מצליח","055-5694903","972555694903","972555694903@c.us","נייד ישראלי",0
"שלמה ארבץ","052-4337700","972524337700","972524337700@c.us","נייד ישראלי",0
"פרופ' ישראל שכטר","050-7639063","972507639063","972507639063@c.us","נייד ישראלי",0
"דני שוורץ","050-7994233","972507994233","972507994233@c.us","נייד ישראלי",0
"ליילה יחיא","052-8224380","972528224380","972528224380@c.us","נייד ישראלי",0
"דובבוברוב","052-8990926","972528990926","972528990926@c.us","נייד ישראלי",0
"סנטיאגו צילה","51994088958","51994088958","51994088958@c.us","בינלאומי",0
"אריק - Israel Moto Adv","058-6250225","972586250225","972586250225@c.us","נייד ישראלי",0
"צ'יפס ביטוח ימי","052-8941584","972528941584","972528941584@c.us","נייד ישראלי",0
"יונתן דוידוביץ","050-7466229","972507466229","972507466229@c.us","נייד ישראלי",0
"רז 💕","055-8833184","972558833184","972558833184@c.us","נייד ישראלי",0
"עמיר פרידמן בית אבות","050-4751616","972504751616","972504751616@c.us","נייד ישראלי",0
"איאד פינוי דחסן - שלם","052-4886433","972524886433","972524886433@c.us","נייד ישראלי",0
"מוקד ביטחון משגב","052-3499073","972523499073","972523499073@c.us","נייד ישראלי",0
"גיא דרופשיפינג פרו","052-5660456","972525660456","972525660456@c.us","נייד ישראלי",0
"עלה מיקונובסקי","054-4814000","972544814000","972544814000@c.us","נייד ישראלי",0
"שלומי ברקו","054-4666606","972544666606","972544666606@c.us","נייד ישראלי",0
"רז מבסוט","052-2341767","972522341767","972522341767@c.us","נייד ישראלי",0
"מירית הילמן קוניוק","052-3666289","972523666289","972523666289@c.us","נייד ישראלי",0
"דודו שערים","054-3309090","972543309090","972543309090@c.us","נייד ישראלי",0
"רביב שמעוני","050-8220921","972508220921","972508220921@c.us","נייד ישראלי",0
"יריב קיטה","054-8006010","972548006010","972548006010@c.us","נייד ישראלי",0
"אורנה הס","052-8264732","972528264732","972528264732@c.us","נייד ישראלי",0
"סער","14084090734","14084090734","14084090734@c.us","בינלאומי",0
"שמוליק כהן","054-8882192","972548882192","972548882192@c.us","נייד ישראלי",0
"יגאל פרדו","050-5500270","972505500270","972505500270@c.us","נייד ישראלי",0
"יותם טויב","054-2109241","972542109241","972542109241@c.us","נייד ישראלי",0
"Abedshahbari Shahbari","052-5533000","972525533000","972525533000@c.us","נייד ישראלי",0
"מעיין בן דוד - מדר","050-4344746","972504344746","972504344746@c.us","נייד ישראלי",0
"בועז - דובדבן ליווי טיולים שינוע קנביס","050-2885885","972502885885","972502885885@c.us","נייד ישראלי",0
"אנט אורי","050-3713789","972503713789","972503713789@c.us","נייד ישראלי",0
"מורן דבורה QA","054-8883221","972548883221","972548883221@c.us","נייד ישראלי",0
"Wrss3","050-3009600","972503009600","972503009600@c.us","נייד ישראלי",0
"רועי גונן","055-9898431","972559898431","972559898431@c.us","נייד ישראלי",0
"ברוך לוזון","050-6241403","972506241403","972506241403@c.us","נייד ישראלי",0
"אלברט איינשטיין","055-3006806","972553006806","972553006806@c.us","נייד ישראלי",0
"שיהב מוכתר","201026520054","201026520054","201026520054@c.us","בינלאומי",0
"אריאל קריינות","058-6783654","972586783654","972586783654@c.us","נייד ישראלי",0
"כוכי גדרון","052-3952716","972523952716","972523952716@c.us","נייד ישראלי",0
"עידן ווסרמן מצלמות","050-4022312","972504022312","972504022312@c.us","נייד ישראלי",0
"Ariel פיגמנט פרסום","050-2052055","972502052055","972502052055@c.us","נייד ישראלי",0
"אוגוסטין טרכטנברג","5491138226819","5491138226819","5491138226819@c.us","בינלאומי",0
"ג'ורג' אראקאס יוון","306936712542","306936712542","306936712542@c.us","בינלאומי",0
"יהודה אורנשטיין - אורן פק","052-2508723","972522508723","972522508723@c.us","נייד ישראלי",0
"Matan Ben Haim Sohen GB Rizlot","054-5634446","972545634446","972545634446@c.us","נייד ישראלי",0
"עומרי כספי","16177179567","16177179567","16177179567@c.us","בינלאומי",0
"ירון פרג","053-7361270","972537361270","972537361270@c.us","נייד ישראלי",0
"תדמור ערבה","052-8753986","972528753986","972528753986@c.us","נייד ישראלי",0
"מאי","058-4448851","972584448851","972584448851@c.us","נייד ישראלי",0
"יפתח שרית","054-7297894","972547297894","972547297894@c.us","נייד ישראלי",0
"עומרי אלבז - קאנאסול","054-7910291","972547910291","972547910291@c.us","נייד ישראלי",0
"מצבר ומהר שרון והסביבה","058-4433073","972584433073","972584433073@c.us","נייד ישראלי",0
"עופר ש. גורן","050-5255544","972505255544","972505255544@c.us","נייד ישראלי",0
"ים קנדל","053-5213839","972535213839","972535213839@c.us","נייד ישראלי",0
"Galia Backman","050-4458799","972504458799","972504458799@c.us","נייד ישראלי",0
"עו""ד חיים רוזנטל","573108752783","573108752783","573108752783@c.us","בינלאומי",0
"גיא זילברמן -","420605048886","420605048886","420605048886@c.us","בינלאומי",0
"עומר צור- חוק ההיתיישבות","050-6247702","972506247702","972506247702@c.us","נייד ישראלי",0
"עדה ברקמה - מנכ""ל קאנשור","054-4212112","972544212112","972544212112@c.us","נייד ישראלי",0
"יובלי שלי","054-2003335","972542003335","972542003335@c.us","נייד ישראלי",0
"דן סבין -חישה מרחוק","050-8281828","972508281828","972508281828@c.us","נייד ישראלי",0
"ד""ר איתן מור כבד","052-3598503","972523598503","972523598503@c.us","נייד ישראלי",0
"מוחמד אבו מוך מצבעה","050-2215399","972502215399","972502215399@c.us","נייד ישראלי",0
"יוסי שגב","054-6458076","972546458076","972546458076@c.us","נייד ישראלי",0
"אייל קמינסקי - ניקוי ארובה","050-7333315","972507333315","972507333315@c.us","נייד ישראלי",0
"שמוליק מנציק","052-2934742","972522934742","972522934742@c.us","נייד ישראלי",0
"לוטם שפירא - בקטוכם","054-5477063","972545477063","972545477063@c.us","נייד ישראלי",0
"ליבי - סטאק פלסט","052-4289855","972524289855","972524289855@c.us","נייד ישראלי",0
"אורן קורין -מ. א. ערבה","052-3666854","972523666854","972523666854@c.us","נייד ישראלי",0
"אלסה ניסימוטו - פורטוגל","351936801323","351936801323","351936801323@c.us","בינלאומי",0
"עומר קפל","050-2265836","972502265836","972502265836@c.us","נייד ישראלי",0
"סזאר מרטו - פורטוגל","351912381086","351912381086","351912381086@c.us","בינלאומי",0
"נוקי ברלין","491728235511","491728235511","491728235511@c.us","בינלאומי",0
"איתי קציצות","052-8242102","972528242102","972528242102@c.us","נייד ישראלי",0
"גולד","054-6333283","972546333283","972546333283@c.us","נייד ישראלי",0
"אייל קורח - מג""ד אזורי אוגדת דוד","054-2190044","972542190044","972542190044@c.us","נייד ישראלי",0
"ליאור תעבורה","054-4899213","972544899213","972544899213@c.us","נייד ישראלי",0
"רועי בן בינימין - מתכנן משרד החקלאות","050-6241393","972506241393","972506241393@c.us","נייד ישראלי",0
"תומר ערבה","052-2600322","972522600322","972522600322@c.us","נייד ישראלי",0
"קובי מוטנר","050-6670876","972506670876","972506670876@c.us","נייד ישראלי",0
"אחינועם בן כנען","052-5759486","972525759486","972525759486@c.us","נייד ישראלי",0
"אייל בלום","052-6170000","972526170000","972526170000@c.us","נייד ישראלי",0
"נימי","050-3406699","972503406699","972503406699@c.us","נייד ישראלי",0
"אחמד הזול","052-7538090","972527538090","972527538090@c.us","נייד ישראלי",0
"ד""ר עוזי מור - רובוט לקטיף","054-4769312","972544769312","972544769312@c.us","נייד ישראלי",0
"אורן - פז עצים","050-2236330","972502236330","972502236330@c.us","נייד ישראלי",0
"ליאור חדד","050-3133028","972503133028","972503133028@c.us","נייד ישראלי",0
"יפעת חגי","054-7551653","972547551653","972547551653@c.us","נייד ישראלי",0
"תמר טל","052-6820755","972526820755","972526820755@c.us","נייד ישראלי",0
"נירה סואן קיגלר","054-7741314","972547741314","972547741314@c.us","נייד ישראלי",0
"זיאד קאעדאן - רוקח","050-5417825","972505417825","972505417825@c.us","נייד ישראלי",0
"איציק כרמי","054-3055555","972543055555","972543055555@c.us","נייד ישראלי",0
"רוני מייפל","055-8808202","972558808202","972558808202@c.us","נייד ישראלי",0
"אמנון וולף","054-4449194","972544449194","972544449194@c.us","נייד ישראלי",0
"ארז לוי - דוגית","054-7632335","972547632335","972547632335@c.us","נייד ישראלי",0
"חיים אפריים - עיבודי קרקע","050-5359054","972505359054","972505359054@c.us","נייד ישראלי",0
"Shaked🎗 הכלבה לונה מעורבת לברדור","054-6422293","972546422293","972546422293@c.us","נייד ישראלי",0
"טלי של תמר זנדברג","054-4630406","972544630406","972544630406@c.us","נייד ישראלי",0
"ד""ר ריאד בדראן - איגוד ווטרינרי","052-3276053","972523276053","972523276053@c.us","נייד ישראלי",0
"אוהד בלוך - מחלקת ספורט","050-4004777","972504004777","972504004777@c.us","נייד ישראלי",0
"נתן-לי // Natanli הכלבה לוקה","052-7244168","972527244168","972527244168@c.us","נייד ישראלי",0
"שלומי שפרינג","054-2522003","972542522003","972542522003@c.us","נייד ישראלי",0
"רחלי בן דוד","054-5559869","972545559869","972545559869@c.us","נייד ישראלי",0
"אנטוניו לאמגו","351964771019","351964771019","351964771019@c.us","בינלאומי",0
"שלומי והגור","054-6109767","972546109767","972546109767@c.us","נייד ישראלי",0
"דורון אראמי","052-3200001","972523200001","972523200001@c.us","נייד ישראלי",0
"שגיא קמחי","054-5896758","972545896758","972545896758@c.us","נייד ישראלי",0
"צ ישי שקדי","052-8708532","972528708532","972528708532@c.us","נייד ישראלי",0
"Eyal Atiya עזרב בתוכנות Ai","052-5955501","972525955501","972525955501@c.us","נייד ישראלי",0
"Yotam Helfman","054-4929437","972544929437","972544929437@c.us","נייד ישראלי",0
"Rachel Goldstein","054-6737666","972546737666","972546737666@c.us","נייד ישראלי",0
"רועי סלומון - BOL","054-3057012","972543057012","972543057012@c.us","נייד ישראלי",0
"ארנון אשל צ.","052-8664131","972528664131","972528664131@c.us","נייד ישראלי",0
"נעמה ערבה","052-5216609","972525216609","972525216609@c.us","נייד ישראלי",0
"זורקין","052-3266700","972523266700","972523266700@c.us","נייד ישראלי",0
"דודו שיטור ימי כינרת","050-7237234","972507237234","972507237234@c.us","נייד ישראלי",0
"תומי שרף","050-5821018","972505821018","972505821018@c.us","נייד ישראלי",0
"אודאי ברטעה","052-5633029","972525633029","972525633029@c.us","נייד ישראלי",0
"עו""ד קרן ארד","054-4275177","972544275177","972544275177@c.us","נייד ישראלי",0
"עינת כץ","052-4720221","972524720221","972524720221@c.us","נייד ישראלי",0
"צ איתי אבוזגלו","054-6057715","972546057715","972546057715@c.us","נייד ישראלי",0
"שי כהן רכז נוער כפר פינס","054-6805560","972546805560","972546805560@c.us","נייד ישראלי",0
"ימית הימרפרב","054-6622642","972546622642","972546622642@c.us","נייד ישראלי",0
"טלי ברקו💞 הכלבה ליווי","054-9316206","972549316206","972549316206@c.us","נייד ישראלי",0
"אביטל - קידמה","054-4337090","972544337090","972544337090@c.us","נייד ישראלי",0
"ירדן מנהל השמירה","054-6264450","972546264450","972546264450@c.us","נייד ישראלי",0
"אלומית גור לביא","052-7456414","972527456414","972527456414@c.us","נייד ישראלי",0
"זיו בית אור","054-2252216","972542252216","972542252216@c.us","נייד ישראלי",0
"שומר לילה עין עירון","053-7288528","972537288528","972537288528@c.us","נייד ישראלי",0
"מוסך אלמקייס","052-2617542","972522617542","972522617542@c.us","נייד ישראלי",0
"דבי חאג'","054-6502222","972546502222","972546502222@c.us","נייד ישראלי",0
"עמיחי בר - שדות ים","052-4298550","972524298550","972524298550@c.us","נייד ישראלי",0
"זיו גור לביא","050-5586088","972505586088","972505586088@c.us","נייד ישראלי",0
"הילה ברק","054-6629435","972546629435","972546629435@c.us","נייד ישראלי",0
"אמיר רשף - אגף תקציבים","050-6202378","972506202378","972506202378@c.us","נייד ישראלי",0
"שאול נורי - תופר כרכור","053-7692430","972537692430","972537692430@c.us","נייד ישראלי",0
"Gazza (Gareth) דרום אפריקה","27823004917","27823004917","27823004917@c.us","בינלאומי",0
"אורי דרורי","052-5014079","972525014079","972525014079@c.us","נייד ישראלי",0
"שי חוף ירדן כינרת","050-7953036","972507953036","972507953036@c.us","נייד ישראלי",0
"רעיה פרויס","052-7502686","972527502686","972527502686@c.us","נייד ישראלי",0
"אלכס תא","052-5839249","972525839249","972525839249@c.us","נייד ישראלי",0
"ענבל שפושניק פלוטו וצ'ילי","052-5020668","972525020668","972525020668@c.us","נייד ישראלי",0
"אבוש נוריאל","052-3222280","972523222280","972523222280@c.us","נייד ישראלי",0
"ערן ערבה","050-5582266","972505582266","972505582266@c.us","נייד ישראלי",0
"בן טובים","050-4818332","972504818332","972504818332@c.us","נייד ישראלי",0
"אלכס רוזנבלט - עמילות מכס","054-5644811","972545644811","972545644811@c.us","נייד ישראלי",0
"אחמד יונס - נהיגה טרקטור","052-5764688","972525764688","972525764688@c.us","נייד ישראלי",0
"אופיר ל","052-3227291","972523227291","972523227291@c.us","נייד ישראלי",0
"מהדי (שמן מרסלו)","050-3340068","972503340068","972503340068@c.us","נייד ישראלי",0
"Tzvia Shimon","052-6148589","972526148589","972526148589@c.us","נייד ישראלי",0
"Tomer Avraham","054-4488914","972544488914","972544488914@c.us","נייד ישראלי",0
"צ. רפאל אחרק","052-2585881","972522585881","972522585881@c.us","נייד ישראלי",0
"ויטלי - X","054-5349454","972545349454","972545349454@c.us","נייד ישראלי",0
"ג׳אווד - אספלט","054-7487496","972547487496","972547487496@c.us","נייד ישראלי",0
"עדי - סקאל תיאומים","050-2002528","972502002528","972502002528@c.us","נייד ישראלי",0
"אלכס קורץ סופר פארם סופר פארם","050-8900507","972508900507","972508900507@c.us","נייד ישראלי",0
"מיכאל קנה קנזו","052-8866101","972528866101","972528866101@c.us","נייד ישראלי",0
"אסף הרלינג","055-6813600","972556813600","972556813600@c.us","נייד ישראלי",0
"דולב איש טכני","050-8580062","972508580062","972508580062@c.us","נייד ישראלי",0
"לירון העוזרת של תמר זנדברג","054-5227989","972545227989","972545227989@c.us","נייד ישראלי",0
"אביגיל יעלי","054-3453137","972543453137","972543453137@c.us","נייד ישראלי",0
"עמית היימן","052-5015908","972525015908","972525015908@c.us","נייד ישראלי",0
"סופרגז - אמיר","050-4639181","972504639181","972504639181@c.us","נייד ישראלי",0
"אלינוער מציאת כשרונות","050-4333808","972504333808","972504333808@c.us","נייד ישראלי",0
"צ. יוסי אזולאי","058-7802922","972587802922","972587802922@c.us","נייד ישראלי",0
"ציפי רושנרוז","053-7405638","972537405638","972537405638@c.us","נייד ישראלי",0
"גנרטור250","052-7226221","972527226221","972527226221@c.us","נייד ישראלי",0
"ירון בן לסן - בנק מזרחי","052-7908885","972527908885","972527908885@c.us","נייד ישראלי",0
"אשר גיאת - משטרה","050-6275662","972506275662","972506275662@c.us","נייד ישראלי",0
"בשטח - נמרוד","052-8493691","972528493691","972528493691@c.us","נייד ישראלי",0
"גיא שלמוני - יו""ר ועד עמיקם","052-5601818","972525601818","972525601818@c.us","נייד ישראלי",0
"Marina🦄 הכלבה ציטה","050-8158795","972508158795","972508158795@c.us","נייד ישראלי",0
"רועי שטראוס","053-5603406","972535603406","972535603406@c.us","נייד ישראלי",0
"נמרוד פישביין","050-5666899","972505666899","972505666899@c.us","נייד ישראלי",0
"Abailey גמייקה","14168358886","14168358886","14168358886@c.us","בינלאומי",0
"מג""ב - עברי קינדו","050-2204597","972502204597","972502204597@c.us","נייד ישראלי",0
"מנו הבן של אלכס - אוסטריה","4369910119049","4369910119049","4369910119049@c.us","בינלאומי",0
"טליה מנהלת קהילה כפר פינס","052-5610515","972525610515","972525610515@c.us","נייד ישראלי",0
"צ. אילן דן - רופא 1865","054-5857849","972545857849","972545857849@c.us","נייד ישראלי",0
"ד""ר גדעון פרידמן - המדען הראשי משרד האנרגיה","058-5337565","972585337565","972585337565@c.us","נייד ישראלי",0
"גיא אקו","052-3200433","972523200433","972523200433@c.us","נייד ישראלי",0
"מנדי טינגלר - - קליפורניה","19164028810","19164028810","19164028810@c.us","בינלאומי",0
"צייד - אמסיס","052-4555930","972524555930","972524555930@c.us","נייד ישראלי",0
"ניר גביש מכי� �ות - תיקון תיקון עולם","052-5015676","972525015676","972525015676@c.us","נייד ישראלי",0
"יסמין לברון","055-6615654","972556615654","972556615654@c.us","נייד ישראלי",0
"קרן סגרון בוסקילה מד","052-3849869","972523849869","972523849869@c.us","נייד ישראלי",0
"חפר אייל","052-5832532","972525832532","972525832532@c.us","נייד ישראלי",0
"כרמל זיגי","052-5012122","972525012122","972525012122@c.us","נייד ישראלי",0
"יעל הגי","054-6323302","972546323302","972546323302@c.us","נייד ישראלי",0
"הרב צוריאל בובליל","054-2279888","972542279888","972542279888@c.us","נייד ישראלי",0
"גו'לי חדד עין עירון","054-3130409","972543130409","972543130409@c.us","נייד ישראלי",0
"רינת שגב","052-4419977","972524419977","972524419977@c.us","נייד ישראלי",0
"בנה - חבר של זהר","054-7357733","972547357733","972547357733@c.us","נייד ישראלי",0
"צ. תום בקר אמולסיה","050-7400487","972507400487","972507400487@c.us","נייד ישראלי",0
"מאיר צור","052-3666066","972523666066","972523666066@c.us","נייד ישראלי",0
"ליאורה דיטל","054-6689538","972546689538","972546689538@c.us","נייד ישראלי",0
"רמי עיני - תשתיות מ. א. מנשה","052-6660415","972526660415","972526660415@c.us","נייד ישראלי",0
"יצחק תאילנד","66958351926","66958351926","66958351926@c.us","בינלאומי",0
"גגאיה","052-7056875","972527056875","972527056875@c.us","נייד ישראלי",0
"ד""ר דנה ירדן","054-8085692","972548085692","972548085692@c.us","נייד ישראלי",0
"דקל - כנען טרקטורים","052-8485166","972528485166","972528485166@c.us","נייד ישראלי",0
"גולדשטאוב דן","054-5558573","972545558573","972545558573@c.us","נייד ישראלי",0
"מנצור מלינוואה","052-6564406","972526564406","972526564406@c.us","נייד ישראלי",0
"ד""ר חיננית קולטאי","050-6220739","972506220739","972506220739@c.us","נייד ישראלי",0
"אפרת בית פרדס חנה","050-7456020","972507456020","972507456020@c.us","נייד ישראלי",0
"צחי צימט","054-8080925","972548080925","972548080925@c.us","נייד ישראלי",0
"אולה סוקולוב","052-8431103","972528431103","972528431103@c.us","נייד ישראלי",0
"נינה","052-8050376","972528050376","972528050376@c.us","נייד ישראלי",0
"הוגו פרדה - פורטוגל","351968055692","351968055692","351968055692@c.us","בינלאומי",0
"נאור פרטוש - אסאדו","054-3534146","972543534146","972543534146@c.us","נייד ישראלי",0
"גל יזראלי - קב""ט חוף הכרמל","052-2382069","972522382069","972522382069@c.us","נייד ישראלי",0
"רגב מכנס","055-6619616","972556619616","972556619616@c.us","נייד ישראלי",0
"עאיד המוסכניק של בעז","050-8583214","972508583214","972508583214@c.us","נייד ישראלי",0
"נבו פלזן עין גדי","053-5249065","972535249065","972535249065@c.us","נייד ישראלי",0
"צ. נוי שלישה אבשלום","054-8308606","972548308606","972548308606@c.us","נייד ישראלי",0
"סימה מהמסייעת","054-3257441","972543257441","972543257441@c.us","נייד ישראלי",0
"צ. שלומי ס קהנ״א 210","052-9242982","972529242982","972529242982@c.us","נייד ישראלי",0
"סוזי - רישוי עודי טיס","050-6212641","972506212641","972506212641@c.us","נייד ישראלי",0
"טל אוחנה - ירוחם","050-4408806","972504408806","972504408806@c.us","נייד ישראלי",0
"שירה וימר - דפוס דוקרט","052-8346929","972528346929","972528346929@c.us","נייד ישראלי",0
"תהילה אלחדד","053-2427337","972532427337","972532427337@c.us","נייד ישראלי",0
"אביבית קישור גדוד אבשלום 1865","052-9067462","972529067462","972529067462@c.us","נייד ישראלי",0
"עמית פו","054-2405765","972542405765","972542405765@c.us","נייד ישראלי",0
"ד""ר מיקי דור","050-6242124","972506242124","972506242124@c.us","נייד ישראלי",0
"קורל בלום","054-7867868","972547867868","972547867868@c.us","נייד ישראלי",0
"דניאל ג'בקה","054-2199041","972542199041","972542199041@c.us","נייד ישראלי",0
"סתוית בודין","054-4880486","972544880486","972544880486@c.us","נייד ישראלי",0
"עמוס - ע. מ. ציוד","050-5247137","972505247137","972505247137@c.us","נייד ישראלי",0
"מיכל בן משה - ס. ל. א","050-6676566","972506676566","972506676566@c.us","נייד ישראלי",0
"רועי רבין פקח רט""ג","052-4890006","972524890006","972524890006@c.us","נייד ישראלי",0
"אברום בורג","050-9002222","972509002222","972509002222@c.us","נייד ישראלי",0
"שלי פיבי","054-8960019","972548960019","972548960019@c.us","נייד ישראלי",0
"קנדוק - איריס","050-9022435","972509022435","972509022435@c.us","נייד ישראלי",0
"עמוס הרלב - מסוק","054-4613027","972544613027","972544613027@c.us","נייד ישראלי",0
"ניצן שמעוני","050-8220920","972508220920","972508220920@c.us","נייד ישראלי",0
"הילה שפיצר","058-7808118","972587808118","972587808118@c.us","נייד ישראלי",0
"עופר זילברשטיין - בנק הפועלים","054-4971252","972544971252","972544971252@c.us","נייד ישראלי",0
"עמית ערבה","054-5613947","972545613947","972545613947@c.us","נייד ישראלי",0
"עשרים ואחת","055-2427748","972552427748","972552427748@c.us","נייד ישראלי",0
"עמיר הינדי","052-8682600","972528682600","972528682600@c.us","נייד ישראלי",0
"לייה שור","058-6888834","972586888834","972586888834@c.us","נייד ישראלי",0
"אסיף קזולה - יועץ סגן השר","054-9106510","972549106510","972549106510@c.us","נייד ישראלי",0
"מיסרה - יועץ סולרי","052-4340511","972524340511","972524340511@c.us","נייד ישראלי",0
"מתן טיסר - וילאר","052-8705905","972528705905","972528705905@c.us","נייד ישראלי",0
"אופיר כהן RXcannabis","054-6177799","972546177799","972546177799@c.us","נייד ישראלי",0
"ד""ר עינת מגל - משרד האנרגיה","050-6206081","972506206081","972506206081@c.us","נייד ישראלי",0
"אוריאל גיטרה","055-3042136","972553042136","972553042136@c.us","נייד ישראלי",0
"צ אסף שיש","052-9467243","972529467243","972529467243@c.us","נייד ישראלי",0
"תום דהאן - כנען טרקטורים","054-5750502","972545750502","972545750502@c.us","נייד ישראלי",0
"צ. חמל ילע חימוש תיקונים","052-5286559","972525286559","972525286559@c.us","נייד ישראלי",0
"גאלל גנאיים","054-4638312","972544638312","972544638312@c.us","נייד ישראלי",0
"Omer קנדוק","052-8880011","972528880011","972528880011@c.us","נייד ישראלי",0
"Manowood עץ עצים להסקה","054-2566781","972542566781","972542566781@c.us","נייד ישראלי",0
"גיטה ימין- ממונת בטיחות שלהבת","050-6240793","972506240793","972506240793@c.us","נייד ישראלי",0
"פרוליס","054-7179116","972547179116","972547179116@c.us","נייד ישראלי",0
"תומר אביבים - כיסויים","054-3500520","972543500520","972543500520@c.us","נייד ישראלי",0
"Sami Shahin","054-2272228","972542272228","972542272228@c.us","נייד ישראלי",0
"Orgil גיל גידול","050-5287555","972505287555","972505287555@c.us","נייד ישראלי",0
"מיכל ספיר","052-6046966","972526046966","972526046966@c.us","נייד ישראלי",0
"אורלי צדוק","054-9980174","972549980174","972549980174@c.us","נייד ישראלי",0
"ינון סמדר","050-8424466","972508424466","972508424466@c.us","נייד ישראלי",0
"ד""ר שי מלצר - עידוד השקעות בירושלים","054-7878466","972547878466","972547878466@c.us","נייד ישראלי",0
"יסמין דיטל","050-6764620","972506764620","972506764620@c.us","נייד ישראלי",0
"חגי הילמן ביוון","306986746322","306986746322","306986746322@c.us","בינלאומי",0
"אלכס ברטסיאדיס - פורוס Nakas Nakas Nakas Blue","306974183293","306974183293","306974183293@c.us","בינלאומי",0
"יעלי 2","053-4259934","972534259934","972534259934@c.us","נייד ישראלי",0
"נחום - שוטר מתנ""א","050-5072608","972505072608","972505072608@c.us","נייד ישראלי",0
"שחר חורי","050-4372010","972504372010","972504372010@c.us","נייד ישראלי",0
"ירום אורן","052-8838838","972528838838","972528838838@c.us","נייד ישראלי",0
"תום סרוגו - לסוטו","054-9564265","972549564265","972549564265@c.us","נייד ישראלי",0
"צ. דביר גמליאל רסר מפחט 401","050-9145656","972509145656","972509145656@c.us","נייד ישראלי",0
"חיליק זייד","052-3232400","972523232400","972523232400@c.us","נייד ישראלי",0
"אביב מלכה","052-5535537","972525535537","972525535537@c.us","נייד ישראלי",0
"אמנון חדד -ביופארמקס","054-4951175","972544951175","972544951175@c.us","נייד ישראלי",0
"בעז יכין","054-7458948","972547458948","972547458948@c.us","נייד ישראלי",0
"שרון גלסברג","054-3066522","972543066522","972543066522@c.us","נייד ישראלי",0
"מתי ליברמן","054-3053360","972543053360","972543053360@c.us","נייד ישראלי",0
"סלעית ברדה - מעברים יואב","054-6755303","972546755303","972546755303@c.us","נייד ישראלי",0
"איל איל","052-2753698","972522753698","972522753698@c.us","נייד ישראלי",0
"עתליה","052-3065362","972523065362","972523065362@c.us","נייד ישראלי",0
"שייקה מעגן ישמעאל","052-4700550","972524700550","972524700550@c.us","נייד ישראלי",0
"מוסך 5 כוכבים - זוהר","050-5551150","972505551150","972505551150@c.us","נייד ישראלי",0
"יאיר גת פשוט בריא","052-7506282","972527506282","972527506282@c.us","נייד ישראלי",0
"יאיר מנא - ניר עם","050-2200900","972502200900","972502200900@c.us","נייד ישראלי",0
"רייזמן רוני","054-4702777","972544702777","972544702777@c.us","נייד ישראלי",0
"איתן מורה של רותם","054-4366178","972544366178","972544366178@c.us","נייד ישראלי",0
"עוזי בכר חברת חשמל","054-6090744","972546090744","972546090744@c.us","נייד ישראלי",0
"ד""ר סיגל","050-3804420","972503804420","972503804420@c.us","נייד ישראלי",0
"יניב סלומון - מעצב","052-5912260","972525912260","972525912260@c.us","נייד ישראלי",0
"משטרה - משה אלפסי","050-7291753","972507291753","972507291753@c.us","נייד ישראלי",0
"סידני","050-4811116","972504811116","972504811116@c.us","נייד ישראלי",0
"ארז דישבק","050-5779971","972505779971","972505779971@c.us","נייד ישראלי",0
"אלי הילמן","054-6665157","972546665157","972546665157@c.us","נייד ישראלי",0
"פרסום קיפר - שרי טרוצין","050-3877879","972503877879","972503877879@c.us","נייד ישראלי",0
"David Zin","19548051006","19548051006","19548051006@c.us","בינלאומי",0
"עבדול האדי","201123952373","201123952373","201123952373@c.us","בינלאומי",0
"דני מגוליס רמת הכובש","050-5405697","972505405697","972505405697@c.us","נייד ישראלי",0
"דודי הוכברג - איחוד הצלה","052-7908209","972527908209","972527908209@c.us","נייד ישראלי",0
"רחמים - וילאר","052-5312255","972525312255","972525312255@c.us","נייד ישראלי",0
"פקח 1 חדרה","054-3090779","972543090779","972543090779@c.us","נייד ישראלי",0
"וויסאם - מוסך ריאד ביאצסה","050-4224330","972504224330","972504224330@c.us","נייד ישראלי",0
"אסף דברת - בטר","050-5690459","972505690459","972505690459@c.us","נייד ישראלי",0
"חגית מר חיים - יועצת רגולציה","052-2710658","972522710658","972522710658@c.us","נייד ישראלי",0
"אילן החתן","055-6657924","972556657924","972556657924@c.us","נייד ישראלי",0
"רן ניקוי סודה","052-2909015","972522909015","972522909015@c.us","נייד ישראלי",0
"קובי כהן - חשמלאי","050-6324361","972506324361","972506324361@c.us","נייד ישראלי",0
"איתן פוקס","054-5206807","972545206807","972545206807@c.us","נייד ישראלי",0
"חכם חשב סולגרין","054-4797566","972544797566","972544797566@c.us","נייד ישראלי",0
"פרופסור נחום וייסמן","052-4266596","972524266596","972524266596@c.us","נייד ישראלי",0
"עודד אלומיניום","050-5466462","972505466462","972505466462@c.us","נייד ישראלי",0
"הרצל אלעני - מהנדס יואב","053-3363425","972533363425","972533363425@c.us","נייד ישראלי",0
"מתניה - מספנת תל אביב","055-9855333","972559855333","972559855333@c.us","נייד ישראלי",0
"שלמה בילי","054-8026436","972548026436","972548026436@c.us","נייד ישראלי",0
"יפתח סרי","052-6005995","972526005995","972526005995@c.us","נייד ישראלי",0
"גסי פארם","052-5558683","972525558683","972525558683@c.us","נייד ישראלי",0
"צ. נמרוד רון","054-6663751","972546663751","972546663751@c.us","נייד ישראלי",0
"ענבר חיפה","055-9506887","972559506887","972559506887@c.us","נייד ישראלי",0
"יואב קיש","054-2523333","972542523333","972542523333@c.us","נייד ישראלי",0
"צ. טירא ק. הנדסה 98","053-2342220","972532342220","972532342220@c.us","נייד ישראלי",0
"הישאם מחבל מנשה","052-8556153","972528556153","972528556153@c.us","נייד ישראלי",0
"אמיר אורן","052-3666436","972523666436","972523666436@c.us","נייד ישראלי",0
"רויטל בוארון - פזומט","052-7766900","972527766900","972527766900@c.us","נייד ישראלי",0
"ליאת המסבירה הלאומית","053-5219431","972535219431","972535219431@c.us","נייד ישראלי",0
"אלי עוזרי","054-2233697","972542233697","972542233697@c.us","נייד ישראלי",0
"איימן בית לחם","052-5733945","972525733945","972525733945@c.us","נייד ישראלי",0
"אוריאל קבלן","052-2322062","972522322062","972522322062@c.us","נייד ישראלי",0
"רז ממן - גידור סולארי טרלייט","054-2575026","972542575026","972542575026@c.us","נייד ישראלי",0
"Anda הכלבה תמנע Eilam","054-4839741","972544839741","972544839741@c.us","נייד ישראלי",0
"Dov Nachman הרץ","054-3999523","972543999523","972543999523@c.us","נייד ישראלי",0
"נדב קופל","054-6995141","972546995141","972546995141@c.us","נייד ישראלי",0
"אביעד אלבמה","052-5264366","972525264366","972525264366@c.us","נייד ישראלי",0
"שגיא חן","050-7336236","972507336236","972507336236@c.us","נייד ישראלי",0
"אבא היקר","052-8027045","972528027045","972528027045@c.us","נייד ישראלי",0
"RAFI מרון","050-2777690","972502777690","972502777690@c.us","נייד ישראלי",0
"עותמן חשמלאי","054-5454199","972545454199","972545454199@c.us","נייד ישראלי",0
"רן - מושב חמרה","050-4597001","972504597001","972504597001@c.us","נייד ישראלי",0
"איתי מוטורס - אבי","053-3452525","972533452525","972533452525@c.us","נייד ישראלי",0
"סמיח - רב""ש מייסר","050-2876198","972502876198","972502876198@c.us","נייד ישראלי",0
"אייל מוצן - צבר קמה","054-5637704","972545637704","972545637704@c.us","נייד ישראלי",0
"נחי לאור","054-4872525","972544872525","972544872525@c.us","נייד ישראלי",0
"ד""ר ארי שפר","050-8925268","972508925268","972508925268@c.us","נייד ישראלי",0
"חגי יהודה - בקעת הירדן","050-5350152","972505350152","972505350152@c.us","נייד ישראלי",0
"איהב - פנצריה ניידת","052-7282236","972527282236","972527282236@c.us","נייד ישראלי",0
"נורה פארם","050-8900124","972508900124","972508900124@c.us","נייד ישראלי",0
"רותם הילמן","054-9800300","972549800300","972549800300@c.us","נייד ישראלי",0
"סשה מחדרה","053-3317428","972533317428","972533317428@c.us","נייד ישראלי",0
"ניקי חדרה","050-5503092","972505503092","972505503092@c.us","נייד ישראלי",0
"רוני מהשוסטריה","054-2223657","972542223657","972542223657@c.us","נייד ישראלי",0
"שלי חייל","18023916059","18023916059","18023916059@c.us","בינלאומי",0
"צביקה יעקובי - מדריך טיסה","050-4855664","972504855664","972504855664@c.us","נייד ישראלי",0
"רון ברק","052-4529830","972524529830","972524529830@c.us","נייד ישראלי",0
"רון איתן","052-3219273","972523219273","972523219273@c.us","נייד ישראלי",0
"תאיר חסון","050-8293221","972508293221","972508293221@c.us","נייד ישראלי",0
"צחי מלגזה יקום","058-5600495","972585600495","972585600495@c.us","נייד ישראלי",0
"מאזן חו","054-7837482","972547837482","972547837482@c.us","נייד ישראלי",0
"ערן ניסובויים צוללים צפון","052-2228276","972522228276","972522228276@c.us","נייד ישראלי",0
"עו""ד נוי פרלמן ישראלי","054-3333028","972543333028","972543333028@c.us","נייד ישראלי",0
"נועה רוזן","054-9428686","972549428686","972549428686@c.us","נייד ישראלי",0
"שוכר - אמיר ברודה","054-7839018","972547839018","972547839018@c.us","נייד ישראלי",0
"Olga טלי","052-2221764","972522221764","972522221764@c.us","נייד ישראלי",0
"אביעד שחף","054-7997015","972547997015","972547997015@c.us","נייד ישראלי",0
"נוגי יקל""ר","050-8480620","972508480620","972508480620@c.us","נייד ישראלי",0
"גבריאל דדוש - חבר של סיון לויט","050-2277699","972502277699","972502277699@c.us","נייד ישראלי",0
"עוזי עאזאת חממות","050-2110099","972502110099","972502110099@c.us","נייד ישראלי",0
"Ofer Rendlich קנטק","050-5709900","972505709900","972505709900@c.us","נייד ישראלי",0
"ברק פינ","052-3200918","972523200918","972523200918@c.us","נייד ישראלי",0
"ג. עוזי ברקוביץ תל נוף","052-5027777","972525027777","972525027777@c.us","נייד ישראלי",0
"אקספרס מחשב","046386060","97246386060","97246386060@c.us","קווי ישראלי",0
"אלכס - תיקון מקררים","052-2613501","972522613501","972522613501@c.us","נייד ישראלי",0
"שי קאזו","054-7538847","972547538847","972547538847@c.us","נייד ישראלי",0
"שי כהן - רס""ר האנדרטה","050-5063983","972505063983","972505063983@c.us","נייד ישראלי",0
"תשוט - אסף","054-6989809","972546989809","972546989809@c.us","נייד ישראלי",0
"תם ארושס","052-3325883","972523325883","972523325883@c.us","נייד ישראלי",0
"נהג פינוי זבל - טיק טק","054-5490234","972545490234","972545490234@c.us","נייד ישראלי",0
"מירי - הומופתית","054-7598567","972547598567","972547598567@c.us","נייד ישראלי",0
"ליאור באדי","054-6050433","972546050433","972546050433@c.us","נייד ישראלי",0
"יעל רפופורט","054-6665113","972546665113","972546665113@c.us","נייד ישראלי",0
"צייד - צביקה גלידואני","050-7683360","972507683360","972507683360@c.us","נייד ישראלי",0
"מיכאל - העוזר של פייגלין","052-4202884","972524202884","972524202884@c.us","נייד ישראלי",0
"אביק יחיא - רב""ש מצר","052-4399333","972524399333","972524399333@c.us","נייד ישראלי",0
"יובל בנדור","054-6626970","972546626970","972546626970@c.us","נייד ישראלי",0
"ד""ר עודד שגיא","054-2020254","972542020254","972542020254@c.us","נייד ישראלי",0
"עופר הפיראט","054-7551773","972547551773","972547551773@c.us","נייד ישראלי",0
"אשכר ושלר דור - BD נובולוג","054-8885376","972548885376","972548885376@c.us","נייד ישראלי",0
"דוד יצחק - תיאוריה לטייס","054-8110141","972548110141","972548110141@c.us","נייד ישראלי",0
"ניר רביד - רו""ח","054-4798482","972544798482","972544798482@c.us","נייד ישראלי",0
"טל דוד תילתן","054-7509846","972547509846","972547509846@c.us","נייד ישראלי",0
"הודיה נתניה","050-3269922","972503269922","972503269922@c.us","נייד ישראלי",0
"לירון גרינפילדס דודא מרקחת","052-6938998","972526938998","972526938998@c.us","נייד ישראלי",0
"שחר נמרוד","053-2825444","972532825444","972532825444@c.us","נייד ישראלי",0
"אילן פטרידס","054-4516149","972544516149","972544516149@c.us","נייד ישראלי",0
"עמוס כרמית","054-6996609","972546996609","972546996609@c.us","נייד ישראלי",0
"עדן נדיר - סיירת ירוקה צפון","054-6799572","972546799572","972546799572@c.us","נייד ישראלי",0
"ישראל נקל - Deloitte","052-8512564","972528512564","972528512564@c.us","נייד ישראלי",0
"אריה - סיון חומרי ניקוי","052-4388800","972524388800","972524388800@c.us","נייד ישראלי",0
"מיכל הג","052-8573157","972528573157","972528573157@c.us","נייד ישראלי",0
"דן פולימץ - ישראל","053-2838739","972532838739","972532838739@c.us","נייד ישראלי",0
"צ. חזי דיין","054-4230420","972544230420","972544230420@c.us","נייד ישראלי",0
"ליאור שינוע","052-2993749","972522993749","972522993749@c.us","נייד ישראלי",0
"איתמר ג'ובה","054-2298072","972542298072","972542298072@c.us","נייד ישראלי",0
"מירים ז'אן - נייד","052-5362366","972525362366","972525362366@c.us","נייד ישראלי",0
"דודי סעדי חשמלאי","054-3335316","972543335316","972543335316@c.us","נייד ישראלי",0
"Ben Franklin","13059685137","13059685137","13059685137@c.us","בינלאומי",0
"יצחק אדלשטיין מתכות","052-7480226","972527480226","972527480226@c.us","נייד ישראלי",0
"שי גוטמן - דני עטר","050-4077878","972504077878","972504077878@c.us","נייד ישראלי",0
"אריאל מ","054-4938637","972544938637","972544938637@c.us","נייד ישראלי",0
"ארי אסלן - EY","054-4736517","972544736517","972544736517@c.us","נייד ישראלי",0
"Arnon Tamir","052-4667514","972524667514","972524667514@c.us","נייד ישראלי",0
"ארי יהלי","054-4552250","972544552250","972544552250@c.us","נייד ישראלי",0
"סיוון סלמה - זיכרון יעקב","053-8600222","972538600222","972538600222@c.us","נייד ישראלי",0
"יובל שחם","054-6920515","972546920515","972546920515@c.us","נייד ישראלי",0
"ראול רודריגז","054-4676869","972544676869","972544676869@c.us","נייד ישראלי",0
"ענת גאיה","052-6733899","972526733899","972526733899@c.us","נייד ישראלי",0
"מר התימ","052-3153531","972523153531","972523153531@c.us","נייד ישראלי",0
"אלדד קידר - צייד","052-2575887","972522575887","972522575887@c.us","נייד ישראלי",0
"חגי שניר - מנהל מחוז משרד החקלאות","050-6241211","972506241211","972506241211@c.us","נייד ישראלי",0
"מיקי נווה - שדות יועצים","052-4225857","972524225857","972524225857@c.us","נייד ישראלי",0
"דקל תיאום 448","050-5074461","972505074461","972505074461@c.us","נייד ישראלי",0
"רחלי - שלטים אפיק מענית","054-2321991","972542321991","972542321991@c.us","נייד ישראלי",0
"שלומציון חלפון","054-4434199","972544434199","972544434199@c.us","נייד ישראלי",0
"LJצמח לורנס","055-2217911","972552217911","972552217911@c.us","נייד ישראלי",0
"מאיה אלון - הארנב הלבן","054-7918647","972547918647","972547918647@c.us","נייד ישראלי",0
"מני הללי - אספנות","052-2510550","972522510550","972522510550@c.us","נייד ישראלי",0
"רותם נא","054-2327198","972542327198","972542327198@c.us","נייד ישראלי",0
"ליאורה טויב","052-3235614","972523235614","972523235614@c.us","נייד ישראלי",0
"מסגר - עבודי גבעתי","052-3016565","972523016565","972523016565@c.us","נייד ישראלי",0
"עילי חיות","052-5579880","972525579880","972525579880@c.us","נייד ישראלי",0
"דוד לביק","054-7695534","972547695534","972547695534@c.us","נייד ישראלי",0
"עומרי רגב","050-9677577","972509677577","972509677577@c.us","נייד ישראלי",0
"ספאפרטס","052-8442246","972528442246","972528442246@c.us","נייד ישראלי",0
"תובל צרור","052-3214759","972523214759","972523214759@c.us","נייד ישראלי",0
"דורון דבי","054-5545036","972545545036","972545545036@c.us","נייד ישראלי",0
"ניקול - שלישות גדוד אבשלום","054-6463509","972546463509","972546463509@c.us","נייד ישראלי",0
"רחלי אזולאי לאומי מנהלת עסקי פ״ח","052-5784077","972525784077","972525784077@c.us","נייד ישראלי",0
"סהר סיבוני - ענף נפגעים צבא","050-6683444","972506683444","972506683444@c.us","נייד ישראלי",0
"מרכוס","050-4088995","972504088995","972504088995@c.us","נייד ישראלי",0
"רון יעקובוביץ","050-5409397","972505409397","972505409397@c.us","נייד ישראלי",0
"גדי דוברת","050-5200820","972505200820","972505200820@c.us","נייד ישראלי",0
"רוני גרינברג המרכז לבוררויות","054-7007007","972547007007","972547007007@c.us","נייד ישראלי",0
"מיקי דודקביץ - מנהל בי""ח הילל יפה","050-6246990","972506246990","972506246990@c.us","נייד ישראלי",0
"יהודה ג","054-2460004","972542460004","972542460004@c.us","נייד ישראלי",0
"גל ארביב","054-7554199","972547554199","972547554199@c.us","נייד ישראלי",0
"עילי רייטר","050-8854417","972508854417","972508854417@c.us","נייד ישראלי",0
"מירי - סולגרין","054-6222684","972546222684","972546222684@c.us","נייד ישראלי",0
"בר אדוט סוי","054-7936525","972547936525","972547936525@c.us","נייד ישראלי",0
"רוזית איטונג","054-4853520","972544853520","972544853520@c.us","נייד ישראלי",0
"צ. אורי אלבז נשק 98","054-8346203","972548346203","972548346203@c.us","נייד ישראלי",0
"אורן ורד","052-3270858","972523270858","972523270858@c.us","נייד ישראלי",0
"סואן רן","054-7758633","972547758633","972547758633@c.us","נייד ישראלי",0
"מתמידים - אנה קודרה","054-7440829","972547440829","972547440829@c.us","נייד ישראלי",0
"כרים מואסי - אשכול ירקות","054-4853929","972544853929","972544853929@c.us","נייד ישראלי",0
"רן ברז'יק - מסוק","054-4544225","972544544225","972544544225@c.us","נייד ישראלי",0
"Sheron Paz","052-4399029","972524399029","972524399029@c.us","נייד ישראלי",0
"חן","053-3386002","972533386002","972533386002@c.us","נייד ישראלי",0
"ניר אוראל","054-4428128","972544428128","972544428128@c.us","נייד ישראלי",0
"יעקב - פוליטיב","050-6768081","972506768081","972506768081@c.us","נייד ישראלי",0
"יאיר שמיר","052-6040000","972526040000","972526040000@c.us","נייד ישראלי",0
"קראוזה גבי - כפר פינס","054-4702664","972544702664","972544702664@c.us","נייד ישראלי",0
"שרון פרץ - שוטר קהילתי","050-6272859","972506272859","972506272859@c.us","נייד ישראלי",0
"ליאור בריס","050-6345177","972506345177","972506345177@c.us","נייד ישראלי",0
"מעיין חסון גפן","050-8293247","972508293247","972508293247@c.us","נייד ישראלי",0
"מיקי זיו - מונה תעוז","052-2602724","972522602724","972522602724@c.us","נייד ישראלי",0
"ארין ווטרמן","054-7634461","972547634461","972547634461@c.us","נייד ישראלי",0
"אריאלה הילמן","19174396070","19174396070","19174396070@c.us","בינלאומי",0
"צ. רזניק גלעד","050-6066406","972506066406","972506066406@c.us","נייד ישראלי",0
"ימית פרידמן","050-8565177","972508565177","972508565177@c.us","נייד ישראלי",0
"אריה פודגה","054-4949900","972544949900","972544949900@c.us","נייד ישראלי",0
"אליסיה","054-2091355","972542091355","972542091355@c.us","נייד ישראלי",0
"Elinor Ginzburg-Ganz אלינור גנץ הכלב תבור","050-9363430","972509363430","972509363430@c.us","נייד ישראלי",0
"תומר בן דוד","052-7000030","972527000030","972527000030@c.us","נייד ישראלי",0
"מאיר בן דוד סממ״ר חוף","050-7435607","972507435607","972507435607@c.us","נייד ישראלי",0
"סטס בעל של בר משעל","052-2254018","972522254018","972522254018@c.us","נייד ישראלי",0
"גיא הירשפלד","052-7025743","972527025743","972527025743@c.us","נייד ישראלי",0
"דני בלו","055-2758286","972552758286","972552758286@c.us","נייד ישראלי",0
"עידן פורטוקל - PortuKal","055-3189564","972553189564","972553189564@c.us","נייד ישראלי",0
"חובב פלוביה","054-3535121","972543535121","972543535121@c.us","נייד ישראלי",0
"איליה רזניק","052-6344340","972526344340","972526344340@c.us","נייד ישראלי",0
"יפה - גליל מערבי","050-8267205","972508267205","972508267205@c.us","נייד ישראלי",0
"raf בלינדה","050-6334826","972506334826","972506334826@c.us","נייד ישראלי",0
"תיקון סירות - סלע","052-8795487","972528795487","972528795487@c.us","נייד ישראלי",0
"מתמידים - איל לוקר","052-4315831","972524315831","972524315831@c.us","נייד ישראלי",0
"הילה לוגסי - ישראכרט","054-6684529","972546684529","972546684529@c.us","נייד ישראלי",0
"שרון חן - מג""ב","050-6272387","972506272387","972506272387@c.us","נייד ישראלי",0
"איל שחר","050-5638588","972505638588","972505638588@c.us","נייד ישראלי",0
"אלירן עץ","050-2048198","972502048198","972502048198@c.us","נייד ישראלי",0
"צ. אמיר - דלק אלוג 98","050-7606228","972507606228","972507606228@c.us","נייד ישראלי",0
"מהיוב הגנן","052-4378261","972524378261","972524378261@c.us","נייד ישראלי",0
"אדיב","052-2537831","972522537831","972522537831@c.us","נייד ישראלי",0
"מחפוד דביר - חשמלאי נייד","053-7322626","972537322626","972537322626@c.us","נייד ישראלי",0
"יוסי בורוכוב - בנק מזרחי","054-4872616","972544872616","972544872616@c.us","נייד ישראלי",0
"שמעון ביטון - משרד החקלאות","050-6241609","972506241609","972506241609@c.us","נייד ישראלי",0
"גזורים - חגי","050-7594644","972507594644","972507594644@c.us","נייד ישראלי",0
"גיא עמית","054-9317050","972549317050","972549317050@c.us","נייד ישראלי",0
"אבירם במסגרת","050-5929642","972505929642","972505929642@c.us","נייד ישראלי",0
"מרגריטה המפקדת","050-4847576","972504847576","972504847576@c.us","נייד ישראלי",0
"נדב שטרק","14153124470","14153124470","14153124470@c.us","בינלאומי",0
"טוף מרום גולן - אבי","054-4241399","972544241399","972544241399@c.us","נייד ישראלי",0
"רונן חברת חשמל -","053-7626711","972537626711","972537626711@c.us","נייד ישראלי",0
"אמיר שוורץ","052-4754343","972524754343","972524754343@c.us","נייד ישראלי",0
"עדי אולם 4 - שלם","052-5662227","972525662227","972525662227@c.us","נייד ישראלי",0
"בן חיות","058-7745451","972587745451","972587745451@c.us","נייד ישראלי",0
"yakov segalקובי סגל","054-3025828","972543025828","972543025828@c.us","נייד ישראלי",0
"יורגוס פפדופולוס - קפריסין","35799656961","35799656961","35799656961@c.us","בינלאומי",0
"מוני איטליה","39335485243","39335485243","39335485243@c.us","בינלאומי",0
"רבנו","054-4900789","972544900789","972544900789@c.us","נייד ישראלי",0
"דביר טלר","050-6478163","972506478163","972506478163@c.us","נייד ישראלי",0
"עו""ד יניב הברי קפריסין","35799330335","35799330335","35799330335@c.us","בינלאומי",0
"אלכס וסרמן","050-6679867","972506679867","972506679867@c.us","נייד ישראלי",0
"עומר סעדה","052-4563333","972524563333","972524563333@c.us","נייד ישראלי",0
"מרסלו המרשטיין","052-5013141","972525013141","972525013141@c.us","נייד ישראלי",0
"רועי קסוטו חוקר נוער זכרון","050-5073083","972505073083","972505073083@c.us","נייד ישראלי",0
"טאוואנדה Pure Farms","14036903334","14036903334","14036903334@c.us","בינלאומי",0
"דקובוקס - שלומי","054-4897406","972544897406","972544897406@c.us","נייד ישראלי",0
"חיימקה ינאי","054-9299254","972549299254","972549299254@c.us","נייד ישראלי",0
"משטרה - בועז ליבנה","050-6274897","972506274897","972506274897@c.us","נייד ישראלי",0
"אדם קולמן - אדריכל","050-6204057","972506204057","972506204057@c.us","נייד ישראלי",0
"ראם יקל""ר","054-7207022","972547207022","972547207022@c.us","נייד ישראלי",0
"יואב רוטלר - CFO","054-4988960","972544988960","972544988960@c.us","נייד ישראלי",0
"ניצן בן שושן","052-8649048","972528649048","972528649048@c.us","נייד ישראלי",0
"טל חבלן משטרה","052-3713547","972523713547","972523713547@c.us","נייד ישראלי",0
"עינת בלום","050-7531855","972507531855","972507531855@c.us","נייד ישראלי",0
"מיתר מדיקןX","052-2948299","972522948299","972522948299@c.us","נייד ישראלי",0
"אבי תם","054-7708083","972547708083","972547708083@c.us","נייד ישראלי",0
"שיפי שלום - מיטשוס","054-7755779","972547755779","972547755779@c.us","נייד ישראלי",0
"גל פורמנסקי - זימבבואה","054-9599933","972549599933","972549599933@c.us","נייד ישראלי",0
"און ריפמן","050-3353342","972503353342","972503353342@c.us","נייד ישראלי",0
"גילי בלובוס","054-5854767","972545854767","972545854767@c.us","נייד ישראלי",0
"רונן צור","052-6214502","972526214502","972526214502@c.us","נייד ישראלי",0
"אלעשרי אליאב","054-5440417","972545440417","972545440417@c.us","נייד ישראלי",0
"מישל אביהו","15618717389","15618717389","15618717389@c.us","בינלאומי",0
"דודי ייני","052-8602260","972528602260","972528602260@c.us","נייד ישראלי",0
"אמיר פוקס","050-4090120","972504090120","972504090120@c.us","נייד ישראלי",0
"אלדד קרוק - עין יהב","052-3666244","972523666244","972523666244@c.us","נייד ישראלי",0
"מריאל אפלמן - נוטרניון","052-2847468","972522847468","972522847468@c.us","נייד ישראלי",0
"אלעד בן עמי","054-4993201","972544993201","972544993201@c.us","נייד ישראלי",0
"Ron מבסוט Avraham","054-5242456","972545242456","972545242456@c.us","נייד ישראלי",0
"רונה פיש","052-8716489","972528716489","972528716489@c.us","נייד ישראלי",0
"יעלי רפי","054-5663900","972545663900","972545663900@c.us","נייד ישראלי",0
"שמשי צ'צ'קס","052-8441441","972528441441","972528441441@c.us","נייד ישראלי",0
"דגנית פוקס","050-8220928","972508220928","972508220928@c.us","נייד ישראלי",0
"לאה פרי","052-8902301","972528902301","972528902301@c.us","נייד ישראלי",0
"ארושס מוטי","054-6768395","972546768395","972546768395@c.us","נייד ישראלי",0
"גיא סלע","054-8115884","972548115884","972548115884@c.us","נייד ישראלי",0
"אייל ורדי","052-2564902","972522564902","972522564902@c.us","נייד ישראלי",0
"Benji Cannbis","058-4623654","972584623654","972584623654@c.us","נייד ישראלי",0
"אביעד סואן","054-7496126","972547496126","972547496126@c.us","נייד ישראלי",0
"ניתאי סוריאנו","052-2888365","972522888365","972522888365@c.us","נייד ישראלי",0
"אתי - בתי שיח","054-4969704","972544969704","972544969704@c.us","נייד ישראלי",0
"תאופיק חשמל","052-6015352","972526015352","972526015352@c.us","נייד ישראלי",0
"רחל חבד","052-3908285","972523908285","972523908285@c.us","נייד ישראלי",0
"אילן ברכה","050-5277772","972505277772","972505277772@c.us","נייד ישראלי",0
"צ. ווני","050-7350634","972507350634","972507350634@c.us","נייד ישראלי",0
"אופיר גנות �גנים","050-5890520","972505890520","972505890520@c.us","נייד ישראלי",0
"גבריאל גרוס - שוכר","054-5540305","972545540305","972545540305@c.us","נייד ישראלי",0
"חמודי רשיונות","050-4933366","972504933366","972504933366@c.us","נייד ישראלי",0
"בן עזרי אושר","054-5318618","972545318618","972545318618@c.us","נייד ישראלי",0
"רויטל כהן - מגידו","050-2619736","972502619736","972502619736@c.us","נייד ישראלי",0
"יפעת ברק","052-4572446","972524572446","972524572446@c.us","נייד ישראלי",0
"אציל מוסך ברטעה","054-8733488","972548733488","972548733488@c.us","נייד ישראלי",0
"אורן שהרבני","052-3400379","972523400379","972523400379@c.us","נייד ישראלי",0
"יהושוע קלדיי","052-2813538","972522813538","972522813538@c.us","נייד ישראלי",0
"צ. רזי צמ""ה","050-8684820","972508684820","972508684820@c.us","נייד ישראלי",0
"אריה שרון מ. א. אלונה","053-7636590","972537636590","972537636590@c.us","נייד ישראלי",0
"יפתח וסרמן","052-4255556","972524255556","972524255556@c.us","נייד ישראלי",0
"קארין","052-3356165","972523356165","972523356165@c.us","נייד ישראלי",0
"דורון רטר LR","054-2000630","972542000630","972542000630@c.us","נייד ישראלי",0
"Ido Dror 🦄עידו","050-6398669","972506398669","972506398669@c.us","נייד ישראלי",0
"אסתי סל","052-2743722","972522743722","972522743722@c.us","נייד ישראלי",0
"צ. מורדי רס""ר בסיס זי""ס","052-9272329","972529272329","972529272329@c.us","נייד ישראלי",0
"יעל פרידמן","054-6370002","972546370002","972546370002@c.us","נייד ישראלי",0
"קן התוכי","055-9430496","972559430496","972559430496@c.us","נייד ישראלי",0
"צ. אמיל ברימו","052-3744677","972523744677","972523744677@c.us","נייד ישראלי",0
"זוהר תנעמי מנכל האולפנא","050-9933884","972509933884","972509933884@c.us","נייד ישראלי",0
"צ. ברמן","052-5222846","972525222846","972525222846@c.us","נייד ישראלי",0
"יותם אריאל הופמן","052-6686802","972526686802","972526686802@c.us","נייד ישראלי",0
"גרין זון","050-9293444","972509293444","972509293444@c.us","נייד ישראלי",0
"אברהם סנעטי","050-5205312","972505205312","972505205312@c.us","נייד ישראלי",0
"עופרי בן כנען","052-5759485","972525759485","972525759485@c.us","נייד ישראלי",0
"הילדים מת""א","052-8124685","972528124685","972528124685@c.us","נייד ישראלי",0
"אסי כהן פרדס","054-5516787","972545516787","972545516787@c.us","נייד ישראלי",0
"אמה נאמן","054-7867336","972547867336","972547867336@c.us","נייד ישראלי",0
"עידן לוי - קידום אתרים","050-5770574","972505770574","972505770574@c.us","נייד ישראלי",0
"בן רזניק","054-2223587","972542223587","972542223587@c.us","נייד ישראלי",0
"בני בן מובחר - מ. א. מבואות החרמון","050-5607080","972505607080","972505607080@c.us","נייד ישראלי",0
"יצחק עדכני","055-9453981","972559453981","972559453981@c.us","נייד ישראלי",0
"יוני קצין אג""ם נפת גדור","054-8086609","972548086609","972548086609@c.us","נייד ישראלי",0
"משטרה - דותן מעודה","050-6276890","972506276890","972506276890@c.us","נייד ישראלי",0
"שוש ארי","052-2781727","972522781727","972522781727@c.us","נייד ישראלי",0
"איתן מצליח","050-6824389","972506824389","972506824389@c.us","נייד ישראלי",0
"עמית בן שמעון - תאילנד","66982472350","66982472350","66982472350@c.us","בינלאומי",0
"גיהאד יונס טרקטור","058-4764689","972584764689","972584764689@c.us","נייד ישראלי",0
"שיר שרף","052-4826730","972524826730","972524826730@c.us","נייד ישראלי",0
"רותם קריגר","054-7359559","972547359559","972547359559@c.us","נייד ישראלי",0
"דר אורנה לנדאו דה קנאביס","054-4270761","972544270761","972544270761@c.us","נייד ישראלי",0
"שירלי ברגר","054-2204042","972542204042","972542204042@c.us","נייד ישראלי",0
"טאיס גימאריז - נספחת כלכלית בברזיל Thais Guimarães","553191286942","553191286942","553191286942@c.us","בינלאומי",0
"שונטל ראשון","054-2583447","972542583447","972542583447@c.us","נייד ישראלי",0
"EDAN","054-5885590","972545885590","972545885590@c.us","נייד ישראלי",0
"רקפת לוי - עין עירון","050-4476213","972504476213","972504476213@c.us","נייד ישראלי",0
"מתן תמיר","052-7978797","972527978797","972527978797@c.us","נייד ישראלי",0
"אייל בן עזרי - עבודות עפר","052-4487487","972524487487","972524487487@c.us","נייד ישראלי",0
"אורון - אבי פלסט","054-6804111","972546804111","972546804111@c.us","נייד ישראלי",0
"נמר מיגון - באסם","054-4992970","972544992970","972544992970@c.us","נייד ישראלי",0
"ארי פוטר","054-7734482","972547734482","972547734482@c.us","נייד ישראלי",0
"כרמית צאט","053-4958641","972534958641","972534958641@c.us","נייד ישראלי",0
"דויד דלתות הזזה ברק","053-5503818","972535503818","972535503818@c.us","נייד ישראלי",0
"סמיר בקה","050-7774951","972507774951","972507774951@c.us","נייד ישראלי",0
"מתן משה חממי דרופשיפינג באיביי","055-3160720","972553160720","972553160720@c.us","נייד ישראלי",0
"שני צ'פניק","052-3428666","972523428666","972523428666@c.us","נייד ישראלי",0
"אבירן פיגארו - טיטניום","050-8227715","972508227715","972508227715@c.us","נייד ישראלי",0
"שי חיימוב - פורום הלוגיסטיקה","054-9197187","972549197187","972549197187@c.us","נייד ישראלי",0
"נח קראסטנו - זימבבואה","263717721707","263717721707","263717721707@c.us","בינלאומי",0
"מיכה טנא-סוכן נסיעות","054-6487505","972546487505","972546487505@c.us","נייד ישראלי",0
"יקי מזור","054-4583535","972544583535","972544583535@c.us","נייד ישראלי",0
"גבי ברשישת","052-4844139","972524844139","972524844139@c.us","נייד ישראלי",0
"שחר פוקס","052-7870333","972527870333","972527870333@c.us","נייד ישראלי",0
"רז הוכמן","054-4555827","972544555827","972544555827@c.us","נייד ישראלי",0
"רמי עיתונים","050-5512493","972505512493","972505512493@c.us","נייד ישראלי",0
"חמודי אגבאריה - גרר","050-5063002","972505063002","972505063002@c.us","נייד ישראלי",0
"קים חסון","050-8293249","972508293249","972508293249@c.us","נייד ישראלי",0
"ישי חובשי","050-5746375","972505746375","972505746375@c.us","נייד ישראלי",0
"ליאור אילוף כלבים אחד על אחד","050-6701020","972506701020","972506701020@c.us","נייד ישראלי",0
"ד""ר אודי דהאן - מנכ""ל UBS","054-9005040","972549005040","972549005040@c.us","נייד ישראלי",0
"מתמידים- מרום מור","053-7723008","972537723008","972537723008@c.us","נייד ישראלי",0
"מנחם ראשל״צ","052-2310115","972522310115","972522310115@c.us","נייד ישראלי",0
"ארז - אושן ניישן","054-4422772","972544422772","972544422772@c.us","נייד ישראלי",0
"ניר רביד","054-9888449","972549888449","972549888449@c.us","נייד ישראלי",0
"יוסי קצ","052-8990662","972528990662","972528990662@c.us","נייד ישראלי",0
"מור אזרן מג""ב","050-6277480","972506277480","972506277480@c.us","נייד ישראלי",0
"ניר אשד","054-8059612","972548059612","972548059612@c.us","נייד ישראלי",0
"בנש מיש","054-6288222","972546288222","972546288222@c.us","נייד ישראלי",0
"עו""ד ניצה פוזנר","052-3568277","972523568277","972523568277@c.us","נייד ישראלי",0
"אשתו של ד""ר בדעאן שאדי","058-7410091","972587410091","972587410091@c.us","נייד ישראלי",0
"יואל חצרן","054-4921033","972544921033","972544921033@c.us","נייד ישראלי",0
"תום כהן - עוזר של תמר","050-2909914","972502909914","972502909914@c.us","נייד ישראלי",0
"צאט בוט וואטצאפ","055-9847775","972559847775","972559847775@c.us","נייד ישראלי",0
"סהר חיות","054-5554228","972545554228","972545554228@c.us","נייד ישראלי",0
"אנטון קודנית","054-2030101","972542030101","972542030101@c.us","נייד ישראלי",0
"מתמידים - אייל יקר","053-6524747","972536524747","972536524747@c.us","נייד ישראלי",0
"מרין","052-3912919","972523912919","972523912919@c.us","נייד ישראלי",0
"מוטי טרבלסי תולי מכוניות","054-2270360","972542270360","972542270360@c.us","נייד ישראלי",0
"צח אסולין - יוניבו חוות עמית","053-5545378","972535545378","972535545378@c.us","נייד ישראלי",0
"צ. אבי פנצר","054-3114055","972543114055","972543114055@c.us","נייד ישראלי",0
"גל גלבר - עין עירון","054-6470747","972546470747","972546470747@c.us","נייד ישראלי",0
"עו""ד ברק לוכטנשטיין","054-4604026","972544604026","972544604026@c.us","נייד ישראלי",0
"צ חוסיין","050-5552701","972505552701","972505552701@c.us","נייד ישראלי",0
"מייק אלדין - יפן","15107344448","15107344448","15107344448@c.us","בינלאומי",0
"ליעדי בס","054-6633203","972546633203","972546633203@c.us","נייד ישראלי",0
"ישי ישייב","054-5851275","972545851275","972545851275@c.us","נייד ישראלי",0
"טביט","052-5848363","972525848363","972525848363@c.us","נייד ישראלי",0
"ניצן רוני","053-2260604","972532260604","972532260604@c.us","נייד ישראלי",0
"שרון חידו נייד כנען טרקטורים","054-5750013","972545750013","972545750013@c.us","נייד ישראלי",0
"אריאל מכרמיאל","054-2433137","972542433137","972542433137@c.us","נייד ישראלי",0
"גל שלוש","050-5705710","972505705710","972505705710@c.us","נייד ישראלי",0
"אלונה רכב צאלים","050-2612845","972502612845","972502612845@c.us","נייד ישראלי",0
"אור שיזף","052-8545048","972528545048","972528545048@c.us","נייד ישראלי",0
"דוד רוזנברג - מוקד אמון","052-2775344","972522775344","972522775344@c.us","נייד ישראלי",0
"צ. מיכאל פלקד 98","054-5868326","972545868326","972545868326@c.us","נייד ישראלי",0
"מתן מורה לערבית","052-8723595","972528723595","972528723595@c.us","נייד ישראלי",0
"צ. עדי קרן מג""ד","050-6459850","972506459850","972506459850@c.us","נייד ישראלי",0
"מכבסת מקופלת - ניר","050-6706127","972506706127","972506706127@c.us","נייד ישראלי",0
"בוב","054-6748747","972546748747","972546748747@c.us","נייד ישראלי",0
"מודי וייס - צייד","053-3823386","972533823386","972533823386@c.us","נייד ישראלי",0
"דודו אביטן - קצין מודיעין מג""ב","050-5068696","972505068696","972505068696@c.us","נייד ישראלי",0
"יוני ישראלי - מנר""ב","054-2164045","972542164045","972542164045@c.us","נייד ישראלי",0
"אלומיניום אבו חביב ברטעה","052-2281186","972522281186","972522281186@c.us","נייד ישראלי",0
"Rtf חאג","054-5495320","972545495320","972545495320@c.us","נייד ישראלי",0
"יוסי השף","054-7281281","972547281281","972547281281@c.us","נייד ישראלי",0
"ד""ר זוהר קורן","052-7331424","972527331424","972527331424@c.us","נייד ישראלי",0
"דלית שמואלי יור עמותת גוונים של סגול","052-5811005","972525811005","972525811005@c.us","נייד ישראלי",0
"אייל מסמא","052-7022821","972527022821","972527022821@c.us","נייד ישראלי",0
"מוסא חשמלאי ברטעה","054-7805453","972547805453","972547805453@c.us","נייד ישראלי",0
"דני מוסך","050-5469348","972505469348","972505469348@c.us","נייד ישראלי",0
"און ליין יהודה","054-7873047","972547873047","972547873047@c.us","נייד ישראלי",0
"צ. ליאור אוחנה סרספ","053-6228499","972536228499","972536228499@c.us","נייד ישראלי",0
"דניס חכים","052-5706844","972525706844","972525706844@c.us","נייד ישראלי",0
"איציק חניון טסים לעסקים - עסקי טסים","050-9711673","972509711673","972509711673@c.us","נייד ישראלי",0
"צ. הרב אביחי רב אוגדה 98","052-9064835","972529064835","972529064835@c.us","נייד ישראלי",0
"ד""ר בן מילר מרפאת שיניים אביב","052-3658393","972523658393","972523658393@c.us","נייד ישראלי",0
"עדאל בוהירט","052-2834675","972522834675","972522834675@c.us","נייד ישראלי",0
"מנחם פרוכטר קדומים","052-6070960","972526070960","972526070960@c.us","נייד ישראלי",0
"ברקת שיף דר","052-4219493","972524219493","972524219493@c.us","נייד ישראלי",0
"מרים הכלבה פיבי רוח)","052-2736633","972522736633","972522736633@c.us","נייד ישראלי",0
"זכריה פז","054-5549870","972545549870","972545549870@c.us","נייד ישראלי",0
"עומר יוניטי","052-4246313","972524246313","972524246313@c.us","נייד ישראלי",0
"ניר חן מכס","052-3737409","972523737409","972523737409@c.us","נייד ישראלי",0
"רועי קוטלר - מנהל אתר","050-9610115","972509610115","972509610115@c.us","נייד ישראלי",0
"נאווה דולב - רוקחת","052-2786076","972522786076","972522786076@c.us","נייד ישראלי",0
"יהודית עו""ד","054-8182089","972548182089","972548182089@c.us","נייד ישראלי",0
"אודי סקאל","052-2361831","972522361831","972522361831@c.us","נייד ישראלי",0
"ברק פינ","052-5118085","972525118085","972525118085@c.us","נייד ישראלי",0
"ז'אן מיכאל","052-3228702","972523228702","972523228702@c.us","נייד ישראלי",0
"הילה פרי","052-2369610","972522369610","972522369610@c.us","נייד ישראלי",0
"יאזם בית גאן","054-2367523","972542367523","972542367523@c.us","נייד ישראלי",0
"רן גורליק - קרונוס","054-7868133","972547868133","972547868133@c.us","נייד ישראלי",0
"אפי בולי","050-9384545","972509384545","972509384545@c.us","נייד ישראלי",0
"מאיר גנח - חווה","054-2366779","972542366779","972542366779@c.us","נייד ישראלי",0
"צ איילון לוי","052-4635858","972524635858","972524635858@c.us","נייד ישראלי",0
"שחר דפנה","052-3769334","972523769334","972523769334@c.us","נייד ישראלי",0
"ד""ר ענבר מיימון","050-5942400","972505942400","972505942400@c.us","נייד ישראלי",0
"Shaul Nakash","19174989191","19174989191","19174989191@c.us","בינלאומי",0
"מאיה מחלקת ביטחון מ. א. מנשה","054-6624884","972546624884","972546624884@c.us","נייד ישראלי",0
"קירור בני","054-5971515","972545971515","972545971515@c.us","נייד ישראלי",0
"משטרה - זכי סיידוף","050-7341613","972507341613","972507341613@c.us","נייד ישראלי",0
"יעל פוקס","050-9270394","972509270394","972509270394@c.us","נייד ישראלי",0
"טניה מצליח","052-6731479","972526731479","972526731479@c.us","נייד ישראלי",0
"רונן אזיזוב - מנהל נכסים וילאר","052-4788859","972524788859","972524788859@c.us","נייד ישראלי",0
"פארס סמארה - מסוק","054-4378674","972544378674","972544378674@c.us","נייד ישראלי",0
"שימעון אבטה","054-6457947","972546457947","972546457947@c.us","נייד ישראלי",0
"טל ל. יוסי לוי","051-5383319","972515383319","972515383319@c.us","נייד ישראלי",0
"שגיב קורנפלד עמר","12017060784","12017060784","12017060784@c.us","בינלאומי",0
"באר יעקב סתם","052-6248338","972526248338","972526248338@c.us","נייד ישראלי",0
"עו""ד יניב דינוביץ - הרצוג פוקס נאמן","054-5690722","972545690722","972545690722@c.us","נייד ישראלי",0
"לילך ביכלר","054-5282134","972545282134","972545282134@c.us","נייד ישראלי",0
"קב״ט המועצה - אורי בן יהודה","050-7663009","972507663009","972507663009@c.us","נייד ישראלי",0
"CHELI❤️‍🔥 טלפארמה","054-8121183","972548121183","972548121183@c.us","נייד ישראלי",0
"אסף טולדו","054-4229463","972544229463","972544229463@c.us","נייד ישראלי",0
"מחסן ברזל גנאיים","050-8697106","972508697106","972508697106@c.us","נייד ישראלי",0
"קטי דומ","050-7699695","972507699695","972507699695@c.us","נייד ישראלי",0
"עופר אסולין","054-6175422","972546175422","972546175422@c.us","נייד ישראלי",0
"יעל שכטר - התאחדות התעשיינים","052-5402094","972525402094","972525402094@c.us","נייד ישראלי",0
"אמג'ד מסוורה - חממות באקה","054-6944466","972546944466","972546944466@c.us","נייד ישראלי",0
"צ. טל רמ""ד תע""מ 80","050-7837026","972507837026","972507837026@c.us","נייד ישראלי",0
"איתי הכט","052-2988480","972522988480","972522988480@c.us","נייד ישראלי",0
"רייצ׳ל גרפיקאית","054-2377271","972542377271","972542377271@c.us","נייד ישראלי",0
"Steve Estonia","37256857474","37256857474","37256857474@c.us","בינלאומי",0
"יעל סגל","15618884137","15618884137","15618884137@c.us","בינלאומי",0
"טל ג'רבי","050-4887022","972504887022","972504887022@c.us","נייד ישראלי",0
"יפעת קריב תיקון עולם","050-6200040","972506200040","972506200040@c.us","נייד ישראלי",0
"אלעד רוזנטל","050-6216742","972506216742","972506216742@c.us","נייד ישראלי",0
"עזי בן שאול","050-4065770","972504065770","972504065770@c.us","נייד ישראלי",0
"הדר - דואר","050-3002094","972503002094","972503002094@c.us","נייד ישראלי",0
"ריטה פראזרס - קלוור ליף","351917887357","351917887357","351917887357@c.us","בינלאומי",0
"איתן מחול","052-8524290","972528524290","972528524290@c.us","נייד ישראלי",0
"חגית סלם - אחות ברקאי","050-5764296","972505764296","972505764296@c.us","נייד ישראלי",0
"אמיר אביבי","052-9458325","972529458325","972529458325@c.us","נייד ישראלי",0
"גלעד שלמור - ערוץ 2","052-3569102","972523569102","972523569102@c.us","נייד ישראלי",0
"עמי בם","052-4895555","972524895555","972524895555@c.us","נייד ישראלי",0
"רוית מדר","052-2250768","972522250768","972522250768@c.us","נייד ישראלי",0
"איגור אוטובוס","054-2510049","972542510049","972542510049@c.us","נייד ישראלי",0
"פאב הכהן - הזמנות","050-7171752","972507171752","972507171752@c.us","נייד ישראלי",0
"עו״ד רעיה שטנר","050-6272116","972506272116","972506272116@c.us","נייד ישראלי",0
"סעיד עסלי","050-5332974","972505332974","972505332974@c.us","נייד ישראלי",0
"עו""ד אורטל קליין","055-8808004","972558808004","972558808004@c.us","נייד ישראלי",0
"מיכאל ביוונדור","420702200762","420702200762","420702200762@c.us","בינלאומי",0
"ישי גולדברג","050-5210640","972505210640","972505210640@c.us","נייד ישראלי",0
"שי דיל - טלפארמה","054-5225107","972545225107","972545225107@c.us","נייד ישראלי",0
"עמית ליבוביץ","058-4204400","972584204400","972584204400@c.us","נייד ישראלי",0
"מנחם הכהן הולנדר","050-7570722","972507570722","972507570722@c.us","נייד ישראלי",0
"ד""ר אורן תבור","052-7360617","972527360617","972527360617@c.us","נייד ישראלי",0
"רינת שני","052-6459978","972526459978","972526459978@c.us","נייד ישראלי",0
"רונית - רשות העתיקות","052-4284305","972524284305","972524284305@c.us","נייד ישראלי",0
"שרון קוצר","052-8416970","972528416970","972528416970@c.us","נייד ישראלי",0
"סמדר ועופר","054-6711922","972546711922","972546711922@c.us","נייד ישראלי",0
"‏‪מאיר - חנות מתנות","052-5106914","972525106914","972525106914@c.us","נייד ישראלי",0
"שני טיאר - סוכנת נסיעות","054-4413242","972544413242","972544413242@c.us","נייד ישראלי",0
"הפסטוס - יהודה","054-4300638","972544300638","972544300638@c.us","נייד ישראלי",0
"נרקיס טייס מסוק","052-3602880","972523602880","972523602880@c.us","נייד ישראלי",0
"ערן תלם -גנן נוכל","050-6421132","972506421132","972506421132@c.us","נייד ישראלי",0
"אביביתוש","052-6909102","972526909102","972526909102@c.us","נייד ישראלי",0
"מאור עולם","054-2376818","972542376818","972542376818@c.us","נייד ישראלי",0
"גיא פרי","052-3636623","972523636623","972523636623@c.us","נייד ישראלי",0
"בדראן הסעות מועצה","050-6970546","972506970546","972506970546@c.us","נייד ישראלי",0
"עמית ג'רבי","050-2264223","972502264223","972502264223@c.us","נייד ישראלי",0
"אסף גורדון - בנק הפועלים","054-4974382","972544974382","972544974382@c.us","נייד ישראלי",0
"רינת ערבה","052-2803007","972522803007","972522803007@c.us","נייד ישראלי",0
"עפרי שפיצר","058-7808117","972587808117","972587808117@c.us","נייד ישראלי",0
"Daniel Erdman","13106999784","13106999784","13106999784@c.us","בינלאומי",0
"צ. אריאל ניימן הנדסה 98","053-4259398","972534259398","972534259398@c.us","נייד ישראלי",0
"טלי גולדשטיין - רינת יוסף","054-5609227","972545609227","972545609227@c.us","נייד ישראלי",0
"אמיר עובד - שלמה פסגה","050-8500762","972508500762","972508500762@c.us","נייד ישראלי",0
"אלון מייזלס - מדריך טיסה","054-4886150","972544886150","972544886150@c.us","נייד ישראלי",0
"אלי עטייה - קב""ט מועצה זיכרון יעקב","053-8641935","972538641935","972538641935@c.us","נייד ישראלי",0
"דני הרץ","054-6660742","972546660742","972546660742@c.us","נייד ישראלי",0
"צוקי אוסימוביץ","050-4488955","972504488955","972504488955@c.us","נייד ישראלי",0
"פרנסיסקו מוהדנו - פלנסיה פורטוגל","34601906300","34601906300","34601906300@c.us","בינלאומי",0
"דגנית אחות של טלי","052-7715588","972527715588","972527715588@c.us","נייד ישראלי",0
"אימא","052-8027046","972528027046","972528027046@c.us","נייד ישראלי",0
"אבי שליו - הארנב הלבן","050-6560714","972506560714","972506560714@c.us","נייד ישראלי",0
"מירב בן דוד","050-2150888","972502150888","972502150888@c.us","נייד ישראלי",0
"שרון מגור","050-5068610","972505068610","972505068610@c.us","נייד ישראלי",0
"כרמי חלבי - מפקד שיטור עירוני פרדס חנה","052-7781620","972527781620","972527781620@c.us","נייד ישראלי",0
"פרנסין","052-3802370","972523802370","972523802370@c.us","נייד ישראלי",0
"עוסם - בן של יוסוף הכורת","050-9330197","972509330197","972509330197@c.us","נייד ישראלי",0
"יינון כוכבי","058-7796546","972587796546","972587796546@c.us","נייד ישראלי",0
"קארו","054-6248006","972546248006","972546248006@c.us","נייד ישראלי",0
"אביעד לביא","052-4415103","972524415103","972524415103@c.us","נייד ישראלי",0
"פירות  שלי - אייל","050-5201854","972505201854","972505201854@c.us","נייד ישראלי",0
"דני שחר - ביואנליטיקס","054-4237153","972544237153","972544237153@c.us","נייד ישראלי",0
"גילי חסקין","054-4738536","972544738536","972544738536@c.us","נייד ישראלי",0
"שחר - נינפנדו","054-6300988","972546300988","972546300988@c.us","נייד ישראלי",0
"לוטם","052-4660034","972524660034","972524660034@c.us","נייד ישראלי",0
"Guy Porat","054-8393333","972548393333","972548393333@c.us","נייד ישראלי",0
"מכבי דנט בוואטסאפ","054-3251974","972543251974","972543251974@c.us","נייד ישראלי",0
"צ. טל אוגדת עזה","050-9520523","972509520523","972509520523@c.us","נייד ישראלי",0
"דרור מורג","052-8789922","972528789922","972528789922@c.us","נייד ישראלי",0
"רועי גלילי -עידן","052-5450774","972525450774","972525450774@c.us","נייד ישראלי",0
"אילן מיכאליס - יועץ ביטוח","052-2723890","972522723890","972522723890@c.us","נייד ישראלי",0
"צ. גיא מהנדס אוגדה 98","052-2729229","972522729229","972522729229@c.us","נייד ישראלי",0
"מוסא ממונזה","054-4682714","972544682714","972544682714@c.us","נייד ישראלי",0
"דיה ג'רבי","050-4887066","972504887066","972504887066@c.us","נייד ישראלי",0
"אורן שמעוני","052-2228981","972522228981","972522228981@c.us","נייד ישראלי",0
"david mexico","5215554073565","5215554073565","5215554073565@c.us","בינלאומי",0
"ניקוס טאקורוניס - רו""ח יוון","306956217511","306956217511","306956217511@c.us","בינלאומי",0
"תומר בסון - טכנאי מקרר מדיח מכונת כביסה","054-4718522","972544718522","972544718522@c.us","נייד ישראלי",0
"ד""ר עובד כהן קנאביס","050-2062467","972502062467","972502062467@c.us","נייד ישראלי",0
"ד""ר גניה אהרון חננאל - סכרת","052-5576455","972525576455","972525576455@c.us","נייד ישראלי",0
"אלונה ליפשיץ - אדריכלית","050-6831700","972506831700","972506831700@c.us","נייד ישראלי",0
"שני טוגדר","052-5407476","972525407476","972525407476@c.us","נייד ישראלי",0
"סוף גנדי","050-5368369","972505368369","972505368369@c.us","נייד ישראלי",0
"טל שגן - הועדה לתיכנון ובניה - מנשה","052-3843838","972523843838","972523843838@c.us","נייד ישראלי",0
"WeSure","054-1466490","972541466490","972541466490@c.us","נייד ישראלי",0
"יהב שחם","054-5828401","972545828401","972545828401@c.us","נייד ישראלי",0
"חסן מסארוה - מסגר","050-8870021","972508870021","972508870021@c.us","נייד ישראלי",0
"גידול - יוגב שריד","050-3040430","972503040430","972503040430@c.us","נייד ישראלי",0
"אבנר הרלינג","050-5575366","972505575366","972505575366@c.us","נייד ישראלי",0
"רובן","34656303711","34656303711","34656303711@c.us","בינלאומי",0
"חגי יונגר צ.","054-4971264","972544971264","972544971264@c.us","נייד ישראלי",0
"איה לפידות","052-2614620","972522614620","972522614620@c.us","נייד ישראלי",0
"ניב הלחמי","050-8684685","972508684685","972508684685@c.us","נייד ישראלי",0
"פורסאן חוסיין","054-2280996","972542280996","972542280996@c.us","נייד ישראלי",0
"גולן קדר - מפרשים","052-3412067","972523412067","972523412067@c.us","נייד ישראלי",0
"אמיר סיני","053-2249499","972532249499","972532249499@c.us","נייד ישראלי",0
"צ. אביטל חמל מלכא 98","052-9280631","972529280631","972529280631@c.us","נייד ישראלי",0
"נתי עמר - מודיעין מג""ב","050-9939495","972509939495","972509939495@c.us","נייד ישראלי",0
"אסף פרידמן","054-6446687","972546446687","972546446687@c.us","נייד ישראלי",0
"דנה מונ","050-7626486","972507626486","972507626486@c.us","נייד ישראלי",0
"צ. שליו ג""רבי סמגד 202","052-8458611","972528458611","972528458611@c.us","נייד ישראלי",0
"ניר סורסקי - טוגדר","050-5569134","972505569134","972505569134@c.us","נייד ישראלי",0
"אסף ברדיצב - בר לב גידולים","052-2865611","972522865611","972522865611@c.us","נייד ישראלי",0
"מור ספה","052-4806360","972524806360","972524806360@c.us","נייד ישראלי",0
"ראובן - חוף גן יוסי הורדת סירה","052-3300751","972523300751","972523300751@c.us","נייד ישראלי",0
"נבות יחיאלי - מפא""ת","050-3036701","972503036701","972503036701@c.us","נייד ישראלי",0
"Ocd חומר חיטוי","050-9422812","972509422812","972509422812@c.us","נייד ישראלי",0
"שאול נצר - בוחן רת""א","054-4767200","972544767200","972544767200@c.us","נייד ישראלי",0
"אור סודובניק","055-2758607","972552758607","972552758607@c.us","נייד ישראלי",0
"צ אסף עמיחי","050-3833899","972503833899","972503833899@c.us","נייד ישראלי",0
"רובי זמר","38631775790","38631775790","38631775790@c.us","בינלאומי",0
"רותם אברהם פדיית פנסיה","052-5025610","972525025610","972525025610@c.us","נייד ישראלי",0
"סינים שמעיה","052-8674088","972528674088","972528674088@c.us","נייד ישראלי",0
"לירון רוזנבלום","050-7306961","972507306961","972507306961@c.us","נייד ישראלי",0
"אינוהה Ainhoa Solano Hernandez","34646164306","34646164306","34646164306@c.us","בינלאומי",0
"מאיר ברדה - אינסטלטור","050-5262961","972505262961","972505262961@c.us","נייד ישראלי",0
"יורן ברק","050-2023083","972502023083","972502023083@c.us","נייד ישראלי",0
"רותם מר","052-2683000","972522683000","972522683000@c.us","נייד ישראלי",0
"טלי מצליח","052-2322888","972522322888","972522322888@c.us","נייד ישראלי",0
"מתמידים - דורון אברהמי","052-7740944","972527740944","972527740944@c.us","נייד ישראלי",0
"משה חליבה","050-6779015","972506779015","972506779015@c.us","נייד ישראלי",0
"יואב פרנקל - פנקסיה","052-5454901","972525454901","972525454901@c.us","נייד ישראלי",0
"Addam Corre","054-9753987","972549753987","972549753987@c.us","נייד ישראלי",0
"עמית צ'יף","052-3741745","972523741745","972523741745@c.us","נייד ישראלי",0
"אלון כתריאל - צוות שגיא שינוע","054-3111355","972543111355","972543111355@c.us","נייד ישראלי",0
"יורם פרילינג - ג'יירו","050-4434518","972504434518","972504434518@c.us","נייד ישראלי",0
"בלה אברמוב","052-8036225","972528036225","972528036225@c.us","נייד ישראלי",0
"יאיר גולן","052-9219999","972529219999","972529219999@c.us","נייד ישראלי",0
"תמר מריץ","19493512568","19493512568","19493512568@c.us","בינלאומי",0
"אניטה סיני","393388448721","393388448721","393388448721@c.us","בינלאומי",0
"קרן לרנר - משטרה","050-6277880","972506277880","972506277880@c.us","נייד ישראלי",0
"לורן סילברמן","16502967120","16502967120","16502967120@c.us","בינלאומי",0
"עילי תמיר","052-3608446","972523608446","972523608446@c.us","נייד ישראלי",0
"אברהים מסרוואה איטום","052-2518216","972522518216","972522518216@c.us","נייד ישראלי",0
"צ זוהר קשר","054-4242709","972544242709","972544242709@c.us","נייד ישראלי",0
"שלמה שפרן","052-2587794","972522587794","972522587794@c.us","נייד ישראלי",0
"קנאבידול-נס @","050-4773331","972504773331","972504773331@c.us","נייד ישראלי",0
"אורי קדישי","054-5924220","972545924220","972545924220@c.us","נייד ישראלי",0
"איריס מסדר","052-2248341","972522248341","972522248341@c.us","נייד ישראלי",0
"איתן קצין רכב צאלים","052-9454746","972529454746","972529454746@c.us","נייד ישראלי",0
"שמעון חפץ","050-5331290","972505331290","972505331290@c.us","נייד ישראלי",0
"גלעד רב""ש - מצפה אילן","054-7443250","972547443250","972547443250@c.us","נייד ישראלי",0
"יואב - אמנור","052-2377269","972522377269","972522377269@c.us","נייד ישראלי",0
"אחמד נהג סופרגז אל אמיר","052-4084009","972524084009","972524084009@c.us","נייד ישראלי",0
"נעמה דנילוף","054-3400504","972543400504","972543400504@c.us","נייד ישראלי",0
"עמית שי","054-6864910","972546864910","972546864910@c.us","נייד ישראלי",0
"חניתה טלפרמה","052-5454220","972525454220","972525454220@c.us","נייד ישראלי",0
"מיכל ניר","052-4264348","972524264348","972524264348@c.us","נייד ישראלי",0
"דרור מאירי - הנדסה","054-8883546","972548883546","972548883546@c.us","נייד ישראלי",0
"Orly Ohana Lev שי עוז אורלי","054-6777116","972546777116","972546777116@c.us","נייד ישראלי",0
"עו""ד עמרי קאופמן","052-4000303","972524000303","972524000303@c.us","נייד ישראלי",0
"חגי סגל - דוד וגוליית","054-3012074","972543012074","972543012074@c.us","נייד ישראלי",0
"בית מרקחת מזור ירושלים","025632780","97225632780","97225632780@c.us","קווי ישראלי",0
"Dana Gold דנה הכלבה בטי","050-7379471","972507379471","972507379471@c.us","נייד ישראלי",0
"אפי דבוש - מדריך סקיפרים","054-3309041","972543309041","972543309041@c.us","נייד ישראלי",0
"דריה - שוכרת אולגה קדמית","054-4529172","972544529172","972544529172@c.us","נייד ישראלי",0
"בר שישו - צה""ל","050-8896995","972508896995","972508896995@c.us","נייד ישראלי",0
"עדן-בל","054-9798880","972549798880","972549798880@c.us","נייד ישראלי",0
"ירון פרץ","053-5555564","972535555564","972535555564@c.us","נייד ישראלי",0
"אור חיים שרף אוחיון","054-8992558","972548992558","972548992558@c.us","נייד ישראלי",0
"אביב סנפיר מעצבת","052-3629210","972523629210","972523629210@c.us","נייד ישראלי",0
"ניר דגן - מדריך טיסה","052-8549611","972528549611","972528549611@c.us","נייד ישראלי",0
"צ פאבל","054-6393010","972546393010","972546393010@c.us","נייד ישראלי",0
"ד״ר דדי סגל","054-4289243","972544289243","972544289243@c.us","נייד ישראלי",0
"יהודה גלעדי מנכ״ל ובעלים של ג. ו פתרונות אבטחה","054-4483474","972544483474","972544483474@c.us","נייד ישראלי",0
"לימור גוולי-חודדני","053-7328303","972537328303","972537328303@c.us","נייד ישראלי",0
"יסמין - הכרם סןכנת אזורית","054-4943724","972544943724","972544943724@c.us","נייד ישראלי",0
"בן בוני","052-4350033","972524350033","972524350033@c.us","נייד ישראלי",0
"גיל ארציאלי - ציר אירופה משרד החוץ","050-6203072","972506203072","972506203072@c.us","נייד ישראלי",0
"שמרית פרגו'ן - בנק מזרחי","052-7501177","972527501177","972527501177@c.us","נייד ישראלי",0
"Amina Choko","34647903081","34647903081","34647903081@c.us","בינלאומי",0
"Gilad Martin פרטי","052-3520420","972523520420","972523520420@c.us","נייד ישראלי",0
"טל גונן - שיאים הפקות דפוס","050-5202157","972505202157","972505202157@c.us","נייד ישראלי",0
"שירה סמדר","054-9713178","972549713178","972549713178@c.us","נייד ישראלי",0
"גרין טופ השכרת כלי עבודה לגינון","052-3168883","972523168883","972523168883@c.us","נייד ישראלי",0
"יואב אדומי - ניתוח תמונות","052-3395654","972523395654","972523395654@c.us","נייד ישראלי",0
"ניר הארנב הלבן","054-6365959","972546365959","972546365959@c.us","נייד ישראלי",0
"אסולין ליאור","050-5610752","972505610752","972505610752@c.us","נייד ישראלי",0
"Mari-Ann Vellerand","37253363389","37253363389","37253363389@c.us","בינלאומי",0
"מור קומוב - מבסוט","054-3550118","972543550118","972543550118@c.us","נייד ישראלי",0
"עו""ד חמאם חליחל","050-5654366","972505654366","972505654366@c.us","נייד ישראלי",0
"עומר מקסיקו","5215559061605","5215559061605","5215559061605@c.us","בינלאומי",0
"מאיה הג'ינג'ית","054-2666560","972542666560","972542666560@c.us","נייד ישראלי",0
"טלי הכלבים שוקו וקשת","054-3339578","972543339578","972543339578@c.us","נייד ישראלי",0
"נועה לוי - שוכרת","052-5242535","972525242535","972525242535@c.us","נייד ישראלי",0
"אייל לוי - שיא גל","052-3677730","972523677730","972523677730@c.us","נייד ישראלי",0
"נירית ברנשטיין - מכון וולקני","050-6220707","972506220707","972506220707@c.us","נייד ישראלי",0
"סוזן פור","050-7878368","972507878368","972507878368@c.us","נייד ישראלי",0
"Moshe Mizrahi","054-4425106","972544425106","972544425106@c.us","נייד ישראלי",0
"יובל גורדון","050-8689743","972508689743","972508689743@c.us","נייד ישראלי",0
"דניאל ה","054-5830730","972545830730","972545830730@c.us","נייד ישראלי",0
"גל שיר","052-4871677","972524871677","972524871677@c.us","נייד ישראלי",0
"אבי בוסקילה - שראל","054-6722023","972546722023","972546722023@c.us","נייד ישראלי",0
"יאשה","052-8545040","972528545040","972528545040@c.us","נייד ישראלי",0
"חן שחם","054-6920514","972546920514","972546920514@c.us","נייד ישראלי",0
"סימה","050-9446555","972509446555","972509446555@c.us","נייד ישראלי",0
"אלמוג הכלבה סנשי","054-6488472","972546488472","972546488472@c.us","נייד ישראלי",0
"בועז - אפיק שלטים","054-2321990","972542321990","972542321990@c.us","נייד ישראלי",0
"כפיר שאדו רכז מודיעין זיכרון","054-5308686","972545308686","972545308686@c.us","נייד ישראלי",0
"יגיל בושרי","054-7755752","972547755752","972547755752@c.us","נייד ישראלי",0
"ליילה Zo'e","052-5989603","972525989603","972525989603@c.us","נייד ישראלי",0
"לורן אורגון","054-2600333","972542600333","972542600333@c.us","נייד ישראלי",0
"יצחק חדש","18696607786","18696607786","18696607786@c.us","בינלאומי",0
"גיל אושרי","050-5644644","972505644644","972505644644@c.us","נייד ישראלי",0
"ישי גוטויליג","050-7694100","972507694100","972507694100@c.us","נייד ישראלי",0
"Anthony Mass-Ader","052-3636338","972523636338","972523636338@c.us","נייד ישראלי",0
"ימית - מלגזות טויוטה","054-9256128","972549256128","972549256128@c.us","נייד ישראלי",0
"זאב אוסטרלי גלבר","058-6290452","972586290452","972586290452@c.us","נייד ישראלי",0
"ד""ר עדי ארן","050-8685034","972508685034","972508685034@c.us","נייד ישראלי",0
"טל הולנדר","050-7644436","972507644436","972507644436@c.us","נייד ישראלי",0
"אייל בוזגלו","054-7207733","972547207733","972547207733@c.us","נייד ישראלי",0
"יוסף פנסיון ""מקום טוב""","050-2999844","972502999844","972502999844@c.us","נייד ישראלי",0
"גמבו","052-6360081","972526360081","972526360081@c.us","נייד ישראלי",0
"רויטל - כתבת בריאות וואלה","052-4747045","972524747045","972524747045@c.us","נייד ישראלי",0
"לילך אורבך - בנק הפועלים מרכז עסקים רחובות","054-4972832","972544972832","972544972832@c.us","נייד ישראלי",0
"בן יורודרייב","054-2270433","972542270433","972542270433@c.us","נייד ישראלי",0
"Michal Otipka","420603296174","420603296174","420603296174@c.us","בינלאומי",0
"בועז וכטל","054-4573679","972544573679","972544573679@c.us","נייד ישראלי",0
"Stefan Gushi","491736328383","491736328383","491736328383@c.us","בינלאומי",0
"טל מפקד אנדרטה מגב","050-6277482","972506277482","972506277482@c.us","נייד ישראלי",0
"ניר ראביד","050-4742974","972504742974","972504742974@c.us","נייד ישראלי",0
"גור'ג - אינדיגו","306973301640","306973301640","306973301640@c.us","בינלאומי",0
"תומר אלון","054-5438707","972545438707","972545438707@c.us","נייד ישראלי",0
"ערן הדס","054-9024643","972549024643","972549024643@c.us","נייד ישראלי",0
"ד""ר אמנון ליכטר - טיפול בתוצרת חקלאית טריה","050-6220684","972506220684","972506220684@c.us","נייד ישראלי",0
"עומאר זידאן","050-6241465","972506241465","972506241465@c.us","נייד ישראלי",0
"ענת בן כנען","055-6627193","972556627193","972556627193@c.us","נייד ישראלי",0
"אבי אורטל","054-5222407","972545222407","972545222407@c.us","נייד ישראלי",0
"אייל רוזנטל","052-5540058","972525540058","972525540058@c.us","נייד ישראלי",0
"לאה סלע - פקחית מזיקים","050-5323798","972505323798","972505323798@c.us","נייד ישראלי",0
"שי כהן אופיר","050-4678950","972504678950","972504678950@c.us","נייד ישראלי",0
"ענבר היפה","054-5992055","972545992055","972545992055@c.us","נייד ישראלי",0
"דורית מוצארי פרקש - סלא","054-8884170","972548884170","972548884170@c.us","נייד ישראלי",0
"שמואל דונרשטיין - רב בריח","054-4270031","972544270031","972544270031@c.us","נייד ישראלי",0
"טל עופר","052-3383392","972523383392","972523383392@c.us","נייד ישראלי",0
"מוחמד קריית פארם","054-5352253","972545352253","972545352253@c.us","נייד ישראלי",0
"תא התרעה - פיקוד העורף","052-9403201","972529403201","972529403201@c.us","נייד ישראלי",0
"ציפי הילמן - אבטחת איכות","052-3811718","972523811718","972523811718@c.us","נייד ישראלי",0
"תומר פרידמן","050-6548025","972506548025","972506548025@c.us","נייד ישראלי",0
"פיקו דנה - רב""ש כפר גליקסון (גבר)","052-7470370","972527470370","972527470370@c.us","נייד ישראלי",0
"רצאבי קוזילבסקי","052-3680415","972523680415","972523680415@c.us","נייד ישראלי",0
"נועם גבע","052-3750979","972523750979","972523750979@c.us","נייד ישראלי",0
"שלמה רוסבי השקעה","052-2420192","972522420192","972522420192@c.us","נייד ישראלי",0
"אילן שדה","052-8902300","972528902300","972528902300@c.us","נייד ישראלי",0
"מתן קפל","050-2959398","972502959398","972502959398@c.us","נייד ישראלי",0
"ופא שחברי - כלכלנית מ. החקלאות","050-6241587","972506241587","972506241587@c.us","נייד ישראלי",0
"לאה בם - וויטי סנס","052-8340771","972528340771","972528340771@c.us","נייד ישראלי",0
"אנדי קפלן - אורגוואי","59894846662","59894846662","59894846662@c.us","בינלאומי",0
"צ. ליאור דוד פור","050-6253995","972506253995","972506253995@c.us","נייד ישראלי",0
"ד""ר תמיר גדו","054-4271014","972544271014","972544271014@c.us","נייד ישראלי",0
"גל הירש","054-8095544","972548095544","972548095544@c.us","נייד ישראלי",0
"צ. אביחי דלק 98 בורגס","053-2214134","972532214134","972532214134@c.us","נייד ישראלי",0
"אוהד בטיחות ה. ב","052-3925353","972523925353","972523925353@c.us","נייד ישראלי",0
"עופר הררי","052-3372116","972523372116","972523372116@c.us","נייד ישראלי",0
"ליאור הכבה גוי כנענית","054-6062968","972546062968","972546062968@c.us","נייד ישראלי",0
"יוחאי ומילי","053-2506115","972532506115","972532506115@c.us","נייד ישראלי",0
"מרכז ימי - שלום פילו","050-2340161","972502340161","972502340161@c.us","נייד ישראלי",0
"מוני ביטון","050-6278203","972506278203","972506278203@c.us","נייד ישראלי",0
"אמיר לוי - ראש אגף תקציבים","054-7797001","972547797001","972547797001@c.us","נייד ישראלי",0
"עמוסי ליבמן - מים צבר קמה","054-5636007","972545636007","972545636007@c.us","נייד ישראלי",0
"תמר צבא","054-7797672","972547797672","972547797672@c.us","נייד ישראלי",0
"גורי רוזן","054-6699126","972546699126","972546699126@c.us","נייד ישראלי",0
"משה כחלון","050-6845584","972506845584","972506845584@c.us","נייד ישראלי",0
"Nakas Rentals השכרת סירות פורוסיאניס -","306947362526","306947362526","306947362526@c.us","בינלאומי",0
"יריב בן אבנר","13103468612","13103468612","13103468612@c.us","בינלאומי",0
"איתמר קריגר","050-5517687","972505517687","972505517687@c.us","נייד ישראלי",0
"ניר חפץ","052-5558833","972525558833","972525558833@c.us","נייד ישראלי",0
"טלי ודני","054-5660024","972545660024","972545660024@c.us","נייד ישראלי",0
"דניאל ק. אג""ם חטמ""ר מנשה","052-9202713","972529202713","972529202713@c.us","נייד ישראלי",0
"תמר ספה צורן","054-5620967","972545620967","972545620967@c.us","נייד ישראלי",0
"איציק סודרי","054-8174012","972548174012","972548174012@c.us","נייד ישראלי",0
"מתמידים - ירון דגן","054-6098853","972546098853","972546098853@c.us","נייד ישראלי",0
"איילת - מכללת קורפוס","054-4772974","972544772974","972544772974@c.us","נייד ישראלי",0
"טאי - סייפוי מדיק","052-8844326","972528844326","972528844326@c.us","נייד ישראלי",0
"רביב מורג - פרופיטאגרו","050-4090157","972504090157","972504090157@c.us","נייד ישראלי",0
"שאול שמש","052-5555948","972525555948","972525555948@c.us","נייד ישראלי",0
"Hagit Kamin","050-7919715","972507919715","972507919715@c.us","נייד ישראלי",0
"צ. תומר ברימו","050-9955995","972509955995","972509955995@c.us","נייד ישראלי",0
"מתמידים - אילן זמיר","050-7252108","972507252108","972507252108@c.us","נייד ישראלי",0
"דפנה ערבה","050-5616133","972505616133","972505616133@c.us","נייד ישראלי",0
"עודד גור לביא","052-9467775","972529467775","972529467775@c.us","נייד ישראלי",0
"- סופרגז עטא","054-2806981","972542806981","972542806981@c.us","נייד ישראלי",0
"יאיר בנימינה","054-4970176","972544970176","972544970176@c.us","נייד ישראלי",0
"אור גרינקום","050-6466272","972506466272","972506466272@c.us","נייד ישראלי",0
"הראל - שוכר אולגה","052-5321510","972525321510","972525321510@c.us","נייד ישראלי",0
"גולדמן","052-7502955","972527502955","972527502955@c.us","נייד ישראלי",0
"מלי אביאל","054-8062886","972548062886","972548062886@c.us","נייד ישראלי",0
"נפתלי הראל - רב""ש כפר גליקסון","050-5702130","972505702130","972505702130@c.us","נייד ישראלי",0
"ניתוח","053-9940009","972539940009","972539940009@c.us","נייד ישראלי",0
"נאסר - אלומיניום","052-2386110","972522386110","972522386110@c.us","נייד ישראלי",0
"ווסאם עומר - קב""ט דיר אל אסד","054-2270156","972542270156","972542270156@c.us","נייד ישראלי",0
"גידי שר","052-8110734","972528110734","972528110734@c.us","נייד ישראלי",0
"Ryan Humboldt","17073827302","17073827302","17073827302@c.us","בינלאומי",0
"אינ'ז לאמגו","351964771017","351964771017","351964771017@c.us","בינלאומי",0
"צ. נועה חג׳בי קמבצית 77","054-2473132","972542473132","972542473132@c.us","נייד ישראלי",0
"דני פרדייב","050-4806595","972504806595","972504806595@c.us","נייד ישראלי",0
"נאור נטלי","054-4596930","972544596930","972544596930@c.us","נייד ישראלי",0
"Joy Zanzibar","6285967117631","6285967117631","6285967117631@c.us","בינלאומי",0
"איל מעגלים","050-9088282","972509088282","972509088282@c.us","נייד ישראלי",0
"אורית בלוך","050-7650651","972507650651","972507650651@c.us","נייד ישראלי",0
"ישראל מנחם - בטחון מרחב צפון קק""ל","050-2488888","972502488888","972502488888@c.us","נייד ישראלי",0
"אורטל למה","054-9252055","972549252055","972549252055@c.us","נייד ישראלי",0
"בלבלצ","052-3941712","972523941712","972523941712@c.us","נייד ישראלי",0
"יוסי שחם - העבודה","052-8662913","972528662913","972528662913@c.us","נייד ישראלי",0
"סיוון שער","052-8444384","972528444384","972528444384@c.us","נייד ישראלי",0
"פז שמעוני","050-2119787","972502119787","972502119787@c.us","נייד ישראלי",0
"ציקי מופלפים)","052-8490039","972528490039","972528490039@c.us","נייד ישראלי",0
"עאמר - בית מרקחת בינימינה","052-4418977","972524418977","972524418977@c.us","נייד ישראלי",0
"Ron Lipsky","054-6542779","972546542779","972546542779@c.us","נייד ישראלי",0
"ד""ר מיכל לוי - סמנכל מו""פ","050-9930708","972509930708","972509930708@c.us","נייד ישראלי",0
"עבד אבו שנדי - דבורים","053-9447965","972539447965","972539447965@c.us","נייד ישראלי",0
"צוקרמן יניב","050-5286312","972505286312","972505286312@c.us","נייד ישראלי",0
"אגם מזור אחות של חגי","054-3034249","972543034249","972543034249@c.us","נייד ישראלי",0
"צ. אלון לוי","054-2288867","972542288867","972542288867@c.us","נייד ישראלי",0
"חדווה לפידות","054-3190152","972543190152","972543190152@c.us","נייד ישראלי",0
"איברהים הלובי","218913756879","218913756879","218913756879@c.us","בינלאומי",0
"פאדי מסרי - פחח באקה","052-4386820","972524386820","972524386820@c.us","נייד ישראלי",0
"לימור רבקה","055-6835413","972556835413","972556835413@c.us","נייד ישראלי",0
"דן אושרי","055-2882008","972552882008","972552882008@c.us","נייד ישראלי",0
"איל גברא","052-6705749","972526705749","972526705749@c.us","נייד ישראלי",0
"דודו כהן","054-9080019","972549080019","972549080019@c.us","נייד ישראלי",0
"אור בנון - פיפלביז","054-6666183","972546666183","972546666183@c.us","נייד ישראלי",0
"עמרי הררי","052-6099190","972526099190","972526099190@c.us","נייד ישראלי",0
"מיכה דורון - גד""ש חפר","050-2056740","972502056740","972502056740@c.us","נייד ישראלי",0
"אורן שוסטר","054-4331111","972544331111","972544331111@c.us","נייד ישראלי",0
"שיקו - פורטוגל","052-8250025","972528250025","972528250025@c.us","נייד ישראלי",0
"חגית פרבר","054-3064610","972543064610","972543064610@c.us","נייד ישראלי",0
"אופיר לוק - ממציא מכונות","054-4540120","972544540120","972544540120@c.us","נייד ישראלי",0
"זוהר - מוקד מטרה","052-4777452","972524777452","972524777452@c.us","נייד ישראלי",0
"Mike Abbot","015195892952","97215195892952","97215195892952@c.us","קווי ישראלי",0
"ליעד","447825006369","447825006369","447825006369@c.us","בינלאומי",0
"ישי חבר של שרון","052-4743667","972524743667","972524743667@c.us","נייד ישראלי",0
"סתוי פרנסיו","052-9528268","972529528268","972529528268@c.us","נייד ישראלי",0
"מאור אלגלי - ליף","050-8814841","972508814841","972508814841@c.us","נייד ישראלי",0
"יניב עטון - שוכר גרוזברג","054-4444692","972544444692","972544444692@c.us","נייד ישראלי",0
"נרקיס - מנהלת תיק לקוחות אינפיניה","052-2874051","972522874051","972522874051@c.us","נייד ישראלי",0
"תעשיות מוחמד - משטחים","050-5676137","972505676137","972505676137@c.us","נייד ישראלי",0
"הדר עוז","050-8217675","972508217675","972508217675@c.us","נייד ישראלי",0
"צ. ענבל הררי - זי""ס","052-5462406","972525462406","972525462406@c.us","נייד ישראלי",0
"חפוז בלדרות מאובטחת/קנאביס פארם ישראל שי חפוז","054-4506347","972544506347","972544506347@c.us","נייד ישראלי",0
"בלה תאילנד","66942236211","66942236211","66942236211@c.us","בינלאומי",0
"יעל דהאן יו""ר ועדת תרבות כפר פינס","052-3570546","972523570546","972523570546@c.us","נייד ישראלי",0
"Shani Misk","050-2245464","972502245464","972502245464@c.us","נייד ישראלי",0
"Shalom Zohar","054-5911111","972545911111","972545911111@c.us","נייד ישראלי",0
"משה אורוגוואי","59898416602","59898416602","59898416602@c.us","בינלאומי",0
"Pluto Friends","052-5979775","972525979775","972525979775@c.us","נייד ישראלי",0
"פבל סופה","055-9904222","972559904222","972559904222@c.us","נייד ישראלי",0
"אתגר קרת","054-4279231","972544279231","972544279231@c.us","נייד ישראלי",0
"מוריס חן רחט אבטחה","050-6274565","972506274565","972506274565@c.us","נייד ישראלי",0
"בזק טכני חיפה","050-6773136","972506773136","972506773136@c.us","נייד ישראלי",0
"מוניקה עצים בע""מ","050-8289447","972508289447","972508289447@c.us","נייד ישראלי",0
"כנען טרקטורים","054-3515618","972543515618","972543515618@c.us","נייד ישראלי",0
"מורן לוי הכלבה טופי","058-5271234","972585271234","972585271234@c.us","נייד ישראלי",0
"אוהד גושן - השכרת ציוד","053-3511111","972533511111","972533511111@c.us","נייד ישראלי",0
"דודי שמחה","050-9957789","972509957789","972509957789@c.us","נייד ישראלי",0
"אביחי - כנען טרקטורים","054-7434075","972547434075","972547434075@c.us","נייד ישראלי",0
"דור אזולאי - קנביס","052-2898222","972522898222","972522898222@c.us","נייד ישראלי",0
"מוניקה חסון","050-8293246","972508293246","972508293246@c.us","נייד ישראלי",0
"חיים חבלין","052-5450800","972525450800","972525450800@c.us","נייד ישראלי",0
"יעל אלקיים","054-8161896","972548161896","972548161896@c.us","נייד ישראלי",0
"ד""ר שרי שגיב","052-8594444","972528594444","972528594444@c.us","נייד ישראלי",0
"שרון גריס","052-3780890","972523780890","972523780890@c.us","נייד ישראלי",0
"צ נמרוד מדאני","052-6990079","972526990079","972526990079@c.us","נייד ישראלי",0
"מסעוד","050-5267188","972505267188","972505267188@c.us","נייד ישראלי",0
"גלית ינאי","050-6246738","972506246738","972506246738@c.us","נייד ישראלי",0
"אלירן הגנה אווירית חיל האוויר עין שמר","052-8192848","972528192848","972528192848@c.us","נייד ישראלי",0
"אביב מזרחי","050-3389975","972503389975","972503389975@c.us","נייד ישראלי",0
"אבי התימני","052-7331551","972527331551","972527331551@c.us","נייד ישראלי",0
"עמית - כתבת בריאות של מעריב","052-4554556","972524554556","972524554556@c.us","נייד ישראלי",0
"יובל אושרי","052-3322983","972523322983","972523322983@c.us","נייד ישראלי",0
"פיקו מוסך טרקטור נייד","050-6514753","972506514753","972506514753@c.us","נייד ישראלי",0
"Gordon Rachel הבית","052-8019790","972528019790","972528019790@c.us","נייד ישראלי",0
"עו״ד דניאל כפיר","050-5593610","972505593610","972505593610@c.us","נייד ישראלי",0
"אריאל וולף - שופיפיי","052-3589048","972523589048","972523589048@c.us","נייד ישראלי",0
"ענת לוקס","050-8920833","972508920833","972508920833@c.us","נייד ישראלי",0
"מרפאת שיניים מלי 500 צאלים","052-2784190","972522784190","972522784190@c.us","נייד ישראלי",0
"שירלי תיקון פרטי","054-5618126","972545618126","972545618126@c.us","נייד ישראלי",0
"אנצקה","420776129670","420776129670","420776129670@c.us","בינלאומי",0
"סבטלנה דוברינין - הגנת הצומח בהדרכה","050-6241632","972506241632","972506241632@c.us","נייד ישראלי",0
"גלעד שפיצר","052-2602963","972522602963","972522602963@c.us","נייד ישראלי",0
"טבע שנאור","054-7198833","972547198833","972547198833@c.us","נייד ישראלי",0
"אורי מזרחי","050-4388149","972504388149","972504388149@c.us","נייד ישראלי",0
"זאב לחמי","054-6050605","972546050605","972546050605@c.us","נייד ישראלי",0
"צ. רפי דדוש הנדסה ב' 98","052-9210984","972529210984","972529210984@c.us","נייד ישראלי",0
"אביב סלע - חממות","050-4857000","972504857000","972504857000@c.us","נייד ישראלי",0
"אביחי וינטרוף - גורביץ","050-6664111","972506664111","972506664111@c.us","נייד ישראלי",0
"פלד ברקאי","052-2590040","972522590040","972522590040@c.us","נייד ישראלי",0
"דניאל ט","054-9635166","972549635166","972549635166@c.us","נייד ישראלי",0
"נויה","055-9811480","972559811480","972559811480@c.us","נייד ישראלי",0
"Tamari","050-5480464","972505480464","972505480464@c.us","נייד ישראלי",0
"בר דנון - הקונטיינר","052-5523523","972525523523","972525523523@c.us","נייד ישראלי",0
"אסף גורים","050-3280793","972503280793","972503280793@c.us","נייד ישראלי",0
"ולדימיר פלדמן","420725352421","420725352421","420725352421@c.us","בינלאומי",0
"גדעון מרגלית","052-3093211","972523093211","972523093211@c.us","נייד ישראלי",0
"עו""ד יאן כרמלי","054-7803877","972547803877","972547803877@c.us","נייד ישראלי",0
"עו""ד דגנית לפידור זינגר דיני עבודה","054-4936582","972544936582","972544936582@c.us","נייד ישראלי",0
"עידן שוורץ","050-6215549","972506215549","972506215549@c.us","נייד ישראלי",0
"תומר פרומר","052-4892277","972524892277","972524892277@c.us","נייד ישראלי",0
"דיוויד שטרק","054-6263331","972546263331","972546263331@c.us","נייד ישראלי",0
"חלי Cannax","054-4937500","972544937500","972544937500@c.us","נייד ישראלי",0
"זיו בלובס","054-6435902","972546435902","972546435902@c.us","נייד ישראלי",0
"ריקי אוסייאק","385912101212","385912101212","385912101212@c.us","בינלאומי",0
"צ ליאור שניידר","054-4919111","972544919111","972544919111@c.us","נייד ישראלי",0
"אריק פילסטיין","052-5254598","972525254598","972525254598@c.us","נייד ישראלי",0
"אלבינה","052-7864118","972527864118","972527864118@c.us","נייד ישראלי",0
"בי","052-2567524","972522567524","972522567524@c.us","נייד ישראלי",0
"איתי גוטלר - עוזר של עמיר פרץ","054-7564452","972547564452","972547564452@c.us","נייד ישראלי",0
"יובל קמחי ג'ון דיר","050-8575535","972508575535","972508575535@c.us","נייד ישראלי",0
"מסגר - אורן מעיין","054-2263677","972542263677","972542263677@c.us","נייד ישראלי",0
"נוח שישאנו - זימבבואה","263774659584","263774659584","263774659584@c.us","בינלאומי",0
"טארק זהר - ריינו ווסטים","052-6643525","972526643525","972526643525@c.us","נייד ישראלי",0
"עופר קורין","052-8781144","972528781144","972528781144@c.us","נייד ישראלי",0
"גלעד אברהמי - R&D Agro","054-3321908","972543321908","972543321908@c.us","נייד ישראלי",0
"דדה שיפוצים","054-7720302","972547720302","972547720302@c.us","נייד ישראלי",0
"אינפיניה מיחזור בע”מ","054-7361085","972547361085","972547361085@c.us","נייד ישראלי",0
"טימור שור","052-8797012","972528797012","972528797012@c.us","נייד ישראלי",0
"פרץ שערים","050-5898982","972505898982","972505898982@c.us","נייד ישראלי",0
"רחל שימעונוביץ - GMP","050-6243564","972506243564","972506243564@c.us","נייד ישראלי",0
"יאיר כתם)","054-2537488","972542537488","972542537488@c.us","נייד ישראלי",0
"השכרת סירות ליד פאפוס","35799630136","35799630136","35799630136@c.us","בינלאומי",0
"עלי סיני","201014164160","201014164160","201014164160@c.us","בינלאומי",0
"שוקרון אילוף כלב מטבריה","050-5515168","972505515168","972505515168@c.us","נייד ישראלי",0
"צ. יניב אלמוג יועץ אסטרטגי ופרשן לענייני פלילים וביטחון.","054-2937238","972542937238","972542937238@c.us","נייד ישראלי",0
"גאית שחרור","054-7557835","972547557835","972547557835@c.us","נייד ישראלי",0
"עופר זקס מכון הייצוא","050-6241010","972506241010","972506241010@c.us","נייד ישראלי",0
"Anili","052-8796664","972528796664","972528796664@c.us","נייד ישראלי",0
"ניר יחזקאל","050-7296340","972507296340","972507296340@c.us","נייד ישראלי",0
"צ. חגי קרן","054-2060030","972542060030","972542060030@c.us","נייד ישראלי",0
"ערן - שלם","050-2050939","972502050939","972502050939@c.us","נייד ישראלי",0
"קטרינה - אדריכלית פורוס","306937031296","306937031296","306937031296@c.us","בינלאומי",0
"נתי תופעת טבע","053-2454593","972532454593","972532454593@c.us","נייד ישראלי",0
"רומי - מבשלת","050-6391702","972506391702","972506391702@c.us","נייד ישראלי",0
"עודד בסרגליק - זימבבואה","055-9623499","972559623499","972559623499@c.us","נייד ישראלי",0
"סיגל יהוד","050-4400776","972504400776","972504400776@c.us","נייד ישראלי",0
"סמנתה","053-2806333","972532806333","972532806333@c.us","נייד ישראלי",0
"Eyal Shalmon","054-2621020","972542621020","972542621020@c.us","נייד ישראלי",0
"רעיה ציפורניים","052-8045405","972528045405","972528045405@c.us","נייד ישראלי",0
"מתן פטמן - עמותת הסיירת","052-5497333","972525497333","972525497333@c.us","נייד ישראלי",0
"ווסים יחיא","050-6212906","972506212906","972506212906@c.us","נייד ישראלי",0
"עץ - עצים להסקה - יוסף","052-6033799","972526033799","972526033799@c.us","נייד ישראלי",0
"לובה","052-4496288","972524496288","972524496288@c.us","נייד ישראלי",0
"נחום","054-3067610","972543067610","972543067610@c.us","נייד ישראלי",0
"חלומי ר","052-4509342","972524509342","972524509342@c.us","נייד ישראלי",0
"סאן שריג �","055-9829168","972559829168","972559829168@c.us","נייד ישראלי",0
"ליז - גבעול","054-4701790","972544701790","972544701790@c.us","נייד ישראלי",0
"פיט","052-4779415","972524779415","972524779415@c.us","נייד ישראלי",0
"עץ - יהב הראל","054-6747749","972546747749","972546747749@c.us","נייד ישראלי",0
"מוישה אופניים","050-5812226","972505812226","972505812226@c.us","נייד ישראלי",0
"תמר שטיינמיץ","052-3747501","972523747501","972523747501@c.us","נייד ישראלי",0
"שי חיימוב - מפקד נקודת פר""כ","050-5068864","972505068864","972505068864@c.us","נייד ישראלי",0
"דובק - שי טיאנו","054-5776677","972545776677","972545776677@c.us","נייד ישראלי",0
"מוטי אפרתי - הריבוע הירוק","054-3313346","972543313346","972543313346@c.us","נייד ישראלי",0
"Noam Slonim","053-3339909","972533339909","972533339909@c.us","נייד ישראלי",0
"פולינה סלוצקר - רוקחת טוגדר","052-8614373","972528614373","972528614373@c.us","נייד ישראלי",0
"מיכל הק","054-5438142","972545438142","972545438142@c.us","נייד ישראלי",0
"מוחמד אלומיניום ברטעה","054-7929620","972547929620","972547929620@c.us","נייד ישראלי",0
"ילנה מרינה","050-6615899","972506615899","972506615899@c.us","נייד ישראלי",0
"אילן בן ישי - נטו","054-4864002","972544864002","972544864002@c.us","נייד ישראלי",0
"Mark Palastine","19542706275","19542706275","19542706275@c.us","בינלאומי",0
"רוני אמיר - מנהל אגף מיכון","050-6241428","972506241428","972506241428@c.us","נייד ישראלי",0
"שרגא שובל","054-7776417","972547776417","972547776417@c.us","נייד ישראלי",0
"מיכי בנק לאומי Bol","052-9426595","972529426595","972529426595@c.us","נייד ישראלי",0
"סוני תאילנד","66816118676","66816118676","66816118676@c.us","בינלאומי",0
"עו""ד עדי רוזנפלד HFN","050-2037937","972502037937","972502037937@c.us","נייד ישראלי",0
"רחל אליהו","052-2360911","972522360911","972522360911@c.us","נייד ישראלי",0
"ליאור פרי","054-7625252","972547625252","972547625252@c.us","נייד ישראלי",0
"פרידמן חדש","052-6144222","972526144222","972526144222@c.us","נייד ישראלי",0
"מפתחות הוואדי","058-7706162","972587706162","972587706162@c.us","נייד ישראלי",0
"ברק איסתא","050-8345671","972508345671","972508345671@c.us","נייד ישראלי",0
"צ. אמנון פישמן","052-2763455","972522763455","972522763455@c.us","נייד ישראלי",0
"קרן דננברג","050-7780728","972507780728","972507780728@c.us","נייד ישראלי",0
"תורג'מן","052-6457667","972526457667","972526457667@c.us","נייד ישראלי",0
"עבדוללה קאמיס סימאי זנזיבר","255773727442","255773727442","255773727442@c.us","בינלאומי",0
"יותם ברק","050-6810414","972506810414","972506810414@c.us","נייד ישראלי",0
"הגלקסיה הדפסות - צוק","058-7646600","972587646600","972587646600@c.us","נייד ישראלי",0
"קקו יעקוב מחפרון","050-5261936","972505261936","972505261936@c.us","נייד ישראלי",0
"ענת שני","052-5619980","972525619980","972525619980@c.us","נייד ישראלי",0
"אוהד מילו","058-6441000","972586441000","972586441000@c.us","נייד ישראלי",0
"לימור נלביצקי","052-2832168","972522832168","972522832168@c.us","נייד ישראלי",0
"גלית דוידוביץ - יועצת איכות","050-2228033","972502228033","972502228033@c.us","נייד ישראלי",0
"קובי זאן","050-4072007","972504072007","972504072007@c.us","נייד ישראלי",0
"מני מור - מורוויז'ן","052-6633239","972526633239","972526633239@c.us","נייד ישראלי",0
"מדבקות לרכב","054-4939595","972544939595","972544939595@c.us","נייד ישראלי",0
"Yakov שיווק","050-7818728","972507818728","972507818728@c.us","נייד ישראלי",0
"מרכז הגרורים - ליאור","050-2204405","972502204405","972502204405@c.us","נייד ישראלי",0
"מתן דרופ שיפינג","052-2311155","972522311155","972522311155@c.us","נייד ישראלי",0
"הראל תופעת טבע","054-9445231","972549445231","972549445231@c.us","נייד ישראלי",0
"תם וגנר","054-8000358","972548000358","972548000358@c.us","נייד ישראלי",0
"זאבי סופר","052-8797800","972528797800","972528797800@c.us","נייד ישראלי",0
"פרטיקלי מנור","054-8014044","972548014044","972548014044@c.us","נייד ישראלי",0
"אלונה סודרי","052-7560409","972527560409","972527560409@c.us","נייד ישראלי",0
"צ. ליאור כפיר רפאל","054-3191953","972543191953","972543191953@c.us","נייד ישראלי",0
"נהג דשא","052-3437772","972523437772","972523437772@c.us","נייד ישראלי",0
"תומר הראל - דוד וגולית","054-4527451","972544527451","972544527451@c.us","נייד ישראלי",0
"יערה","050-3355128","972503355128","972503355128@c.us","נייד ישראלי",0
"יוסי יהודה - משטרה","050-6270306","972506270306","972506270306@c.us","נייד ישראלי",0
"יובל זיפר","054-4275166","972544275166","972544275166@c.us","נייד ישראלי",0
"מאיר שימקו - ירוחם","052-5215293","972525215293","972525215293@c.us","נייד ישראלי",0
"לוכדת כלבים - לאה","052-3770214","972523770214","972523770214@c.us","נייד ישראלי",0
"איציק זאביחי - כפר פינס","050-8311184","972508311184","972508311184@c.us","נייד ישראלי",0
"חיים ריבלין - ערוץ 2","050-5294015","972505294015","972505294015@c.us","נייד ישראלי",0
"איתי - גדי שיווק","050-7920870","972507920870","972507920870@c.us","נייד ישראלי",0
"יואב אלישוב","054-5211440","972545211440","972545211440@c.us","נייד ישראלי",0
"יעל - הוועדה למאבק בנגע הסמים","050-6233764","972506233764","972506233764@c.us","נייד ישראלי",0
"דורון גת","052-5263812","972525263812","972525263812@c.us","נייד ישראלי",0
"נמרוד - מתמידים","054-5414371","972545414371","972545414371@c.us","נייד ישראלי",0
"אריאל וייס - ICL","052-3666976","972523666976","972523666976@c.us","נייד ישראלי",0
"אבשלום אלוני","050-5239552","972505239552","972505239552@c.us","נייד ישראלי",0
"רון פת","050-5678034","972505678034","972505678034@c.us","נייד ישראלי",0
"ג׳ני שיננית ארצי","052-3253354","972523253354","972523253354@c.us","נייד ישראלי",0
"תורג'י","052-4486684","972524486684","972524486684@c.us","נייד ישראלי",0
"סאלמאן פארס - שיטור ימי כינרת","050-5069172","972505069172","972505069172@c.us","נייד ישראלי",0
"הפרסים","058-4619719","972584619719","972584619719@c.us","נייד ישראלי",0
"הדר של מידן","053-9184524","972539184524","972539184524@c.us","נייד ישראלי",0
"אופיר אסידו - יקל""ר","053-5257655","972535257655","972535257655@c.us","נייד ישראלי",0
"רמי סייג","054-5428115","972545428115","972545428115@c.us","נייד ישראלי",0
"Malena Tekuneh טלפארמה","050-9969797","972509969797","972509969797@c.us","נייד ישראלי",0
"עומר יעקובוביץ - מקעקעת","054-4318416","972544318416","972544318416@c.us","נייד ישראלי",0
"שרון דיין","054-2144778","972542144778","972542144778@c.us","נייד ישראלי",0
"מור ז'אן","050-8880959","972508880959","972508880959@c.us","נייד ישראלי",0
"סיון פרנקלין","052-3659060","972523659060","972523659060@c.us","נייד ישראלי",0
"בוריס לוין - רת""א","050-6212269","972506212269","972506212269@c.us","נייד ישראלי",0
"חנן בזק - שהמ","050-6241405","972506241405","972506241405@c.us","נייד ישראלי",0
"דואק איתן","054-2299076","972542299076","972542299076@c.us","נייד ישראלי",0
"ענבל דיטל shemesh-dital","054-4941747","972544941747","972544941747@c.us","נייד ישראלי",0
"יהלי רוט","050-6810828","972506810828","972506810828@c.us","נייד ישראלי",0
"איתמר כץ","055-6884171","972556884171","972556884171@c.us","נייד ישראלי",0
"רפי טל","052-3919978","972523919978","972523919978@c.us","נייד ישראלי",0
"יניב בין התלמים","054-2186077","972542186077","972542186077@c.us","נייד ישראלי",0
"זוהר מאיר","055-6899095","972556899095","972556899095@c.us","נייד ישראלי",0
"צ. ניר מיימון לוי","054-2410119","972542410119","972542410119@c.us","נייד ישראלי",0
"רזגל - דלקן אוניברסלי יוסי","055-9951346","972559951346","972559951346@c.us","נייד ישראלי",0
"ראלב מגדללה","050-6712378","972506712378","972506712378@c.us","נייד ישראלי",0
"אבי הלוי ראש משרד תנועה משטרת זיכרון","050-5067880","972505067880","972505067880@c.us","נייד ישראלי",0
"יובל נגר - מחב״ל מנשה","050-9031700","972509031700","972509031700@c.us","נייד ישראלי",0
"אורלי וילנאי","054-4740264","972544740264","972544740264@c.us","נייד ישראלי",0
"orel יחזקאלאוראל","050-7194455","972507194455","972507194455@c.us","נייד ישראלי",0
"נמרות העמק","058-4260510","972584260510","972584260510@c.us","נייד ישראלי",0
"מנהל תורן שדות ים","050-2340169","972502340169","972502340169@c.us","נייד ישראלי",0
"גיל שחר","052-8698112","972528698112","972528698112@c.us","נייד ישראלי",0
"רן סמג״ד 5899","050-9145290","972509145290","972509145290@c.us","נייד ישראלי",0
"מור כהן","054-7376355","972547376355","972547376355@c.us","נייד ישראלי",0
"מטל מבסוט","053-3366326","972533366326","972533366326@c.us","נייד ישראלי",0
"אייל רזי","054-6722558","972546722558","972546722558@c.us","נייד ישראלי",0
"אסף שמש","052-2619193","972522619193","972522619193@c.us","נייד ישראלי",0
"Elad Shakhal אלעד גרפיקה","054-5241929","972545241929","972545241929@c.us","נייד ישראלי",0
"משה פייגלין","052-2242549","972522242549","972522242549@c.us","נייד ישראלי",0
"איתן כוכב","052-3765555","972523765555","972523765555@c.us","נייד ישראלי",0
"יונתן שרף","054-6877177","972546877177","972546877177@c.us","נייד ישראלי",0
"יאיא פינק - העבודה","054-7732677","972547732677","972547732677@c.us","נייד ישראלי",0
"עדי חיפה","052-9928499","972529928499","972529928499@c.us","נייד ישראלי",0
"יובל אש","052-8421919","972528421919","972528421919@c.us","נייד ישראלי",0
"צ. מירב ק. שלישות","052-2953040","972522953040","972522953040@c.us","נייד ישראלי",0
"שני רוטנברג - לידרס רשתות חברתיות","054-2471005","972542471005","972542471005@c.us","נייד ישראלי",0
"ערבה - עמית","050-7745811","972507745811","972507745811@c.us","נייד ישראלי",0
"מירב גלזרמן","052-8735939","972528735939","972528735939@c.us","נייד ישראלי",0
"נועה שחם","054-6920517","972546920517","972546920517@c.us","נייד ישראלי",0
"יהודית ממן","054-5875505","972545875505","972545875505@c.us","נייד ישראלי",0
"בן חורי","058-5310805","972585310805","972585310805@c.us","נייד ישראלי",0
"נאסיף אבו","050-7530095","972507530095","972507530095@c.us","נייד ישראלי",0
"אורי פישביין","052-8989608","972528989608","972528989608@c.us","נייד ישראלי",0
"אלון דהבן","052-3795018","972523795018","972523795018@c.us","נייד ישראלי",0
"ענבל עופר PR","052-5308052","972525308052","972525308052@c.us","נייד ישראלי",0
"חזי - שותף של קובי וונטורה","050-5251935","972505251935","972505251935@c.us","נייד ישראלי",0
"אורית טריכום","050-7404063","972507404063","972507404063@c.us","נייד ישראלי",0
"אביב פוקס","050-8220930","972508220930","972508220930@c.us","נייד ישראלי",0
"ג'אמל אבו פאני - עדר פרות","050-7713743","972507713743","972507713743@c.us","נייד ישראלי",0
"ואדים מגטו","050-6888462","972506888462","972506888462@c.us","נייד ישראלי",0
"Sabina טלפארמה","050-9400021","972509400021","972509400021@c.us","נייד ישראלי",0
"אילן ארד","052-4070000","972524070000","972524070000@c.us","נייד ישראלי",0
"אנליה חורי","050-4372012","972504372012","972504372012@c.us","נייד ישראלי",0
"יניב ליסינג","050-4388777","972504388777","972504388777@c.us","נייד ישראלי",0
"אבי תפארת","050-6367995","972506367995","972506367995@c.us","נייד ישראלי",0
"צ. גבי קראדי קצין רכב","053-7517876","972537517876","972537517876@c.us","נייד ישראלי",0
"גיא רייב - סינגנטה","052-5017731","972525017731","972525017731@c.us","נייד ישראלי",0
"דורון","052-8795227","972528795227","972528795227@c.us","נייד ישראלי",0
"Harel Ravins יוון","052-5450919","972525450919","972525450919@c.us","נייד ישראלי",0
"גלית - מנהלת לשכה דני עטר","050-6233810","972506233810","972506233810@c.us","נייד ישראלי",0
"אלי הוכברג","050-6272971","972506272971","972506272971@c.us","נייד ישראלי",0
"אלטשולר שחם טרייד","052-7781070","972527781070","972527781070@c.us","נייד ישראלי",0
"אהוד שורץ","053-3402059","972533402059","972533402059@c.us","נייד ישראלי",0
"סעיד סיני","201090758400","201090758400","201090758400@c.us","בינלאומי",0
"עזיז פאדול - קב""ט פקיעין","052-5710000","972525710000","972525710000@c.us","נייד ישראלי",0
"יונתן שמחי - קב""ט מועצה איזורית שומרון","052-8119062","972528119062","972528119062@c.us","נייד ישראלי",0
"Cecilia טוגדר","050-5940875","972505940875","972505940875@c.us","נייד ישראלי",0
"אלכס רבינוביץ","054-7007001","972547007001","972547007001@c.us","נייד ישראלי",0
"ניר בראל","050-2008014","972502008014","972502008014@c.us","נייד ישראלי",0
"צייד - חומי וייס","052-2485561","972522485561","972522485561@c.us","נייד ישראלי",0
"מיכל הורודה","054-4788444","972544788444","972544788444@c.us","נייד ישראלי",0
"מפרשים - ארז","050-2885518","972502885518","972502885518@c.us","נייד ישראלי",0
"עידן- סבן","050-7431856","972507431856","972507431856@c.us","נייד ישראלי",0
"יובל לנדשפט","050-6243266","972506243266","972506243266@c.us","נייד ישראלי",0
"יוסי כהן - אופטימטריסט","052-3199931","972523199931","972523199931@c.us","נייד ישראלי",0
"גיא בראל אוסטיאופט","058-5540811","972585540811","972585540811@c.us","נייד ישראלי",0
"טסט קרע","050-4978261","972504978261","972504978261@c.us","נייד ישראלי",0
"אושרת עדני - מתכננת מחוזית מ. החקלאות","050-6241108","972506241108","972506241108@c.us","נייד ישראלי",0
"הדס רוט","052-6446407","972526446407","972526446407@c.us","נייד ישראלי",0
"איציק רגב","052-3980780","972523980780","972523980780@c.us","נייד ישראלי",0
"גיל אורן - מוקד טלפוני פרדס חנה","054-4284293","972544284293","972544284293@c.us","נייד ישראלי",0
"סייר שדות פרדס חנה - יניב","052-5958474","972525958474","972525958474@c.us","נייד ישראלי",0
"אמיר מלכה - IMP","050-2663899","972502663899","972502663899@c.us","נייד ישראלי",0
"אביב אברמוב","050-5526019","972505526019","972505526019@c.us","נייד ישראלי",0
"צ. בר סמפ פלתצ","052-3483909","972523483909","972523483909@c.us","נייד ישראלי",0
"שרית בן נתן - בנק הפועלים","054-4972063","972544972063","972544972063@c.us","נייד ישראלי",0
"עודי חשמלאי","050-3627777","972503627777","972503627777@c.us","נייד ישראלי",0
"תלמי השרון וואטסאפ","052-3331560","972523331560","972523331560@c.us","נייד ישראלי",0
"ברוך וינטר","050-8776401","972508776401","972508776401@c.us","נייד ישראלי",0
"איתי IT מבסוט","052-4839995","972524839995","972524839995@c.us","נייד ישראלי",0
"קטי פלטר","052-3777514","972523777514","972523777514@c.us","נייד ישראלי",0
"איתי דודילי","052-2452013","972522452013","972522452013@c.us","נייד ישראלי",0
"יציקות בטון - מנסארה אשרף","050-5350051","972505350051","972505350051@c.us","נייד ישראלי",0
"שוכר - יעל ברמן","054-6373054","972546373054","972546373054@c.us","נייד ישראלי",0
"עו""ד עמוס בן צור","054-4270800","972544270800","972544270800@c.us","נייד ישראלי",0
"עדי מאהלר","34633400142","34633400142","34633400142@c.us","בינלאומי",0
"תמיר עסיס","052-8724172","972528724172","972528724172@c.us","נייד ישראלי",0
"הנדסת חשמל ג׳אמל גאזי","050-2214497","972502214497","972502214497@c.us","נייד ישראלי",0
"אופיר מ","050-9389819","972509389819","972509389819@c.us","נייד ישראלי",0
"גבי נתנזון","052-8836010","972528836010","972528836010@c.us","נייד ישראלי",0
"צ. ולרי הנדסה 210","052-9461281","972529461281","972529461281@c.us","נייד ישראלי",0
"שרון ממן","050-7407741","972507407741","972507407741@c.us","נייד ישראלי",0
"Haitam הייתאם Zahran","054-7762272","972547762272","972547762272@c.us","נייד ישראלי",0
"נינגה","054-6631177","972546631177","972546631177@c.us","נייד ישראלי",0
"יוסי פיטוסי","050-8620071","972508620071","972508620071@c.us","נייד ישראלי",0
"אסותא","037643868","97237643868","97237643868@c.us","קווי ישראלי",0
"צ. כרם קמבצית 202","052-6673338","972526673338","972526673338@c.us","נייד ישראלי",0
"איתמר ברנפלד - יו""ר צבר קמה","054-7776256","972547776256","972547776256@c.us","נייד ישראלי",0
"קארל פאז'ורק - סגן השגריר הצ'כי","052-2947890","972522947890","972522947890@c.us","נייד ישראלי",0
"אבי גירון","050-8820166","972508820166","972508820166@c.us","נייד ישראלי",0
"פבל שטיין - קב""ט פרדס חנה","053-7375005","972537375005","972537375005@c.us","נייד ישראלי",0
"גולדי א","050-5551108","972505551108","972505551108@c.us","נייד ישראלי",0
"מיכל בן עמי","052-3544258","972523544258","972523544258@c.us","נייד ישראלי",0
"עדה","050-2690833","972502690833","972502690833@c.us","נייד ישראלי",0
"זיו גולדפישר","054-8088260","972548088260","972548088260@c.us","נייד ישראלי",0
"מילאנה","054-4486058","972544486058","972544486058@c.us","נייד ישראלי",0
"אנדריי - מנשה פיקוד העורף","052-8906598","972528906598","972528906598@c.us","נייד ישראלי",0
"גבריאל שטנרהרט - פורטוגל","351917230503","351917230503","351917230503@c.us","בינלאומי",0
"שי אונו","050-6770103","972506770103","972506770103@c.us","נייד ישראלי",0
"ג'וני סלומון","054-3073920","972543073920","972543073920@c.us","נייד ישראלי",0
"קובי מוסך מוסך חדרה","050-3466755","972503466755","972503466755@c.us","נייד ישראלי",0
"עירד קידרון","058-6893713","972586893713","972586893713@c.us","נייד ישראלי",0
"חגי קפל","050-2795417","972502795417","972502795417@c.us","נייד ישראלי",0
"rachel joba","054-2135113","972542135113","972542135113@c.us","נייד ישראלי",0
"דור","052-7461657","972527461657","972527461657@c.us","נייד ישראלי",0
"פדרו דוארטה - פורטוגל","351962823642","351962823642","351962823642@c.us","בינלאומי",0
"ד""ר אבי פרל","050-6220025","972506220025","972506220025@c.us","נייד ישראלי",0
"חיים שומרון","052-7271094","972527271094","972527271094@c.us","נייד ישראלי",0
"צ. אסף אליאב","054-6972111","972546972111","972546972111@c.us","נייד ישראלי",0
"ניר יוסטר - איירודרימס","054-4367488","972544367488","972544367488@c.us","נייד ישראלי",0
"אירית הודיה שיבק קוסמטיקאית","052-6656693","972526656693","972526656693@c.us","נייד ישראלי",0
"יונית הכלב סטיצ'","052-3293039","972523293039","972523293039@c.us","נייד ישראלי",0
"אליאור ארביב","050-8568300","972508568300","972508568300@c.us","נייד ישראלי",0
"משה שוקרון","050-5065602","972505065602","972505065602@c.us","נייד ישראלי",0
"נבו גל","052-4441122","972524441122","972524441122@c.us","נייד ישראלי",0
"גיא זך - תעשיה האווירית","050-7210030","972507210030","972507210030@c.us","נייד ישראלי",0
"צ. נתנאל אריאל","050-6362086","972506362086","972506362086@c.us","נייד ישראלי",0
"יותם זיגנבוים - שוכר -","054-7996191","972547996191","972547996191@c.us","נייד ישראלי",0
"תום קבליק","052-8748244","972528748244","972528748244@c.us","נייד ישראלי",0
"יאיר פורטוגל","351939674249","351939674249","351939674249@c.us","בינלאומי",0
"עו""ד אביעד אופיר - מסוק","052-5111111","972525111111","972525111111@c.us","נייד ישראלי",0
"רופא שיניים - ד""ר עלאא קבהא","052-6234411","972526234411","972526234411@c.us","נייד ישראלי",0
"יעל אוליבר פודגה","054-4359320","972544359320","972544359320@c.us","נייד ישראלי",0
"מידן פרטוש","054-3534148","972543534148","972543534148@c.us","נייד ישראלי",0
"עמאר יונס","050-3490572","972503490572","972503490572@c.us","נייד ישראלי",0
"עדיאל - ק. לוגיסטיקה אלוג 98","050-6901616","972506901616","972506901616@c.us","נייד ישראלי",0
"משטרה - אילנית מלכה גיוס מתנדבים","050-9032100","972509032100","972509032100@c.us","נייד ישראלי",0
"אבנר גלילי","052-6306880","972526306880","972526306880@c.us","נייד ישראלי",0
"ממן","050-7238456","972507238456","972507238456@c.us","נייד ישראלי",0
"יצהר נתן","052-6844550","972526844550","972526844550@c.us","נייד ישראלי",0
"טל","054-3212022","972543212022","972543212022@c.us","נייד ישראלי",0
"אהבה שמעיה","054-7644549","972547644549","972547644549@c.us","נייד ישראלי",0
"Mayan עין עירון","052-8700901","972528700901","972528700901@c.us","נייד ישראלי",0
"דניאל אמיר צינאדר כלבים","052-7979657","972527979657","972527979657@c.us","נייד ישראלי",0
"שני החיות","054-2475019","972542475019","972542475019@c.us","נייד ישראלי",0
"צ. אלי שוויגר","052-4641115","972524641115","972524641115@c.us","נייד ישראלי",0
"יהודה גנץ","054-6662621","972546662621","972546662621@c.us","נייד ישראלי",0
"ליאור ד","054-5207117","972545207117","972545207117@c.us","נייד ישראלי",0
"חן רייך","052-5259959","972525259959","972525259959@c.us","נייד ישראלי",0
"טל רדלר - מיינדסט","050-7705057","972507705057","972507705057@c.us","נייד ישראלי",0
"צ. שביט","054-5801898","972545801898","972545801898@c.us","נייד ישראלי",0
"דודי - לול tv","050-5550988","972505550988","972505550988@c.us","נייד ישראלי",0
"צ. גדעון ברומר","052-3578110","972523578110","972523578110@c.us","נייד ישראלי",0
"מוטי קטיף","050-9000373","972509000373","972509000373@c.us","נייד ישראלי",0
"בעז מבסוט","050-5593500","972505593500","972505593500@c.us","נייד ישראלי",0
"Moshe Shechter 🏳️‍🌈","050-5927919","972505927919","972505927919@c.us","נייד ישראלי",0
"אלחנן ברבי","053-3305988","972533305988","972533305988@c.us","נייד ישראלי",0
"גידעון - חומוס","052-2851550","972522851550","972522851550@c.us","נייד ישראלי",0
"Elna. אלנתן מושקו","050-8508147","972508508147","972508508147@c.us","נייד ישראלי",0
"עדי מישל - מוטורולה","053-7706717","972537706717","972537706717@c.us","נייד ישראלי",0
"yosef yosef דפוס אור","050-3223339","972503223339","972503223339@c.us","נייד ישראלי",0
"יוסי אהרוני - ליסינג","052-4777779","972524777779","972524777779@c.us","נייד ישראלי",0
"דניאל - צרכניה","054-5742716","972545742716","972545742716@c.us","נייד ישראלי",0
"דויד מהצרי","054-7594600","972547594600","972547594600@c.us","נייד ישראלי",0
"לירום סנדה","054-5933911","972545933911","972545933911@c.us","נייד ישראלי",0
"חנוש","052-8375289","972528375289","972528375289@c.us","נייד ישראלי",0
"יוסי שמאי","050-5414925","972505414925","972505414925@c.us","נייד ישראלי",0
"זיו פזנדה אלומיניום לסירה","050-5238045","972505238045","972505238045@c.us","נייד ישראלי",0
"קוטי לוריא","050-5232112","972505232112","972505232112@c.us","נייד ישראלי",0
"יקי סיטבון - מצלמות","054-8279027","972548279027","972548279027@c.us","נייד ישראלי",0
"סאבר - מנהל BOL","050-5651035","972505651035","972505651035@c.us","נייד ישראלי",0
"גו'אאו קלארה - פורטוגל","351917358024","351917358024","351917358024@c.us","בינלאומי",0
"בית מרקחת כרמל זכרון","050-9001458","972509001458","972509001458@c.us","נייד ישראלי",0
"אורן פרחי","052-6696693","972526696693","972526696693@c.us","נייד ישראלי",0
"יוסי ביטון רב""ש אביבים","050-7379624","972507379624","972507379624@c.us","נייד ישראלי",0
"יעל זילברמן רומנו","054-5986691","972545986691","972545986691@c.us","נייד ישראלי",0
"אלון - מכונות שטיפה וטיאוט","052-2722308","972522722308","972522722308@c.us","נייד ישראלי",0
"בית בסנט גאורגיוס","306944580388","306944580388","306944580388@c.us","בינלאומי",0
"גולן שטרית גקוזי","054-4700635","972544700635","972544700635@c.us","נייד ישראלי",0
"ירון אסאבי - דרום אפריקה","27828810418","27828810418","27828810418@c.us","בינלאומי",0
"יאיר מרום","052-9201204","972529201204","972529201204@c.us","נייד ישראלי",0
"אורן טלפארמה","050-4982808","972504982808","972504982808@c.us","נייד ישראלי",0
"אשרף יחיא","052-4209052","972524209052","972524209052@c.us","נייד ישראלי",0
"אלעד אתגר","050-5245925","972505245925","972505245925@c.us","נייד ישראלי",0
"יעקב הלפרין אילוף כלבים Best Buddy","052-8035513","972528035513","972528035513@c.us","נייד ישראלי",0
"רב״ש גן שמואל - אנדריי","054-4348704","972544348704","972544348704@c.us","נייד ישראלי",0
"דנה אלי","050-9777107","972509777107","972509777107@c.us","נייד ישראלי",0
"סמי - דייג ג'אסר א זרקא","052-4070547","972524070547","972524070547@c.us","נייד ישראלי",0
"יורם אשל","054-8882801","972548882801","972548882801@c.us","נייד ישראלי",0
"אורי שפירא רט""ג","053-7762049","972537762049","972537762049@c.us","נייד ישראלי",0
"Omer Erlich","052-8381077","972528381077","972528381077@c.us","נייד ישראלי",0
"רותי פרום אריכא - משרד החלקאות","050-6241244","972506241244","972506241244@c.us","נייד ישראלי",0
"יונתן ציטרונוביץ - פקח איכות סביבה","054-7624659","972547624659","972547624659@c.us","נייד ישראלי",0
"דניאלה שיבי","054-4286764","972544286764","972544286764@c.us","נייד ישראלי",0
"אדוה דוידוביץ","053-4301369","972534301369","972534301369@c.us","נייד ישראלי",0
"ורד חן רישוי עסקים","055-8821251","972558821251","972558821251@c.us","נייד ישראלי",0
"מאשה פולימץ","385915141889","385915141889","385915141889@c.us","בינלאומי",0
"רוני לינדר - דה מרקר","052-6102308","972526102308","972526102308@c.us","נייד ישראלי",0
"פז שוורץ - ערוץ 10","054-7950468","972547950468","972547950468@c.us","נייד ישראלי",0
"שירה חאג","052-3625116","972523625116","972523625116@c.us","נייד ישראלי",0
"צוף משעל","058-4223288","972584223288","972584223288@c.us","נייד ישראלי",0
"עו""ד אור נוי","052-3960733","972523960733","972523960733@c.us","נייד ישראלי",0
"תום גרוסמן משטרה ירוקה","050-6237592","972506237592","972506237592@c.us","נייד ישראלי",0
"רבקי שטרן - IMC","054-7621621","972547621621","972547621621@c.us","נייד ישראלי",0
"טרייסי קנהקידס","13109742125","13109742125","13109742125@c.us","בינלאומי",0
"דור משה - שוכר","052-3899199","972523899199","972523899199@c.us","נייד ישראלי",0
"דורון אלימלך - כיבוי אווירי טייסת הכיבוי","053-5255042","972535255042","972535255042@c.us","נייד ישראלי",0
"עלי בינג - רפרנט חקלאות באוצר","052-4559707","972524559707","972524559707@c.us","נייד ישראלי",0
"סמוקר - אליק","050-3828281","972503828281","972503828281@c.us","נייד ישראלי",0
"בן מערכות אקלים","054-2548233","972542548233","972542548233@c.us","נייד ישראלי",0
"אלון פינחס - קבלן חממות","050-5354391","972505354391","972505354391@c.us","נייד ישראלי",0
"יינון מגל","054-7950480","972547950480","972547950480@c.us","נייד ישראלי",0
"חגי שור","054-4538538","972544538538","972544538538@c.us","נייד ישראלי",0
"ד""ר נורית מרון ויטרנרית","050-5744999","972505744999","972505744999@c.us","נייד ישראלי",0
"צ. גדי קצין רכב","052-3822666","972523822666","972523822666@c.us","נייד ישראלי",0
"עבד של זוהייר","050-6855782","972506855782","972506855782@c.us","נייד ישראלי",0
"יריב וינברג","054-7744463","972547744463","972547744463@c.us","נייד ישראלי",0
"שלמה מצליח","052-3318890","972523318890","972523318890@c.us","נייד ישראלי",0
"מני יפת - בנק מזרחי","052-5394540","972525394540","972525394540@c.us","נייד ישראלי",0
"ג. אייל פוליקר קנערבה","054-4297002","972544297002","972544297002@c.us","נייד ישראלי",0
"אורלי דרי","054-6664248","972546664248","972546664248@c.us","נייד ישראלי",0
"ד""ר מיקי דור","050-6242277","972506242277","972506242277@c.us","נייד ישראלי",0
"שולה ורטהים","052-2840208","972522840208","972522840208@c.us","נייד ישראלי",0
"איימן פארם נתניה","055-8858198","972558858198","972558858198@c.us","נייד ישראלי",0
"גב דנה","050-7666207","972507666207","972507666207@c.us","נייד ישראלי",0
"קובי אברמוב","050-4389200","972504389200","972504389200@c.us","נייד ישראלי",0
"דן סלומון צ.","050-6518959","972506518959","972506518959@c.us","נייד ישראלי",0
"קובי ז'אן - IT","054-4447270","972544447270","972544447270@c.us","נייד ישראלי",0
"טל בר","052-3752969","972523752969","972523752969@c.us","נייד ישראלי",0
"גיא - מוצרי שלם דליים","054-5202055","972545202055","972545202055@c.us","נייד ישראלי",0
"טובה ברקת - מנהלת לישכה גרוטו","050-6242264","972506242264","972506242264@c.us","נייד ישראלי",0
"אסי - קלינר ניקוי וחיטוי מזגנים","052-2211704","972522211704","972522211704@c.us","נייד ישראלי",0
"מאט - קירטון","16047602133","16047602133","16047602133@c.us","בינלאומי",0
"נגה ועילית","058-6822926","972586822926","972586822926@c.us","נייד ישראלי",0
"אמיר נחמני - א. א. מיגון","050-7760631","972507760631","972507760631@c.us","נייד ישראלי",0
"DMC מרכז רפואי לטיפול בסכרת","058-5564225","972585564225","972585564225@c.us","נייד ישראלי",0
"אשר אלקובי","054-4518888","972544518888","972544518888@c.us","נייד ישראלי",0
"יעל פרידמן 🙂","050-2028022","972502028022","972502028022@c.us","נייד ישראלי",0
"יואב טבנקין","053-7700317","972537700317","972537700317@c.us","נייד ישראלי",0
"עופר חלמיש - כבאות והצלה","050-5333742","972505333742","972505333742@c.us","נייד ישראלי",0
"טל כהן מפלג 915 - זי""ס","052-9277142","972529277142","972529277142@c.us","נייד ישראלי",0
"חגי קוסמו","052-7345981","972527345981","972527345981@c.us","נייד ישראלי",0
"בשיר - מתקין אלומיניום","050-2555985","972502555985","972502555985@c.us","נייד ישראלי",0
"ישראל באונטי)","058-4842985","972584842985","972584842985@c.us","נייד ישראלי",0
"Shira שירה Naveh אלון","054-4587370","972544587370","972544587370@c.us","נייד ישראלי",0
"לין מלכה","054-4675139","972544675139","972544675139@c.us","נייד ישראלי",0
"גיא סטאריק צייד","052-6695555","972526695555","972526695555@c.us","נייד ישראלי",0
"אלי רו","053-4334334","972534334334","972534334334@c.us","נייד ישראלי",0
"יצחק פוקס אדומים","054-4408965","972544408965","972544408965@c.us","נייד ישראלי",0
"אחמד הרצף של שמחה","052-3063054","972523063054","972523063054@c.us","נייד ישראלי",0
"תהילה היימן","054-2468100","972542468100","972542468100@c.us","נייד ישראלי",0
"אופיר בס - שיפוץ","054-4235857","972544235857","972544235857@c.us","נייד ישראלי",0
"אתי של רותי - פרטי","054-7997072","972547997072","972547997072@c.us","נייד ישראלי",0
"מוקד תופעת טבע - יינון רצון","052-7021005","972527021005","972527021005@c.us","נייד ישראלי",0
"ליאור בורגתא","054-6120020","972546120020","972546120020@c.us","נייד ישראלי",0
"ת. בנימין (בנג׳י) - סמח״ט ב׳ - קומנדו","054-3200337","972543200337","972543200337@c.us","נייד ישראלי",0
"הברפלד עץ - גיא","050-6892684","972506892684","972506892684@c.us","נייד ישראלי",0
"תמר הדסי","052-4289880","972524289880","972524289880@c.us","נייד ישראלי",0
"צ קובי ונטורה","054-4846803","972544846803","972544846803@c.us","נייד ישראלי",0
"אינה ברודר","052-6707991","972526707991","972526707991@c.us","נייד ישראלי",0
"דיויד גרס - חכימי","385913750780","385913750780","385913750780@c.us","בינלאומי",0
"רמי קנדוק","052-5014763","972525014763","972525014763@c.us","נייד ישראלי",0
"אבירם ז'אן","052-8020107","972528020107","972528020107@c.us","נייד ישראלי",0
"נעמה","054-2465696","972542465696","972542465696@c.us","נייד ישראלי",0
"אמציה שניר - מגידו","054-5531555","972545531555","972545531555@c.us","נייד ישראלי",0
"כליל","054-7619760","972547619760","972547619760@c.us","נייד ישראלי",0
"חן ג'רבי","052-4232177","972524232177","972524232177@c.us","נייד ישראלי",0
"רוני לב -צייד","050-2479936","972502479936","972502479936@c.us","נייד ישראלי",0
"ליאורה גלבר","052-3852200","972523852200","972523852200@c.us","נייד ישראלי",0
"אשל גרינברג","054-6585162","972546585162","972546585162@c.us","נייד ישראלי",0
"ענת לוינגרט שה""מ","050-6241575","972506241575","972506241575@c.us","נייד ישראלי",0
"יותם כהן Boxit","052-6615044","972526615044","972526615044@c.us","נייד ישראלי",0
"Kohav קנאביס","054-4981557","972544981557","972544981557@c.us","נייד ישראלי",0
"אבי לאטי","054-5804841","972545804841","972545804841@c.us","נייד ישראלי",0
"Kfar Saba","051-2197581","972512197581","972512197581@c.us","נייד ישראלי",0
"ד""ר אמנון שמושקוביץ - רופא תעופתי","050-5555180","972505555180","972505555180@c.us","נייד ישראלי",0
"זיו שערים","050-2887795","972502887795","972502887795@c.us","נייד ישראלי",0
"משה נעים  - יועץ נדל""ן","054-8176683","972548176683","972548176683@c.us","נייד ישראלי",0
"שירה סיני","054-3976459","972543976459","972543976459@c.us","נייד ישראלי",0
"טל שמחה- משרד החקלאות","054-4200761","972544200761","972544200761@c.us","נייד ישראלי",0
"שולי גורליק - יק'ר","050-2369592","972502369592","972502369592@c.us","נייד ישראלי",0
"אילן גיל","050-9667132","972509667132","972509667132@c.us","נייד ישראלי",0
"חגית פלדמן","054-4690860","972544690860","972544690860@c.us","נייד ישראלי",0
"אורי נעים - שערים","052-2424031","972522424031","972522424031@c.us","נייד ישראלי",0
"אייל מתופף","054-6601300","972546601300","972546601300@c.us","נייד ישראלי",0
"נדב פרידמן","054-3520780","972543520780","972543520780@c.us","נייד ישראלי",0
"רונן שמש","054-2430475","972542430475","972542430475@c.us","נייד ישראלי",0
"מיכל עמית סוכנת נסיעות","050-5563028","972505563028","972505563028@c.us","נייד ישראלי",0
"Chuck Arnold","13369180507","13369180507","13369180507@c.us","בינלאומי",0
"אודי או","054-6820344","972546820344","972546820344@c.us","נייד ישראלי",0
"שרון זיידה הכלבה אלבי","052-8778317","972528778317","972528778317@c.us","נייד ישראלי",0
"משה בר סימן טוב","050-6207271","972506207271","972506207271@c.us","נייד ישראלי",0
"ארושס טלי","052-4703773","972524703773","972524703773@c.us","נייד ישראלי",0
"תמי סלונים","050-2806700","972502806700","972502806700@c.us","נייד ישראלי",0
"גלי שגב","054-4400318","972544400318","972544400318@c.us","נייד ישראלי",0
"צ עידן ריצקר","052-8105260","972528105260","972528105260@c.us","נייד ישראלי",0
"יובל ראובני","055-8838055","972558838055","972558838055@c.us","נייד ישראלי",0
"דנה כפרפינס","052-3380093","972523380093","972523380093@c.us","נייד ישראלי",0
"חמוטל דיכטר - כפר פינס","052-3213449","972523213449","972523213449@c.us","נייד ישראלי",0
"אופיר בית רסקו","054-6835888","972546835888","972546835888@c.us","נייד ישראלי",0
"ג'יפ סופה","052-3572261","972523572261","972523572261@c.us","נייד ישראלי",0
"z","054-7963607","972547963607","972547963607@c.us","נייד ישראלי",0
"אורטל המהממת","052-6042212","972526042212","972526042212@c.us","נייד ישראלי",0
"Michelle Tamir","052-3992987","972523992987","972523992987@c.us","נייד ישראלי",0
"אחמד הזול - אישתו","054-9069962","972549069962","972549069962@c.us","נייד ישראלי",0
"דוד פורר","054-4515151","972544515151","972544515151@c.us","נייד ישראלי",0
"גיילי איריס","052-6778715","972526778715","972526778715@c.us","נייד ישראלי",0
"גוטה","052-6662577","972526662577","972526662577@c.us","נייד ישראלי",0
"סלעית ברדה - מעברים יואב","0779802271","972779802271","972779802271@c.us","קווי ישראלי",0
"חיים בן עמי","054-5221877","972545221877","972545221877@c.us","נייד ישראלי",0
"צ. עידו סופר","050-6784052","972506784052","972506784052@c.us","נייד ישראלי",0
"עבדללה כרמאווי","050-8210781","972508210781","972508210781@c.us","נייד ישראלי",0
"קוסטס סירה","306945878748","306945878748","306945878748@c.us","בינלאומי",0
"ליס","054-7699090","972547699090","972547699090@c.us","נייד ישראלי",0
"שיר אלרואי","050-6696969","972506696969","972506696969@c.us","נייד ישראלי",0
"צ. אוהד ברוך","054-4667662","972544667662","972544667662@c.us","נייד ישראלי",0
"עודד - בסט קרטון","054-6672343","972546672343","972546672343@c.us","נייד ישראלי",0
"אורית גדו","054-6437227","972546437227","972546437227@c.us","נייד ישראלי",0
"מוחמד דיק - חשמלאי רכב","050-5682822","972505682822","972505682822@c.us","נייד ישראלי",0
"פלורה","050-6309066","972506309066","972506309066@c.us","נייד ישראלי",0
"עורכת דין שרון","050-8866279","972508866279","972508866279@c.us","נייד ישראלי",0
"אורי שחר","052-2304979","972522304979","972522304979@c.us","נייד ישראלי",0
"אילון א","054-4721821","972544721821","972544721821@c.us","נייד ישראלי",0
"ירון סופר דייר לנדבר","053-3313991","972533313991","972533313991@c.us","נייד ישראלי",0
"דן כרמלי - איגוד לשכות המסחר","050-5310810","972505310810","972505310810@c.us","נייד ישראלי",0
"ליאל פקח רתג","053-7762701","972537762701","972537762701@c.us","נייד ישראלי",0
"ד״ר שי אפרתי","054-9212866","972549212866","972549212866@c.us","נייד ישראלי",0
"מיכה קוטלר","052-7022595","972527022595","972527022595@c.us","נייד ישראלי",0
"מידן פרטוש פרטי","055-3186777","972553186777","972553186777@c.us","נייד ישראלי",0
"נאש אברמוב - איטליה","393457008464","393457008464","393457008464@c.us","בינלאומי",0
"אבי מסיקה","053-5555103","972535555103","972535555103@c.us","נייד ישראלי",0
"בית הדר פרדס חנה","050-9033236","972509033236","972509033236@c.us","נייד ישראלי",0
"צ. שמעון אמולסיה 98","058-7701948","972587701948","972587701948@c.us","נייד ישראלי",0
"צ. נועם קמבץ הנדסה 210","055-8864480","972558864480","972558864480@c.us","נייד ישראלי",0
"מיכל הירוקה","054-9555355","972549555355","972549555355@c.us","נייד ישראלי",0
"צ ישראל פוקס","058-4820046","972584820046","972584820046@c.us","נייד ישראלי",0
"עידן נבגים","052-5599733","972525599733","972525599733@c.us","נייד ישראלי",0
"Mark Cohen","054-4652432","972544652432","972544652432@c.us","נייד ישראלי",0
"ליאת ברלוביץ - AMS","054-4846268","972544846268","972544846268@c.us","נייד ישראלי",0
"אחמד IT - שלם","050-3666449","972503666449","972503666449@c.us","נייד ישראלי",0
"ילון גב","052-4236475","972524236475","972524236475@c.us","נייד ישראלי",0
"זאב גלסברג","054-4249176","972544249176","972544249176@c.us","נייד ישראלי",0
"Bdran Abohdba","053-8505950","972538505950","972538505950@c.us","נייד ישראלי",0
"גל אלקוסר","050-3393031","972503393031","972503393031@c.us","נייד ישראלי",0
"הראל לפידות","054-3201483","972543201483","972543201483@c.us","נייד ישראלי",0
"שמי בר - ים של גאסר","054-5513569","972545513569","972545513569@c.us","נייד ישראלי",0
"שי ברגר","054-2204044","972542204044","972542204044@c.us","נייד ישראלי",0
"משטרה - בני ארנס","050-5923261","972505923261","972505923261@c.us","נייד ישראלי",0
"אהרון ברדה - בטר סידס","054-4219988","972544219988","972544219988@c.us","נייד ישראלי",0
"דור מערכות","046335294","97246335294","97246335294@c.us","קווי ישראלי",0
"לירן השכן","050-7574017","972507574017","972507574017@c.us","נייד ישראלי",0
"מחסן ברזל גנאיים","050-8697102","972508697102","972508697102@c.us","נייד ישראלי",0
"איריס גוטמן פלטיניום בנק פועלים","052-8694029","972528694029","972528694029@c.us","נייד ישראלי",0
"אבירן סנטר","054-3999308","972543999308","972543999308@c.us","נייד ישראלי",0
"Ian Scott","16472845941","16472845941","16472845941@c.us","בינלאומי",0
"תומר הרצליה הכלב לאקי (בוקסר)","050-3434616","972503434616","972503434616@c.us","נייד ישראלי",0
"עו""ד נגה רובינשטיין","050-6236330","972506236330","972506236330@c.us","נייד ישראלי",0
"לירת טלפארמה","054-6559288","972546559288","972546559288@c.us","נייד ישראלי",0
"אחמד הזול - הבן","052-5984228","972525984228","972525984228@c.us","נייד ישראלי",0
"Holger","34671419760","34671419760","34671419760@c.us","בינלאומי",0
"ליאור בוגר - מדריך טיסה","052-8799005","972528799005","972528799005@c.us","נייד ישראלי",0
"סאונה ויקי","058-6363883","972586363883","972586363883@c.us","נייד ישראלי",0
"רונן כהן - Ups","050-6890003","972506890003","972506890003@c.us","נייד ישראלי",0
"עזרא המציל","050-5303512","972505303512","972505303512@c.us","נייד ישראלי",0
"נדב אתר אינטרנט","050-6663735","972506663735","972506663735@c.us","נייד ישראלי",0
"רותם - כתב בריאות וואנט","054-9739757","972549739757","972549739757@c.us","נייד ישראלי",0
"דנה - פרוייקטים","050-6868416","972506868416","972506868416@c.us","נייד ישראלי",0
"אבנר בן סימון - מס""ר ברק","052-4684582","972524684582","972524684582@c.us","נייד ישראלי",0
"ריאן ברטעה","052-9381315","972529381315","972529381315@c.us","נייד ישראלי",0
"עידן גלעדי","054-9205083","972549205083","972549205083@c.us","נייד ישראלי",0
"עמית פור - משק רגבים","053-9740727","972539740727","972539740727@c.us","נייד ישראלי",0
"ריקי אסטוניה","37259181760","37259181760","37259181760@c.us","בינלאומי",0
"ג'קי ברימה","054-3972905","972543972905","972543972905@c.us","נייד ישראלי",0
"Jennifer Elias","058-7297380","972587297380","972587297380@c.us","נייד ישראלי",0
"עידן המהנדס","050-5400890","972505400890","972505400890@c.us","נייד ישראלי",0
"גניפר -קנאשור","050-6846868","972506846868","972506846868@c.us","נייד ישראלי",0
"תמי גירון","050-8820170","972508820170","972508820170@c.us","נייד ישראלי",0
"שחר אורי - ליד טכנולוגיות אריזה","054-4230316","972544230316","972544230316@c.us","נייד ישראלי",0
"רביד - ראש צוות סלקום","052-8388242","972528388242","972528388242@c.us","נייד ישראלי",0
"מתמידים - רון קיש","054-2404019","972542404019","972542404019@c.us","נייד ישראלי",0
"עדי פיש פילטר מים","050-4204000","972504204000","972504204000@c.us","נייד ישראלי",0
"נעה מונד - מבסוט","054-3975159","972543975159","972543975159@c.us","נייד ישראלי",0
"Ira Gazit","054-4426249","972544426249","972544426249@c.us","נייד ישראלי",0
"יובל גוט - קריית ארבע","053-7796037","972537796037","972537796037@c.us","נייד ישראלי",0
"גידול - זיו גפן","052-8714784","972528714784","972528714784@c.us","נייד ישראלי",0
"שרברינסקי","14159106979","14159106979","14159106979@c.us","בינלאומי",0
"צ. דני פרל 448","052-4371780","972524371780","972524371780@c.us","נייד ישראלי",0
"Maia מאיה וגסטון הכלבה לייקה מאיה הכלבה לייקה","054-6431530","972546431530","972546431530@c.us","נייד ישראלי",0
"סנ""צ אודי וולף","050-6275392","972506275392","972506275392@c.us","נייד ישראלי",0
"נופך סולם","050-6503986","972506503986","972506503986@c.us","נייד ישראלי",0
"אופיר כהן - גט קנאביס","050-4445062","972504445062","972504445062@c.us","נייד ישראלי",0
"מיכאל ב. נ. חומרי ביניין","050-9446140","972509446140","972509446140@c.us","נייד ישראלי",0
"מוגירה יונס - מדריך זית","050-6241424","972506241424","972506241424@c.us","נייד ישראלי",0
"מחסן ברזל - ברק","050-9405023","972509405023","972509405023@c.us","נייד ישראלי",0
"יובל - רב""ש גיתה","050-5650309","972505650309","972505650309@c.us","נייד ישראלי",0
"בני כספות","050-4480444","972504480444","972504480444@c.us","נייד ישראלי",0
"מיכאל נעים","054-9749995","972549749995","972549749995@c.us","נייד ישראלי",0
"יצחק הרצוג","050-5230119","972505230119","972505230119@c.us","נייד ישראלי",0
"סיגל גולדנר - היחידה ללימודי חוץ הפקולטה לחקלאות","054-5675656","972545675656","972545675656@c.us","נייד ישראלי",0
"איציק חגיגי - הנדסת המפעל","054-8883375","972548883375","972548883375@c.us","נייד ישראלי",0
"רביד כנוניץ","050-8688853","972508688853","972508688853@c.us","נייד ישראלי",0
"דיקלה טלפארמה","050-5700570","972505700570","972505700570@c.us","נייד ישראלי",0
"איציק מור יוסף - אדריכל","052-3826624","972523826624","972523826624@c.us","נייד ישראלי",0
"עומר מלאכי","054-8882665","972548882665","972548882665@c.us","נייד ישראלי",0
"טל (כרמל ניר)","050-8814702","972508814702","972508814702@c.us","נייד ישראלי",0
"אמיר יצחיק מעצב גרפי","054-7320428","972547320428","972547320428@c.us","נייד ישראלי",0
"S K","052-8618610","972528618610","972528618610@c.us","נייד ישראלי",0
"לאה קלימובסקי","050-6282624","972506282624","972506282624@c.us","נייד ישראלי",0
"פפי","052-3497592","972523497592","972523497592@c.us","נייד ישראלי",0
"יאיר ניסנוב - קוזילבסקי","052-8960790","972528960790","972528960790@c.us","נייד ישראלי",0
"חן מלכה - מפעלי חן","053-4980017","972534980017","972534980017@c.us","נייד ישראלי",0
"איציק - בנק הפועלים","054-2055899","972542055899","972542055899@c.us","נייד ישראלי",0
"קובי קנבי","053-5765353","972535765353","972535765353@c.us","נייד ישראלי",0
"אבי קנטור","054-3358686","972543358686","972543358686@c.us","נייד ישראלי",0
"אבי חדרה חץ כלבים","050-4448648","972504448648","972504448648@c.us","נייד ישראלי",0
"עאטף - קב""ט מגדל תפן","050-6234090","972506234090","972506234090@c.us","נייד ישראלי",0
"מדלן - מלטה","35699549444","35699549444","35699549444@c.us","בינלאומי",0
"צ משה ברומר","052-8341863","972528341863","972528341863@c.us","נייד ישראלי",0
"ירון פרץ - אתר הולי סמוק","054-9428200","972549428200","972549428200@c.us","נייד ישראלי",0
"אבא של נעמה יהב","054-5858384","972545858384","972545858384@c.us","נייד ישראלי",0
"צ אלון צפדיה","050-5754754","972505754754","972505754754@c.us","נייד ישראלי",0
"Eden","054-4866677","972544866677","972544866677@c.us","נייד ישראלי",0
"צ. שחר מילר ק. קישור 98","054-5765060","972545765060","972545765060@c.us","נייד ישראלי",0
"מריה ביג'וטה - קולומביה","573167450919","573167450919","573167450919@c.us","בינלאומי",0
"זוהר שכן ההורים","050-5496454","972505496454","972505496454@c.us","נייד ישראלי",0
"דנה יחזקאל אהרון - כימפרוד","053-2204444","972532204444","972532204444@c.us","נייד ישראלי",0
"ליאור פיסו","054-4780038","972544780038","972544780038@c.us","נייד ישראלי",0
"סיוונית - ג'סר","054-4457963","972544457963","972544457963@c.us","נייד ישראלי",0
"מוטי סלווין","052-3666024","972523666024","972523666024@c.us","נייד ישראלי",0
"גולדנברג","054-8360818","972548360818","972548360818@c.us","נייד ישראלי",0
"דיאנה גן אלון","052-9593239","972529593239","972529593239@c.us","נייד ישראלי",0
"ברכה גל","050-6241624","972506241624","972506241624@c.us","נייד ישראלי",0
"מונג'ד - חשמלאי אשרף","050-8912753","972508912753","972508912753@c.us","נייד ישראלי",0
"מאור זלוצבר טויב","050-3058505","972503058505","972503058505@c.us","נייד ישראלי",0
"מעיין משעל","058-4901114","972584901114","972584901114@c.us","נייד ישראלי",0
"נועם דומיניץ - יועץ יובל שטייניץ","052-6274343","972526274343","972526274343@c.us","נייד ישראלי",0
"נוימן ווצאפ","054-5425103","972545425103","972545425103@c.us","נייד ישראלי",0
"‏‪+972 50-596-6777‬‏","050-5966777","972505966777","972505966777@c.us","נייד ישראלי",0
"שחר בוסקילה - מגדים","052-5320023","972525320023","972525320023@c.us","נייד ישראלי",0
"סתיו שרייר","058-4095201","972584095201","972584095201@c.us","נייד ישראלי",0
"נרי ברק - קנדוק","052-5138964","972525138964","972525138964@c.us","נייד ישראלי",0
"עו""ד אבי לוי","052-5612696","972525612696","972525612696@c.us","נייד ישראלי",0
"מוריה הכלב ג'וני","050-6882886","972506882886","972506882886@c.us","נייד ישראלי",0
"דודו חאג","052-2775457","972522775457","972522775457@c.us","נייד ישראלי",0
"סיגל ליאונרדו","050-8294090","972508294090","972508294090@c.us","נייד ישראלי",0
"שנאל סולגרין","050-8470887","972508470887","972508470887@c.us","נייד ישראלי",0
"מבוא שומרון - דוביק סוכן","054-2507403","972542507403","972542507403@c.us","נייד ישראלי",0
"תומר קליין מהנדס תהליך גלבוע","052-2175977","972522175977","972522175977@c.us","נייד ישראלי",0
"משה מחשבים","052-6556717","972526556717","972526556717@c.us","נייד ישראלי",0
"רוקון אלמן - קב""ט כסרא סמיע","054-2460166","972542460166","972542460166@c.us","נייד ישראלי",0
"שלי אברג'יל","054-7759702","972547759702","972547759702@c.us","נייד ישראלי",0
"Shani פרוליס","050-4288777","972504288777","972504288777@c.us","נייד ישראלי",0
"דוד סוסנה","052-5554843","972525554843","972525554843@c.us","נייד ישראלי",0
"יוני מסדר משרד הרישוי","050-5345929","972505345929","972505345929@c.us","נייד ישראלי",0
"נורם אקרמן","054-9578805","972549578805","972549578805@c.us","נייד ישראלי",0
"‏‪+972 54-641-9190‬‏","054-6419190","972546419190","972546419190@c.us","נייד ישראלי",0
"רביד","054-3060206","972543060206","972543060206@c.us","נייד ישראלי",0
"סיון שכנה כלבים","054-4811141","972544811141","972544811141@c.us","נייד ישראלי",0
"עסלי - חמרה","053-7781676","972537781676","972537781676@c.us","נייד ישראלי",0
"עו""ד רועי בלכר","054-5216678","972545216678","972545216678@c.us","נייד ישראלי",0
"משה בר - טיפוח גנטי","052-2242231","972522242231","972522242231@c.us","נייד ישראלי",0
"רוחלה - שקיות אריזה","050-7700555","972507700555","972507700555@c.us","נייד ישראלי",0
"‏‪+420 605 981 572‬‏","420605981572","420605981572","420605981572@c.us","בינלאומי",0
"בר און שובל","052-2709004","972522709004","972522709004@c.us","נייד ישראלי",0
"זוהרה","054-6000937","972546000937","972546000937@c.us","נייד ישראלי",0
"צמיגי ריאן - חוסני","050-8354496","972508354496","972508354496@c.us","נייד ישראלי",0
"אור קרן - ס קב""ט זיכרון יעקב","054-3107223","972543107223","972543107223@c.us","נייד ישראלי",0
"דביר אל","052-3000401","972523000401","972523000401@c.us","נייד ישראלי",0
"כנען טרקטורים","052-5759487","972525759487","972525759487@c.us","נייד ישראלי",0
"אלון ריינהורן","052-9535343","972529535343","972529535343@c.us","נייד ישראלי",0
"קובי בלדב","054-5574411","972545574411","972545574411@c.us","נייד ישראלי",0
"טל ברמן","054-6115577","972546115577","972546115577@c.us","נייד ישראלי",0
"שאדי - גנן","050-9024192","972509024192","972509024192@c.us","נייד ישראלי",0
"גלית יוגב חד""פ","054-4338036","972544338036","972544338036@c.us","נייד ישראלי",0
"צפי","052-8866997","972528866997","972528866997@c.us","נייד ישראלי",0
"עו""ד יעל גת","052-5736128","972525736128","972525736128@c.us","נייד ישראלי",0
"Susan Kiva","14086916111","14086916111","14086916111@c.us","בינלאומי",0
"יוסי בוקר","054-4866620","972544866620","972544866620@c.us","נייד ישראלי",0
"שלומי ניסטל","052-6706776","972526706776","972526706776@c.us","נייד ישראלי",0
"פריזמה משקלים - שמעון","050-5388065","972505388065","972505388065@c.us","נייד ישראלי",0
"ניו ראס","201004022800","201004022800","201004022800@c.us","בינלאומי",0
"שי פנדה","054-2240725","972542240725","972542240725@c.us","נייד ישראלי",0
"אמיר אייל - אקווה מרינה","050-5541056","972505541056","972505541056@c.us","נייד ישראלי",0
"קנט -גרינגו","31654765334","31654765334","31654765334@c.us","בינלאומי",0
"Ab Mabsut","050-3858888","972503858888","972503858888@c.us","נייד ישראלי",0
"גלינה מנקה","050-9001701","972509001701","972509001701@c.us","נייד ישראלי",0
"עוזי גרפל - מכולת אשפה","050-5349284","972505349284","972505349284@c.us","נייד ישראלי",0
"אילן הסודני","054-6646101","972546646101","972546646101@c.us","נייד ישראלי",0
"אלה דינרמן","053-5225434","972535225434","972535225434@c.us","נייד ישראלי",0
"שולי פוליבה","054-4841054","972544841054","972544841054@c.us","נייד ישראלי",0
"גיא לויט מוטורהום","053-7757575","972537757575","972537757575@c.us","נייד ישראלי",0
"שי בר יוסף RCK","052-8003800","972528003800","972528003800@c.us","נייד ישראלי",0
"גף סנכרון להטסת רחפן","036067970","97236067970","97236067970@c.us","קווי ישראלי",0
"גלעד - הכרם","054-5943002","972545943002","972545943002@c.us","נייד ישראלי",0
"סייף מועבי - קב""ט ירכא","050-3779400","972503779400","972503779400@c.us","נייד ישראלי",0
"סעיד מון","201004442126","201004442126","201004442126@c.us","בינלאומי",0
"David bisnowaty","054-2045499","972542045499","972542045499@c.us","נייד ישראלי",0
"יוסי מור - סוכן ביטוח","052-7563330","972527563330","972527563330@c.us","נייד ישראלי",0
"צ. דיוויד הסרס""פ","054-7716674","972547716674","972547716674@c.us","נייד ישראלי",0
"נביל זועבי משטחי עץ","054-6638748","972546638748","972546638748@c.us","נייד ישראלי",0
"יונתן סגמן","052-3132712","972523132712","972523132712@c.us","נייד ישראלי",0
"צביקה פינקלר - פרוטרי אלכוהול","052-6692417","972526692417","972526692417@c.us","נייד ישראלי",0
"עמית וקסלר","054-4232553","972544232553","972544232553@c.us","נייד ישראלי",0
"בוב מוס - מדריך ראשי רובינסון","16268070064","16268070064","16268070064@c.us","בינלאומי",0
"מייקל שילת","050-8783550","972508783550","972508783550@c.us","נייד ישראלי",0
"טוני ברצלונה","050-5222401","972505222401","972505222401@c.us","נייד ישראלי",0
"ניסים צאצי","054-3337447","972543337447","972543337447@c.us","נייד ישראלי",0
"Little אדוארד","37255633819","37255633819","37255633819@c.us","בינלאומי",0
"רון קושניר - מכונאי מסוקים","052-3334758","972523334758","972523334758@c.us","נייד ישראלי",0
"רונן ביודק - מושב דור","052-6599512","972526599512","972526599512@c.us","נייד ישראלי",0
"הדר אלטבורט - סוכנות נסיעות תלמה","058-6132880","972586132880","972586132880@c.us","נייד ישראלי",0
". דוד ויסוקר - לוגיסטיפארם","052-4044411","972524044411","972524044411@c.us","נייד ישראלי",0
"קליגר איתן","919890853116","919890853116","919890853116@c.us","בינלאומי",0
"ארבל הדובדבן","052-8461848","972528461848","972528461848@c.us","נייד ישראלי",0
"צ אוריה ברומר","052-8310149","972528310149","972528310149@c.us","נייד ישראלי",0
"אסי גרו","054-4665959","972544665959","972544665959@c.us","נייד ישראלי",0
"שרון פלח מוסך רכבי","054-4990268","972544990268","972544990268@c.us","נייד ישראלי",0
"צ אריאל 448","053-7741162","972537741162","972537741162@c.us","נייד ישראלי",0
"בן אל ברבוניה","054-3191509","972543191509","972543191509@c.us","נייד ישראלי",0
"שי שרף","054-7863674","972547863674","972547863674@c.us","נייד ישראלי",0
"תמיר צור (בן של לילך)","058-4860288","972584860288","972584860288@c.us","נייד ישראלי",0
"טל שגרה מולינו","054-7336677","972547336677","972547336677@c.us","נייד ישראלי",0
"ישראל שניצר - חונך חמ""ל אזרחי","054-3412000","972543412000","972543412000@c.us","נייד ישראלי",0
"כרמל פלדמן - איגוד התעשיינים","050-9478859","972509478859","972509478859@c.us","נייד ישראלי",0
"גיל לוכסנבורג","054-4533635","972544533635","972544533635@c.us","נייד ישראלי",0
"אריאל בוקר מנכ""ל RST","052-2849898","972522849898","972522849898@c.us","נייד ישראלי",0
"מיכל פרטנר","052-3263329","972523263329","972523263329@c.us","נייד ישראלי",0
"גוש ברמן","054-6569070","972546569070","972546569070@c.us","נייד ישראלי",0
"די - עין חצבה","050-3770921","972503770921","972503770921@c.us","נייד ישראלי",0
"נדב יעלי","054-4773621","972544773621","972544773621@c.us","נייד ישראלי",0
"יצחק בריל","052-2474493","972522474493","972522474493@c.us","נייד ישראלי",0
"שומר - איציק","054-2203593","972542203593","972542203593@c.us","נייד ישראלי",0
"אמה קוויטניצקי","052-6520070","972526520070","972526520070@c.us","נייד ישראלי",0
"איציק צור מו""פ הנגב","052-4295138","972524295138","972524295138@c.us","נייד ישראלי",0
"מיכל חוות שביט אביאל","054-7362920","972547362920","972547362920@c.us","נייד ישראלי",0
"איש הפסיפלורה שי פישביין","052-7543000","972527543000","972527543000@c.us","נייד ישראלי",0
"איילה פישביין","050-7988902","972507988902","972507988902@c.us","נייד ישראלי",0
"אנדי קיי","052-2444709","972522444709","972522444709@c.us","נייד ישראלי",0
"דוד דיין - תלמי אלעזר","052-5409644","972525409644","972525409644@c.us","נייד ישראלי",0
"בר יונה - טוגדר","052-6144617","972526144617","972526144617@c.us","נייד ישראלי",0
"ביו גרפיק - טובי גרפיק שילוט","050-2837474","972502837474","972502837474@c.us","נייד ישראלי",0
"גג לחיות אמריקן בולי","054-6746681","972546746681","972546746681@c.us","נייד ישראלי",0
"איתן בסטקר","054-8383368","972548383368","972548383368@c.us","נייד ישראלי",0
"ארגמן גרינמד","054-7002900","972547002900","972547002900@c.us","נייד ישראלי",0
"Rodrigo Achigar","59899578546","59899578546","59899578546@c.us","בינלאומי",0
"רענן וטקינרי","052-3770215","972523770215","972523770215@c.us","נייד ישראלי",0
"דודו באטוס - מסוקים","054-8075690","972548075690","972548075690@c.us","נייד ישראלי",0
"אורי אינסטילטור קציר","050-4580784","972504580784","972504580784@c.us","נייד ישראלי",0
"אלי אסייג - ועדה חקלאית מנשה","054-4257891","972544257891","972544257891@c.us","נייד ישראלי",0
"יעקב בליץ שיאצו","054-7343410","972547343410","972547343410@c.us","נייד ישראלי",0
"אורן טיק טק פינוי עצים","053-7517875","972537517875","972537517875@c.us","נייד ישראלי",0
"דורון כרמון - רמסופט","052-3400854","972523400854","972523400854@c.us","נייד ישראלי",0
"Nadia Geras","385911234552","385911234552","385911234552@c.us","בינלאומי",0
"גבריאל אינפיניטי","054-7264130","972547264130","972547264130@c.us","נייד ישראלי",0
"איציק ל","054-7454048","972547454048","972547454048@c.us","נייד ישראלי",0
"עינת טל - אישתו של עופר","052-3335511","972523335511","972523335511@c.us","נייד ישראלי",0
"צ פולג זי""ס","054-6397111","972546397111","972546397111@c.us","נייד ישראלי",0
"חיים ויספיש","050-8108101","972508108101","972508108101@c.us","נייד ישראלי",0
"עו'ד מיכאל לבן","050-6686899","972506686899","972506686899@c.us","נייד ישראלי",0
"שחף אוחנה","052-2954971","972522954971","972522954971@c.us","נייד ישראלי",0
"לאה אבוטבול - כחלון","054-7738155","972547738155","972547738155@c.us","נייד ישראלי",0
"אורי גלזר","050-3222932","972503222932","972503222932@c.us","נייד ישראלי",0
"אוהד ברוש","053-5237753","972535237753","972535237753@c.us","נייד ישראלי",0
"שבע","050-5616665","972505616665","972505616665@c.us","נייד ישראלי",0
"אורן בן דוד","052-5858066","972525858066","972525858066@c.us","נייד ישראלי",0
"עופר הודים","054-5602327","972545602327","972545602327@c.us","נייד ישראלי",0
"עודד שליסר","054-7699305","972547699305","972547699305@c.us","נייד ישראלי",0
"מועין","052-3779744","972523779744","972523779744@c.us","נייד ישראלי",0
"מאיה הרשקו","054-4834336","972544834336","972544834336@c.us","נייד ישראלי",0
"מירון (ליספרו)","052-5566464","972525566464","972525566464@c.us","נייד ישראלי",0
"יובל מנציק","054-5579107","972545579107","972545579107@c.us","נייד ישראלי",0
"רות אדם","052-7276456","972527276456","972527276456@c.us","נייד ישראלי",0
"ארי זינגר מיקרוריזה","054-7703736","972547703736","972547703736@c.us","נייד ישראלי",0
"זיו דיטל","054-6764628","972546764628","972546764628@c.us","נייד ישראלי",0
"אלכס - אוסטריה","4369910009955","4369910009955","4369910009955@c.us","בינלאומי",0
"Shani האמא של מייקי שני","054-3199444","972543199444","972543199444@c.us","נייד ישראלי",0
"עומרי ישראל","052-2177777","972522177777","972522177777@c.us","נייד ישראלי",0
"נדיה בית אריה","054-7682667","972547682667","972547682667@c.us","נייד ישראלי",0
"דרור ניצן","054-4600908","972544600908","972544600908@c.us","נייד ישראלי",0
"חברת החשמל - וואטסאפ","055-7000103","972557000103","972557000103@c.us","נייד ישראלי",0
"צ. רוני שייקביץ","054-4808427","972544808427","972544808427@c.us","נייד ישראלי",0
"גניפר יערית גולדינג","054-2233267","972542233267","972542233267@c.us","נייד ישראלי",0
"ניב שמעוני","050-6534660","972506534660","972506534660@c.us","נייד ישראלי",0
"אסטרג׳ט - מיכאל","052-3038501","972523038501","972523038501@c.us","נייד ישראלי",0
"סלמן אלשייך מנהל מחוז","050-6241263","972506241263","972506241263@c.us","נייד ישראלי",0
"אריק פוטרמן - אקסלאב","054-5747527","972545747527","972545747527@c.us","נייד ישראלי",0
"‏Aviv טריכומה","054-7454124","972547454124","972547454124@c.us","נייד ישראלי",0
"רוני מכולת עין עירון","052-5465445","972525465445","972525465445@c.us","נייד ישראלי",0
"אורית גל מנהלת מעבדת הפקולטה לחקלאות","054-8820124","972548820124","972548820124@c.us","נייד ישראלי",0
"פתיל","058-6582417","972586582417","972586582417@c.us","נייד ישראלי",0
"פנינה פלאנטק","052-3283356","972523283356","972523283356@c.us","נייד ישראלי",0
"Haim Grinberg","054-2472701","972542472701","972542472701@c.us","נייד ישראלי",0
"ד""ר אבי שפירא","050-5639817","972505639817","972505639817@c.us","נייד ישראלי",0
"אורן גלעדי","052-5461488","972525461488","972525461488@c.us","נייד ישראלי",0
"דרור - ציוד שוק נירוסטה","054-8099311","972548099311","972548099311@c.us","נייד ישראלי",0
"גבי מזרחי -אורגוואי","5491144046868","5491144046868","5491144046868@c.us","בינלאומי",0
"צ. עומרי איפרגן","054-3139881","972543139881","972543139881@c.us","נייד ישראלי",0
"קופל עמית","050-7233293","972507233293","972507233293@c.us","נייד ישראלי",0
"רינת דיאמנט","054-5558979","972545558979","972545558979@c.us","נייד ישראלי",0
"עומרי כהן","052-3245805","972523245805","972523245805@c.us","נייד ישראלי",0
"נמר קזיאקי","050-9908928","972509908928","972509908928@c.us","נייד ישראלי",0
"שריף - פלסטי סיטי","052-7837034","972527837034","972527837034@c.us","נייד ישראלי",0
"Gaston Rendelsteinגסטון הכלבה לייקה","050-6280038","972506280038","972506280038@c.us","נייד ישראלי",0
"גיא סיגורה - פרמוקאן","052-2167423","972522167423","972522167423@c.us","נייד ישראלי",0
"פרי דוידסון -סייקי","054-4444788","972544444788","972544444788@c.us","נייד ישראלי",0
"רון ג'וניור","052-6200286","972526200286","972526200286@c.us","נייד ישראלי",0
"רון טבצ'ניק","050-2227000","972502227000","972502227000@c.us","נייד ישראלי",0
"איציק מלכה","050-3450345","972503450345","972503450345@c.us","נייד ישראלי",0
"צ גיא אוסדון","054-6655661","972546655661","972546655661@c.us","נייד ישראלי",0
"יפתח אבוקדו גרנות","055-8838411","972558838411","972558838411@c.us","נייד ישראלי",0
"גידול - משה יחיא","054-2634545","972542634545","972542634545@c.us","נייד ישראלי",0
"קובי של רותי","050-7470512","972507470512","972507470512@c.us","נייד ישראלי",0
"טבלט חגי","052-2228035","972522228035","972522228035@c.us","נייד ישראלי",0
"חן פוקס","052-3544113","972523544113","972523544113@c.us","נייד ישראלי",0
"אתי כפרה","050-4240952","972504240952","972504240952@c.us","נייד ישראלי",0
"יעקב לברדור (בר)","052-2834331","972522834331","972522834331@c.us","נייד ישראלי",0
"מרקו","052-3453999","972523453999","972523453999@c.us","נייד ישראלי",0
"דורון דויד וגוליית","054-2544664","972542544664","972542544664@c.us","נייד ישראלי",0
"רמי אופניים","052-7016051","972527016051","972527016051@c.us","נייד ישראלי",0
"יוני גלישה","054-7446660","972547446660","972547446660@c.us","נייד ישראלי",0
"אלי נ","050-7816785","972507816785","972507816785@c.us","נייד ישראלי",0
"אריאל רומנו","052-3692929","972523692929","972523692929@c.us","נייד ישראלי",0
"נטע עופר - באקר","053-5523050","972535523050","972535523050@c.us","נייד ישראלי",0
"יוסי אברג'יל","058-7759702","972587759702","972587759702@c.us","נייד ישראלי",0
"ד""ר אסלי. וולף","054-9424942","972549424942","972549424942@c.us","נייד ישראלי",0
"רוני הספר כרכור","052-2410272","972522410272","972522410272@c.us","נייד ישראלי",0
"ענאן - פלסטי סיטי","054-4644234","972544644234","972544644234@c.us","נייד ישראלי",0
"רוויטל רפפורט - אמינולאב","050-6484835","972506484835","972506484835@c.us","נייד ישראלי",0
"טל כלפון כפר פינס","054-7629464","972547629464","972547629464@c.us","נייד ישראלי",0
"פאב הכהן - מאיר","054-5502782","972545502782","972545502782@c.us","נייד ישראלי",0
"דורית ד","052-5111960","972525111960","972525111960@c.us","נייד ישראלי",0
"סמדר הכהן","054-4845706","972544845706","972544845706@c.us","נייד ישראלי",0
"ד""ר שירלי גזית","050-5510242","972505510242","972505510242@c.us","נייד ישראלי",0
"Mark Cohen","16465527089","16465527089","16465527089@c.us","בינלאומי",0
"Hila הכלב כתם פודל ננסי","054-4700955","972544700955","972544700955@c.us","נייד ישראלי",0
"ריקי","050-6422400","972506422400","972506422400@c.us","נייד ישראלי",0
"צ. יוסי עדן מפ""מ","050-7541421","972507541421","972507541421@c.us","נייד ישראלי",0
"אלעד פסטה","052-5347237","972525347237","972525347237@c.us","נייד ישראלי",0
"Silvia Pessah Peru Minister Health","51959500606","51959500606","51959500606@c.us","בינלאומי",0
"ענהלי","306906935121","306906935121","306906935121@c.us","בינלאומי",0
"אתי פ""ת","054-6211811","972546211811","972546211811@c.us","נייד ישראלי",0
"לאורה השקעות במניות","086259492","97286259492","97286259492@c.us","קווי ישראלי",0
"ד""ר עדי אדר - נוירולוג פרטי","050-6800178","972506800178","972506800178@c.us","נייד ישראלי",0
"אבו סעיד וספיד","050-9562391","972509562391","972509562391@c.us","נייד ישראלי",0
"אורית יצחק הכלב כנעני מייקי","054-2533513","972542533513","972542533513@c.us","נייד ישראלי",0
"כהן משה - עידן","052-3666500","972523666500","972523666500@c.us","נייד ישראלי",0
"תירם מענית","054-4921582","972544921582","972544921582@c.us","נייד ישראלי",0
"אלון קב""ט בנימינה","054-3320960","972543320960","972543320960@c.us","נייד ישראלי",0
"רועי וולקנא","054-4889459","972544889459","972544889459@c.us","נייד ישראלי",0
"מיכאל קונסמן - ירפא","052-5242181","972525242181","972525242181@c.us","נייד ישראלי",0
"אבי זיוון - סילו","054-3132802","972543132802","972543132802@c.us","נייד ישראלי",0
"רביב כלדיאן - מאלף כלבים","050-8952324","972508952324","972508952324@c.us","נייד ישראלי",0
"משה הכה","054-7639235","972547639235","972547639235@c.us","נייד ישראלי",0
"לירון שלומיארז","052-4666888","972524666888","972524666888@c.us","נייד ישראלי",0
"נהג המחלף","052-5671520","972525671520","972525671520@c.us","נייד ישראלי",0
"חיים תג'ר מ. החקלאות","050-6241735","972506241735","972506241735@c.us","נייד ישראלי",0
"גלעד חורב - כלל","052-8237774","972528237774","972528237774@c.us","נייד ישראלי",0
"יעל כלבים השניה","054-7894463","972547894463","972547894463@c.us","נייד ישראלי",0
"גיורא - מנכ""ל דני היי","052-4305553","972524305553","972524305553@c.us","נייד ישראלי",0
"Kirshtein נטלי הכלב צ'יף בולטרייר","050-8279023","972508279023","972508279023@c.us","נייד ישראלי",0
"אביתר יפרח גור בוקסר","050-5444133","972505444133","972505444133@c.us","נייד ישראלי",0
"מצוורה חסן","052-4256187","972524256187","972524256187@c.us","נייד ישראלי",0
"אורי זכי","052-3690631","972523690631","972523690631@c.us","נייד ישראלי",0
"רינת יוסף שימחי - אחראית קנביס B","050-8599131","972508599131","972508599131@c.us","נייד ישראלי",0
"לינוי ה","050-7998980","972507998980","972507998980@c.us","נייד ישראלי",0
"מרקו אסטוניה","37253739808","37253739808","37253739808@c.us","בינלאומי",0
"חומרי בניין - אבו טארק","050-4577400","972504577400","972504577400@c.us","נייד ישראלי",0
"אלון ביטון קב""ט המועצות האזוריות","053-8302014","972538302014","972538302014@c.us","נייד ישראלי",0
"נביל מורה לנהיגה","052-2617367","972522617367","972522617367@c.us","נייד ישראלי",0
"גיל קנטק","054-2323330","972542323330","972542323330@c.us","נייד ישראלי",0
"יהודה פורת","052-6553366","972526553366","972526553366@c.us","נייד ישראלי",0
"רועי פאסאט","054-4399336","972544399336","972544399336@c.us","נייד ישראלי",0
"לין","054-3557351","972543557351","972543557351@c.us","נייד ישראלי",0
"אסף זבדה - נכסים שלמה Sixt","052-4000299","972524000299","972524000299@c.us","נייד ישראלי",0
"דניאל סאמט","19546080088","19546080088","19546080088@c.us","בינלאומי",0
"אסיא אפריק","054-6769276","972546769276","972546769276@c.us","נייד ישראלי",0
"זיאד - פלסטי סיטי","058-4190622","972584190622","972584190622@c.us","נייד ישראלי",0
"לוש מנהלת המעבדה בקטוכם","052-6117309","972526117309","972526117309@c.us","נייד ישראלי",0
"נטע פרידמן","050-6500868","972506500868","972506500868@c.us","נייד ישראלי",0
"מתן וענונו","052-8854443","972528854443","972528854443@c.us","נייד ישראלי",0
"דן רונן","053-8274168","972538274168","972538274168@c.us","נייד ישראלי",0
"בנות השבט והחברים","050-2605135","972502605135","972502605135@c.us","נייד ישראלי",0
"עומר פטרידס","055-6657595","972556657595","972556657595@c.us","נייד ישראלי",0
"מיכל מיברג פישביין","052-4399770","972524399770","972524399770@c.us","נייד ישראלי",0
"רזי","050-8276767","972508276767","972508276767@c.us","נייד ישראלי",0
"אורן סקוט גן שמואל","054-4278129","972544278129","972544278129@c.us","נייד ישראלי",0
"סטלה בן עמי","052-3874032","972523874032","972523874032@c.us","נייד ישראלי",0
"אולי זולה - טיראנה אלבניה","355674078888","355674078888","355674078888@c.us","בינלאומי",0
"קרן מעג","054-4882268","972544882268","972544882268@c.us","נייד ישראלי",0
"פאוזי - פלסטי סיטי","050-2605002","972502605002","972502605002@c.us","נייד ישראלי",0
"עזרא סידרנסקי","052-8902330","972528902330","972528902330@c.us","נייד ישראלי",0
"סלומן עמיר","055-9865590","972559865590","972559865590@c.us","נייד ישראלי",0
"משה הקברן","052-3335004","972523335004","972523335004@c.us","נייד ישראלי",0
"יונתן הילמן","054-3065961","972543065961","972543065961@c.us","נייד ישראלי",0
"אופיר מדהלה - רב""ש חמרה","054-2476278","972542476278","972542476278@c.us","נייד ישראלי",0
"אוהד חבשוש - - שוכר","052-2532864","972522532864","972522532864@c.us","נייד ישראלי",0
"Shmulik","050-6336996","972506336996","972506336996@c.us","נייד ישראלי",0
"אורן גולן - מבסוט","054-3006484","972543006484","972543006484@c.us","נייד ישראלי",0
"שולמן קובי - מנהל מפעל","054-8883178","972548883178","972548883178@c.us","נייד ישראלי",0
"נריה סיני","052-6084820","972526084820","972526084820@c.us","נייד ישראלי",0
"ויקטור בלולו צבעי","050-5335650","972505335650","972505335650@c.us","נייד ישראלי",0
"יוסי סולמייט","053-4933309","972534933309","972534933309@c.us","נייד ישראלי",0
"אור מלך","054-5805994","972545805994","972545805994@c.us","נייד ישראלי",0
"ספר כפיר","052-6686754","972526686754","972526686754@c.us","נייד ישראלי",0
"אבישי זוהר - אייקון תקשורת","052-3281275","972523281275","972523281275@c.us","נייד ישראלי",0
"קורין תורגמן","053-9044410","972539044410","972539044410@c.us","נייד ישראלי",0
"הרשקו חנה","052-3299097","972523299097","972523299097@c.us","נייד ישראלי",0
"עופר נס - מדריך טיסה","052-3678489","972523678489","972523678489@c.us","נייד ישראלי",0
"רון קורמוס - רמ""ט ניצן הורביץ","054-2440482","972542440482","972542440482@c.us","נייד ישראלי",0
"קנדוק - רואי","052-3658716","972523658716","972523658716@c.us","נייד ישראלי",0
"מוטי גבאי - רב""ש רגבים","050-6273191","972506273191","972506273191@c.us","נייד ישראלי",0
"צ. משה מלכה ק. לוגיסטיקה ילק","054-2691914","972542691914","972542691914@c.us","נייד ישראלי",0
"אורן בית מרקחת פיתוח","052-5517555","972525517555","972525517555@c.us","נייד ישראלי",0
"נריה מושקו","054-9579914","972549579914","972549579914@c.us","נייד ישראלי",0
"דלית שדה","052-4201967","972524201967","972524201967@c.us","נייד ישראלי",0
"גוני פישביין","052-2220878","972522220878","972522220878@c.us","נייד ישראלי",0
"עבודי פירות קפואים","054-7311944","972547311944","972547311944@c.us","נייד ישראלי",0
"מאיר ארביב גידול","054-7792424","972547792424","972547792424@c.us","נייד ישראלי",0
"כהן שחק","054-5000500","972545000500","972545000500@c.us","נייד ישראלי",0
"רמי מגנזי - מוקד אמון","052-2775302","972522775302","972522775302@c.us","נייד ישראלי",0
"בית מרקחת שור טבצניק - וואטסאפ","054-9550885","972549550885","972549550885@c.us","נייד ישראלי",0
"רפי אסייג רס""ר צאלים","052-7564666","972527564666","972527564666@c.us","נייד ישראלי",0
"אביטל משרד הביטחון","050-6299372","972506299372","972506299372@c.us","נייד ישראלי",0
"צ. מירון מנ״ע 603","050-9686828","972509686828","972509686828@c.us","נייד ישראלי",0
"נדב ארנס","054-5772442","972545772442","972545772442@c.us","נייד ישראלי",0
"ערן שימשביץ","050-6471192","972506471192","972506471192@c.us","נייד ישראלי",0
"מייקל כהן","052-2888404","972522888404","972522888404@c.us","נייד ישראלי",0
"אתי כהנא","050-6216615","972506216615","972506216615@c.us","נייד ישראלי",0
"דר איון �טרנחולון","050-5677217","972505677217","972505677217@c.us","נייד ישראלי",0
"עופריקיי קוניוק","051-5445804","972515445804","972515445804@c.us","נייד ישראלי",0
"שגי שקל","052-5013071","972525013071","972525013071@c.us","נייד ישראלי",0
"אורלי חסון","050-8293244","972508293244","972508293244@c.us","נייד ישראלי",0
"אייל מדמוני","050-6726526","972506726526","972506726526@c.us","נייד ישראלי",0
"עידו פיסו - מגדים","052-9277942","972529277942","972529277942@c.us","נייד ישראלי",0
"צ. אורייאן קצינת שלישות 448","054-3902200","972543902200","972543902200@c.us","נייד ישראלי",0
"עדי ויתקין","054-9500930","972549500930","972549500930@c.us","נייד ישראלי",0
"עבד אל בסט","050-5263289","972505263289","972505263289@c.us","נייד ישראלי",0
"אורי קלנר מ. א. גולן","052-8348551","972528348551","972528348551@c.us","נייד ישראלי",0
"מיקי מנדלסון","050-5337566","972505337566","972505337566@c.us","נייד ישראלי",0
"מנו רוזן","054-2322920","972542322920","972542322920@c.us","נייד ישראלי",0
"מוסך חכים בקה","050-9199449","972509199449","972509199449@c.us","נייד ישראלי",0
"יוסוף הכורת","050-5358441","972505358441","972505358441@c.us","נייד ישראלי",0
"אמיר הייפלר - כפר פינס","052-8080506","972528080506","972528080506@c.us","נייד ישראלי",0
"חי בן דוד - מרכז מרכז הסלולר","050-7102222","972507102222","972507102222@c.us","נייד ישראלי",0
"שני אוחיון דיטל","054-5968608","972545968608","972545968608@c.us","נייד ישראלי",0
"יוסי אלדר","054-6611222","972546611222","972546611222@c.us","נייד ישראלי",0
"Sagivשגיב הכלב קוטי","052-3605770","972523605770","972523605770@c.us","נייד ישראלי",0
"רותם דיטל","052-6281177","972526281177","972526281177@c.us","נייד ישראלי",0
"פיתי - עמית הילמן","055-9666529","972559666529","972559666529@c.us","נייד ישראלי",0
"Michal Beeri Lev ויטרינות","054-6674112","972546674112","972546674112@c.us","נייד ישראלי",0
"דניה סטולר","050-6544026","972506544026","972506544026@c.us","נייד ישראלי",0
"מיה מור 💍","054-7422462","972547422462","972547422462@c.us","נייד ישראלי",0
"עדי זקן פרטי","052-2121281","972522121281","972522121281@c.us","נייד ישראלי",0
"שני אבידן","052-4468340","972524468340","972524468340@c.us","נייד ישראלי",0
"הילה - ממן","054-7704044","972547704044","972547704044@c.us","נייד ישראלי",0
"ברוך אורן - מסוק סוסיא","050-5663092","972505663092","972505663092@c.us","נייד ישראלי",0
"צ. הדר דוד טנא 98","054-5869251","972545869251","972545869251@c.us","נייד ישראלי",0
"נתי ורטיגו","054-4339488","972544339488","972544339488@c.us","נייד ישראלי",0
"יהודה פינסקר - מזכיר כפר פינס","050-8588602","972508588602","972508588602@c.us","נייד ישראלי",0
"ירון קלנר ידיעות אחרונות","052-5558400","972525558400","972525558400@c.us","נייד ישראלי",0
"טל שרעבי - אגודת התעופה","054-6691999","972546691999","972546691999@c.us","נייד ישראלי",0
"ספי - חדר ישיבות בינימינה","054-5902060","972545902060","972545902060@c.us","נייד ישראלי",0
"אמיר פודגה","058-4949901","972584949901","972584949901@c.us","נייד ישראלי",0
"El Al אל על","039771111","97239771111","97239771111@c.us","קווי ישראלי",0
"אבי בניהו","050-7005000","972507005000","972507005000@c.us","נייד ישראלי",0
"סיגל נסיעות","050-6988544","972506988544","972506988544@c.us","נייד ישראלי",0
"טובי נעם","053-3339901","972533339901","972533339901@c.us","נייד ישראלי",0
"אבי כהן","052-8704595","972528704595","972528704595@c.us","נייד ישראלי",0
"חגי פרידמן","050-2028023","972502028023","972502028023@c.us","נייד ישראלי",0
"רוזי","052-3739222","972523739222","972523739222@c.us","נייד ישראלי",0
"ארד אקיקוס","054-7942345","972547942345","972547942345@c.us","נייד ישראלי",0
"בר מצלאווי גרר רמי","055-8825373","972558825373","972558825373@c.us","נייד ישראלי",0
"ישראל יסאייב מבסוט","052-3217201","972523217201","972523217201@c.us","נייד ישראלי",0
"ד""ר שי בר","050-9177977","972509177977","972509177977@c.us","נייד ישראלי",0
"שאול 😎👑","052-5014167","972525014167","972525014167@c.us","נייד ישראלי",0
"עובדיה","058-4345667","972584345667","972584345667@c.us","נייד ישראלי",0
"תומר שמש","052-4281633","972524281633","972524281633@c.us","נייד ישראלי",0
"סלע פובזנר - BOL","050-7238061","972507238061","972507238061@c.us","נייד ישראלי",0
"מרדכי לוכסבורג","050-6235862","972506235862","972506235862@c.us","נייד ישראלי",0
"מרטין רודריגז - אורגוואי","59899537422","59899537422","59899537422@c.us","בינלאומי",0
"מאיה הראל - אתר וורדפרס","054-7442700","972547442700","972547442700@c.us","נייד ישראלי",0
"חסן פחח","050-6056757","972506056757","972506056757@c.us","נייד ישראלי",0
"צ. יובל הירש תא אש","054-6334831","972546334831","972546334831@c.us","נייד ישראלי",0
"טל גובר","052-6447313","972526447313","972526447313@c.us","נייד ישראלי",0
"Sunshineליז ואורן","054-7308870","972547308870","972547308870@c.us","נייד ישראלי",0
"דפוס כרכור","054-2978868","972542978868","972542978868@c.us","נייד ישראלי",0
"באהר ביובית","050-2415692","972502415692","972502415692@c.us","נייד ישראלי",0
"מושיקו טוביה - ק. אגם זי""ס","052-5507899","972525507899","972525507899@c.us","נייד ישראלי",0
"סיוון סקי - יוניבו","053-4252899","972534252899","972534252899@c.us","נייד ישראלי",0
"אברהם ליפשיץ","052-4734037","972524734037","972524734037@c.us","נייד ישראלי",0
"רבקה יצחק","058-6701973","972586701973","972586701973@c.us","נייד ישראלי",0
"סבסטיאן אלפא קאט","420777728845","420777728845","420777728845@c.us","בינלאומי",0
"ערן גל","054-2345687","972542345687","972542345687@c.us","נייד ישראלי",0
"איל שכן","054-5443881","972545443881","972545443881@c.us","נייד ישראלי",0
"תאאר מסוורה מהנדס קונסטרוקטור","054-8138437","972548138437","972548138437@c.us","נייד ישראלי",0
"אתי עמר","054-9438528","972549438528","972549438528@c.us","נייד ישראלי",0
"רויטל -ניקיון","052-2623836","972522623836","972522623836@c.us","נייד ישראלי",0
"חניאלה","054-6627912","972546627912","972546627912@c.us","נייד ישראלי",0
"רינה פרנסין","052-8387069","972528387069","972528387069@c.us","נייד ישראלי",0
"יותם הרדוף","054-6839841","972546839841","972546839841@c.us","נייד ישראלי",0
"‏‪+972 54-798-3563‬‏","054-7983563","972547983563","972547983563@c.us","נייד ישראלי",0
"גו'אקין - רוקח אחראי - פורטוגל","351919922217","351919922217","351919922217@c.us","בינלאומי",0
"לימור אדיר הכלבה בוני","050-6698431","972506698431","972506698431@c.us","נייד ישראלי",0
"אלונה - סוכנת ירדן","962792378697","962792378697","962792378697@c.us","בינלאומי",0
"חנן בן דוד","052-5757968","972525757968","972525757968@c.us","נייד ישראלי",0
"חאמד טלפארמה","050-9448188","972509448188","972509448188@c.us","נייד ישראלי",0
"נועם גוטפלד - עידן","052-8311027","972528311027","972528311027@c.us","נייד ישראלי",0
"דורון גלית","054-8050548","972548050548","972548050548@c.us","נייד ישראלי",0
"ענן - קדש ברנע","054-2200310","972542200310","972542200310@c.us","נייד ישראלי",0
"דוד פינטו","054-6222108","972546222108","972546222108@c.us","נייד ישראלי",0
"תמיר זיגדון - פרטנר","054-2260646","972542260646","972542260646@c.us","נייד ישראלי",0
"פולריס ניצני עוז - גדי","050-7236626","972507236626","972507236626@c.us","נייד ישראלי",0
"עמית🛵 שטיפת רכב","052-6898487","972526898487","972526898487@c.us","נייד ישראלי",0
"Ifat Balanan","054-8884818","972548884818","972548884818@c.us","נייד ישראלי",0
"להב עץ - עידו","052-8727818","972528727818","972528727818@c.us","נייד ישראלי",0
"שני יפרח המהממת והחברה הכי מתוקה לי","054-2458412","972542458412","972542458412@c.us","נייד ישראלי",0
"אמילי","052-3297769","972523297769","972523297769@c.us","נייד ישראלי",0
"עו""ד - ורן ויסטנצקי","052-2598570","972522598570","972522598570@c.us","נייד ישראלי",0
"רמי חאן דרך הערבה","052-3328382","972523328382","972523328382@c.us","נייד ישראלי",0
"יעקב יונתן","053-8556102","972538556102","972538556102@c.us","נייד ישראלי",0
"אביבה סטמבולסקי","052-2860079","972522860079","972522860079@c.us","נייד ישראלי",0
"אהרון אזולאי - קב""ט אלונה","050-6215674","972506215674","972506215674@c.us","נייד ישראלי",0
"שוהם שיאון","052-8382609","972528382609","972528382609@c.us","נייד ישראלי",0
"עדי כנוניץ","050-6501150","972506501150","972506501150@c.us","נייד ישראלי",0
"מיכה מ בע""מ","054-4225117","972544225117","972544225117@c.us","נייד ישראלי",0
"צ. מיקי פרמדיק אבשלום","053-8607476","972538607476","972538607476@c.us","נייד ישראלי",0
"חניה בנתב""ג","052-6507915","972526507915","972526507915@c.us","נייד ישראלי",0
"אברהם חוטינר חשמלאי","052-8571114","972528571114","972528571114@c.us","נייד ישראלי",0
"בועז לב","050-6242003","972506242003","972506242003@c.us","נייד ישראלי",0
"שרית טל","050-8800530","972508800530","972508800530@c.us","נייד ישראלי",0
"שירי צור - תשוט","054-6621191","972546621191","972546621191@c.us","נייד ישראלי",0
"טל אנגל - ארוספייס","052-2682453","972522682453","972522682453@c.us","נייד ישראלי",0
"גרר - אפרים","050-5207307","972505207307","972505207307@c.us","נייד ישראלי",0
"יוליה","054-4910877","972544910877","972544910877@c.us","נייד ישראלי",0
"ואאל חלבי - ראש משמרת משטרה זיכרון","053-7337700","972537337700","972537337700@c.us","נייד ישראלי",0
"גרנברג מנחם - קב""ט מ. א. מנשה","052-5080588","972525080588","972525080588@c.us","נייד ישראלי",0
"שלי בס","054-2356776","972542356776","972542356776@c.us","נייד ישראלי",0
"Karin Zaken אביזרים","052-2010847","972522010847","972522010847@c.us","נייד ישראלי",0
"Yuval היימר","052-7561422","972527561422","972527561422@c.us","נייד ישראלי",0
"George Voskericyan","13106148886","13106148886","13106148886@c.us","בינלאומי",0
"מילנה - רגליים","054-7943813","972547943813","972547943813@c.us","נייד ישראלי",0
"יוני ארפי","054-4376552","972544376552","972544376552@c.us","נייד ישראלי",0
"דוד מנכ""ל הידרו פרו","052-3133763","972523133763","972523133763@c.us","נייד ישראלי",0
"דור לנצמן - אדריכל","052-2696633","972522696633","972522696633@c.us","נייד ישראלי",0
"סנטיגן דשא סינטטי 🍀","052-4745050","972524745050","972524745050@c.us","נייד ישראלי",0
"צ. יצחק ביאליק","054-8045893","972548045893","972548045893@c.us","נייד ישראלי",0
"גיל חובש - פרמוקאן","052-5939595","972525939595","972525939595@c.us","נייד ישראלי",0
"אופיר דינרמן","050-5616144","972505616144","972505616144@c.us","נייד ישראלי",0
"יהל פורת עין עירון","050-7953022","972507953022","972507953022@c.us","נייד ישראלי",0
"אבי רוט","050-6810878","972506810878","972506810878@c.us","נייד ישראלי",0
"צור רישוי משטרה","050-5068795","972505068795","972505068795@c.us","נייד ישראלי",0
"אח צרלי","050-7593824","972507593824","972507593824@c.us","נייד ישראלי",0
"רעות רום - סקאל מרקטינג","050-8826263","972508826263","972508826263@c.us","נייד ישראלי",0
"עמנואל מאיר - חמרה","052-6307666","972526307666","972526307666@c.us","נייד ישראלי",0
"לימור ז'אן","052-6819987","972526819987","972526819987@c.us","נייד ישראלי",0
"עץ - עצים להסקה- אביב","054-7732364","972547732364","972547732364@c.us","נייד ישראלי",0
"אלון גויטק","052-5110467","972525110467","972525110467@c.us","נייד ישראלי",0
"אהרון פולין","48607567005","48607567005","48607567005@c.us","בינלאומי",0
"עבד אבו עטה מזגנים","052-3992150","972523992150","972523992150@c.us","נייד ישראלי",0
"מהנדס - ירמי גאודזי","052-6373637","972526373637","972526373637@c.us","נייד ישראלי",0
"ליאון קופלר","054-4507507","972544507507","972544507507@c.us","נייד ישראלי",0
"גיא זלטין ווף דוג","052-2477076","972522477076","972522477076@c.us","נייד ישראלי",0
"Itai Lulu Koren מפתח וורדפרס","054-8050467","972548050467","972548050467@c.us","נייד ישראלי",0
"DMC מרכז רפואי לטיפול בסכרת","036900333","97236900333","97236900333@c.us","קווי ישראלי",0
"אסנת בראון - QA","055-6868554","972556868554","972556868554@c.us","נייד ישראלי",0
"דורין עזרא","054-2269947","972542269947","972542269947@c.us","נייד ישראלי",0
"עוזי לוי","054-4320632","972544320632","972544320632@c.us","נייד ישראלי",0
"אורית ממן","050-4052297","972504052297","972504052297@c.us","נייד ישראלי",0
"Eliyahu Nawi נאווי","050-7696275","972507696275","972507696275@c.us","נייד ישראלי",0
"אלון נויברגר - שינוע אווירי","058-6067778","972586067778","972586067778@c.us","נייד ישראלי",0
"עמוס בן דרור - רמות מנשה","052-6066842","972526066842","972526066842@c.us","נייד ישראלי",0
"שניאור","054-4790853","972544790853","972544790853@c.us","נייד ישראלי",0
"רביב - בסט קרטון","052-8180277","972528180277","972528180277@c.us","נייד ישראלי",0
"אורן ליבוביץ","055-6603736","972556603736","972556603736@c.us","נייד ישראלי",0
"avi_coji אבי קוז'י","054-7799090","972547799090","972547799090@c.us","נייד ישראלי",0
"ליאור בראון - קאנערבה","054-5587363","972545587363","972545587363@c.us","נייד ישראלי",0
"ציון דקו - חוות עדן","050-8290324","972508290324","972508290324@c.us","נייד ישראלי",0
"0548059611 ספ","054-8059611","972548059611","972548059611@c.us","נייד ישראלי",0
"פי אלירן","052-5866663","972525866663","972525866663@c.us","נייד ישראלי",0
"אור הנסיך","050-3988825","972503988825","972503988825@c.us","נייד ישראלי",0
"דדי שמחי - מנהל מחלקת שדות תעופה רת""א","052-9257055","972529257055","972529257055@c.us","נייד ישראלי",0
"עידן דהאן - חממות","052-8684433","972528684433","972528684433@c.us","נייד ישראלי",0
"אריק זילברמן","050-4854446","972504854446","972504854446@c.us","נייד ישראלי",0
"אחיאב קול","052-5624040","972525624040","972525624040@c.us","נייד ישראלי",0
"אבי טלמן גני טל","050-5570207","972505570207","972505570207@c.us","נייד ישראלי",0
"מתמידים - חן שוורץ","052-3750977","972523750977","972523750977@c.us","נייד ישראלי",0
"גרר - סאאד","050-3900004","972503900004","972503900004@c.us","נייד ישראלי",0
"אתי גנץ","050-7399431","972507399431","972507399431@c.us","נייד ישראלי",0
"עדן דיגמי - שוכרת","054-8059522","972548059522","972548059522@c.us","נייד ישראלי",0
"סמיון פארם","054-5670235","972545670235","972545670235@c.us","נייד ישראלי",0
"עומר ארליך","052-8610728","972528610728","972528610728@c.us","נייד ישראלי",0
"עופר טל","050-6563166","972506563166","972506563166@c.us","נייד ישראלי",0
"ד""ר אורי פרגמן-ספיר הגן הבוטני","052-4472401","972524472401","972524472401@c.us","נייד ישראלי",0
"אווה גאל","420605277744","420605277744","420605277744@c.us","בינלאומי",0
"נור - יציקות בטון מוחלקות","052-5303643","972525303643","972525303643@c.us","נייד ישראלי",0
"שני כהא - IMP","050-9411891","972509411891","972509411891@c.us","נייד ישראלי",0
"שוקי אברהמי","050-5503389","972505503389","972505503389@c.us","נייד ישראלי",0
"עדנה זיו","052-6052070","972526052070","972526052070@c.us","נייד ישראלי",0
"אופיר פרידמן - ביטחון פרדס חנה","053-3032245","972533032245","972533032245@c.us","נייד ישראלי",0
"אורן הנחוש","054-9000880","972549000880","972549000880@c.us","נייד ישראלי",0
"צ. רועי סמג""ד אבשלום","054-6336217","972546336217","972546336217@c.us","נייד ישראלי",0
"אופיר בוקי ממלא מקום רחט אבטחה","050-7336215","972507336215","972507336215@c.us","נייד ישראלי",0
"עומר UBS","054-6144585","972546144585","972546144585@c.us","נייד ישראלי",0
"דפנה שח","052-4757480","972524757480","972524757480@c.us","נייד ישראלי",0
"צ. אלה טבקרו קמבצית סיירת צנחנים","050-4061990","972504061990","972504061990@c.us","נייד ישראלי",0
"גדי אלמקייס","058-5659951","972585659951","972585659951@c.us","נייד ישראלי",0
"דקל פרץ - שערים","050-8861616","972508861616","972508861616@c.us","נייד ישראלי",0
"ברק מדמוני 💛","052-8804222","972528804222","972528804222@c.us","נייד ישראלי",0
"מיכל סלונים","052-6300500","972526300500","972526300500@c.us","נייד ישראלי",0
"יוחאי - ס' מפקד שיטור ימי כינרת","050-7505930","972507505930","972507505930@c.us","נייד ישראלי",0
"ריהאם פהום - EY","050-5841284","972505841284","972505841284@c.us","נייד ישראלי",0
"עידן מדביר","052-4511299","972524511299","972524511299@c.us","נייד ישראלי",0
"אמא","054-5331733","972545331733","972545331733@c.us","נייד ישראלי",0
"רוני סודאי","050-6274265","972506274265","972506274265@c.us","נייד ישראלי",0
"ישראל לביא - מכשירי קשר","052-3250815","972523250815","972523250815@c.us","נייד ישראלי",0
"צ. שרית לגלם ק. שלישות מל""י 500","054-4642809","972544642809","972544642809@c.us","נייד ישראלי",0
"דרור בסרגליק - זימבבואה","054-6988278","972546988278","972546988278@c.us","נייד ישראלי",0
"בן והפיטבולית","052-6142345","972526142345","972526142345@c.us","נייד ישראלי",0
"איתן וסלי - מ""פ פרדס חנה","054-6669697","972546669697","972546669697@c.us","נייד ישראלי",0
"רינה ריפשטיין","054-7647471","972547647471","972547647471@c.us","נייד ישראלי",0
"ירון - חבר של גיא מנצ'יק","050-9443796","972509443796","972509443796@c.us","נייד ישראלי",0
"עמי שפט","050-8292051","972508292051","972508292051@c.us","נייד ישראלי",0
"ראובן גבריאלי","054-2999929","972542999929","972542999929@c.us","נייד ישראלי",0
"תמיר כהן - טרקטורוני דישון","053-5441773","972535441773","972535441773@c.us","נייד ישראלי",0
"יונתן‪ רייך","050-3535302","972503535302","972503535302@c.us","נייד ישראלי",0
"אמיר נאמי - רונן צור","052-3040666","972523040666","972523040666@c.us","נייד ישראלי",0
"אפי נגלי - מנהל מחצבה כפר גלעדי","050-5511199","972505511199","972505511199@c.us","נייד ישראלי",0
"צ. גנאדי ק. רכב בה""ד 1","052-9287660","972529287660","972529287660@c.us","נייד ישראלי",0
"רונן אשר","050-8819988","972508819988","972508819988@c.us","נייד ישראלי",0
"רפאל מיוחס הכלב קונגו","050-4432524","972504432524","972504432524@c.us","נייד ישראלי",0
"אמה פאולינו - רוקחת פורטוגל","351962751052","351962751052","351962751052@c.us","בינלאומי",0
"אורי שרון","054-5354490","972545354490","972545354490@c.us","נייד ישראלי",0
"אסף קול","054-6618327","972546618327","972546618327@c.us","נייד ישראלי",0
"אודי הראל- לוגיקה","050-4608006","972504608006","972504608006@c.us","נייד ישראלי",0
"רון בן עמי","058-6060040","972586060040","972586060040@c.us","נייד ישראלי",0
"עומר שדון","054-8363228","972548363228","972548363228@c.us","נייד ישראלי",0
"ימיתוש גור תחש","053-7255213","972537255213","972537255213@c.us","נייד ישראלי",0
"צפריר-רפא","054-5689356","972545689356","972545689356@c.us","נייד ישראלי",0
"אריאל צחור - צילום","054-9018030","972549018030","972549018030@c.us","נייד ישראלי",0
"אמיר נחמני - טייס מסוק","054-4399992","972544399992","972544399992@c.us","נייד ישראלי",0
"משה מורגנשטיין - אלפנט","054-9192285","972549192285","972549192285@c.us","נייד ישראלי",0
"אריאל קנדל","054-6323839","972546323839","972546323839@c.us","נייד ישראלי",0
"עו""ד שילה רצהבי","050-6655555","972506655555","972506655555@c.us","נייד ישראלי",0
"מנשה תמיר - הנדסה חקלאית","054-4213331","972544213331","972544213331@c.us","נייד ישראלי",0
"Dan דו גרבי","050-2315101","972502315101","972502315101@c.us","נייד ישראלי",0
"אפי אחות של שימחה","054-4391605","972544391605","972544391605@c.us","נייד ישראלי",0
"חובב מוסך מיכאל","052-2588300","972522588300","972522588300@c.us","נייד ישראלי",0
"איתמר - מנעולן","052-8738989","972528738989","972528738989@c.us","נייד ישראלי",0
"GPT","18002428478","18002428478","18002428478@c.us","בינלאומי",0
"עו""ד גדעון וינשטוק","050-6688991","972506688991","972506688991@c.us","נייד ישראלי",0
"אוריין ק","052-4548903","972524548903","972524548903@c.us","נייד ישראלי",0
"עוז הדר עין עירון","054-3068013","972543068013","972543068013@c.us","נייד ישראלי",0
"גונן קרן","59892219981","59892219981","59892219981@c.us","בינלאומי",0
"ענת פוקס","054-9797700","972549797700","972549797700@c.us","נייד ישראלי",0
"אלישע שפירא","050-5228415","972505228415","972505228415@c.us","נייד ישראלי",0
"ירון מיכלזון","052-6838817","972526838817","972526838817@c.us","נייד ישראלי",0
"צמחי איציק","054-2555865","972542555865","972542555865@c.us","נייד ישראלי",0
"הדסיני","054-5553700","972545553700","972545553700@c.us","נייד ישראלי",0
"עו""ד קרן לאופר","054-4275930","972544275930","972544275930@c.us","נייד ישראלי",0
"מידרג - מחלקת קליטת עסקים","050-8087457","972508087457","972508087457@c.us","נייד ישראלי",0
"צ. סרגיי צנובר","050-2610092","972502610092","972502610092@c.us","נייד ישראלי",0
"אבי קוקו - מפתח ים","053-4555456","972534555456","972534555456@c.us","נייד ישראלי",0
"מורדי בן שמעון -קב""ט חריש","054-4984776","972544984776","972544984776@c.us","נייד ישראלי",0
"ד""ר גיל כץ","052-3491773","972523491773","972523491773@c.us","נייד ישראלי",0
"ראובן חאג","050-6924545","972506924545","972506924545@c.us","נייד ישראלי",0
"אלון גרנות","054-5663414","972545663414","972545663414@c.us","נייד ישראלי",0
"אוקי שפרן","052-8277741","972528277741","972528277741@c.us","נייד ישראלי",0
"Tal Frank","052-8532900","972528532900","972528532900@c.us","נייד ישראלי",0
"Nisim Lavan ניסים גרינמד","050-3755774","972503755774","972503755774@c.us","נייד ישראלי",0
"טל הלטר הכלב מרקו רוט","055-6672828","972556672828","972556672828@c.us","נייד ישראלי",0
"קיטנה יובל","052-8747080","972528747080","972528747080@c.us","נייד ישראלי",0
"משה נלביצקי","052-2981082","972522981082","972522981082@c.us","נייד ישראלי",0
"נחום בן ברוך","050-7717014","972507717014","972507717014@c.us","נייד ישראלי",0
"רן - חנות יינות","055-9712619","972559712619","972559712619@c.us","נייד ישראלי",0
"בית מרקחת הדר","050-4411597","972504411597","972504411597@c.us","נייד ישראלי",0
"דן ברכה","052-4630200","972524630200","972524630200@c.us","נייד ישראלי",0
"אלונה מנכלית התנועה לחופש המידע","050-5241551","972505241551","972505241551@c.us","נייד ישראלי",0
"תימי מעגן","052-8545080","972528545080","972528545080@c.us","נייד ישראלי",0
"צ. דיוויד צמ""ה 98","050-5300238","972505300238","972505300238@c.us","נייד ישראלי",0
"ד""ר אבי בר לב","050-6390747","972506390747","972506390747@c.us","נייד ישראלי",0
"עו""ד עמית קריספין","054-4790871","972544790871","972544790871@c.us","נייד ישראלי",0
"אסי פנקסיה","052-2312217","972522312217","972522312217@c.us","נייד ישראלי",0
"נועה ונדל - רווה רביד","052-8134516","972528134516","972528134516@c.us","נייד ישראלי",0
"יוסי ארצי - קוונטום","052-7333187","972527333187","972527333187@c.us","נייד ישראלי",0
"טיל טיל","052-3598169","972523598169","972523598169@c.us","נייד ישראלי",0
"עו""ד תמי אולמן","052-5450250","972525450250","972525450250@c.us","נייד ישראלי",0
"אלדד לויט","050-9890893","972509890893","972509890893@c.us","נייד ישראלי",0
"אילנית בן דוד אחות","054-2322032","972542322032","972542322032@c.us","נייד ישראלי",0
"דליה - כספים","052-5850534","972525850534","972525850534@c.us","נייד ישראלי",0
"גל פרימר","054-5936652","972545936652","972545936652@c.us","נייד ישראלי",0
"יניב מז","052-6746792","972526746792","972526746792@c.us","נייד ישראלי",0
"יוסי החשמלאי הטוב","050-9762720","972509762720","972509762720@c.us","נייד ישראלי",0
"גילי קריסי","050-8123900","972508123900","972508123900@c.us","נייד ישראלי",0
"איתי ערבה","054-2130191","972542130191","972542130191@c.us","נייד ישראלי",0
"איברהים מילאד","054-5636014","972545636014","972545636014@c.us","נייד ישראלי",0
"יפעה - שוכרת","058-4010998","972584010998","972584010998@c.us","נייד ישראלי",0
"ענבל גור יצחק","052-5494878","972525494878","972525494878@c.us","נייד ישראלי",0
"ניצן וייס","058-5692424","972585692424","972585692424@c.us","נייד ישראלי",0
"עין עירון - מזכירות","050-7829118","972507829118","972507829118@c.us","נייד ישראלי",0
"David מקדוניה","050-6203864","972506203864","972506203864@c.us","נייד ישראלי",0
"אילנית קוסמטיקה ולייזר רגליים","052-6376921","972526376921","972526376921@c.us","נייד ישראלי",0
"דורון כרמלי HYD Air Navigation","054-4232080","972544232080","972544232080@c.us","נייד ישראלי",0
"יעקלה מוסקוביץ מנהל מו""פ רמת הנגב","050-4269912","972504269912","972504269912@c.us","נייד ישראלי",0
"אייל כחלון - מרכז הגרורים","050-2204407","972502204407","972502204407@c.us","נייד ישראלי",0
"עו""ד מוהנד נאסר","050-7597776","972507597776","972507597776@c.us","נייד ישראלי",0
"יפתח קדם עין עירון","052-3642973","972523642973","972523642973@c.us","נייד ישראלי",0
"חופית","053-7011983","972537011983","972537011983@c.us","נייד ישראלי",0
"סיגלית פרידמן","050-7559886","972507559886","972507559886@c.us","נייד ישראלי",0
"ניצן סאלם שיעור עריכה","052-6105902","972526105902","972526105902@c.us","נייד ישראלי",0
"קארין - משרד הבריאות","050-6243936","972506243936","972506243936@c.us","נייד ישראלי",0
"ראובן שרף","054-8028333","972548028333","972548028333@c.us","נייד ישראלי",0
"יוליה תמיר","054-7711231","972547711231","972547711231@c.us","נייד ישראלי",0
"טל בן טובים","052-3205676","972523205676","972523205676@c.us","נייד ישראלי",0
"דריה מבסוט","058-6276189","972586276189","972586276189@c.us","נייד ישראלי",0
"דורון בן צבי - איכות בלדרות","050-8870088","972508870088","972508870088@c.us","נייד ישראלי",0
"צ ברימו","050-6299873","972506299873","972506299873@c.us","נייד ישראלי",0
"לילך שימעוני צור","052-6860287","972526860287","972526860287@c.us","נייד ישראלי",0
"שושי סלפסקי","058-7123585","972587123585","972587123585@c.us","נייד ישראלי",0
"אופק קצין רכב חטמר מנשה","050-3140722","972503140722","972503140722@c.us","נייד ישראלי",0
"אלון לסרי","054-5901037","972545901037","972545901037@c.us","נייד ישראלי",0
"זוג נתניה","050-6233513","972506233513","972506233513@c.us","נייד ישראלי",0
"אורנה פיטוסי","050-7878340","972507878340","972507878340@c.us","נייד ישראלי",0
"מאיה מצליח","050-9024389","972509024389","972509024389@c.us","נייד ישראלי",0
"ישראל דרור","050-5286091","972505286091","972505286091@c.us","נייד ישראלי",0
"בנג'י","050-5944515","972505944515","972505944515@c.us","נייד ישראלי",0
"רני מוטורהום מרצדס","054-2121224","972542121224","972542121224@c.us","נייד ישראלי",0
"סמי ברדה - אינסטלטור","050-5415492","972505415492","972505415492@c.us","נייד ישראלי",0
"עידן מפקד 840","052-6207913","972526207913","972526207913@c.us","נייד ישראלי",0
"תמר שפי","050-2020208","972502020208","972502020208@c.us","נייד ישראלי",0
"גדעון הרמתי","052-4433793","972524433793","972524433793@c.us","נייד ישראלי",0
"גרנס יהודה","054-2467363","972542467363","972542467363@c.us","נייד ישראלי",0
"משה נתניה","054-4878788","972544878788","972544878788@c.us","נייד ישראלי",0
"הגר משיח - אחראית גנים","053-8877025","972538877025","972538877025@c.us","נייד ישראלי",0
"רייזמן שושי","054-4543838","972544543838","972544543838@c.us","נייד ישראלי",0
"יעל כהן פארן","052-2728390","972522728390","972522728390@c.us","נייד ישראלי",0
"מאתיים","050-6954269","972506954269","972506954269@c.us","נייד ישראלי",0
"ד""ר איתן גור - פסיכיאטר","052-6666580","972526666580","972526666580@c.us","נייד ישראלי",0
"נגה כלבים","054-3260255","972543260255","972543260255@c.us","נייד ישראלי",0
"אלקסנדרה וינה","436645442557","436645442557","436645442557@c.us","בינלאומי",0
"עידן בן עזרא - המפקד","050-3414809","972503414809","972503414809@c.us","נייד ישראלי",0
"הראל גן שדה ומשק","050-3301053","972503301053","972503301053@c.us","נייד ישראלי",0
"סתיו כנ","052-3235521","972523235521","972523235521@c.us","נייד ישראלי",0
"בנציון רודל - רוקח מחוזי","050-6242016","972506242016","972506242016@c.us","נייד ישראלי",0
"סנדרין צורון","052-6165920","972526165920","972526165920@c.us","נייד ישראלי",0
"זוהר טרקטור זחל","054-7303073","972547303073","972547303073@c.us","נייד ישראלי",0
"איתן חברוני - בית אורנים","054-5287380","972545287380","972545287380@c.us","נייד ישראלי",0
"גרום הל","052-2379935","972522379935","972522379935@c.us","נייד ישראלי",0
"רחל בוקובסקי","052-3487018","972523487018","972523487018@c.us","נייד ישראלי",0
"זוהר קפל","050-3600764","972503600764","972503600764@c.us","נייד ישראלי",0
"מתי צופי","054-4751615","972544751615","972544751615@c.us","נייד ישראלי",0
"שלומית סיני - משרד החקלאות","050-6241963","972506241963","972506241963@c.us","נייד ישראלי",0
"קוץ","050-2652541","972502652541","972502652541@c.us","נייד ישראלי",0
"CannaCheck IL","050-3576262","972503576262","972503576262@c.us","נייד ישראלי",0
"דב - מים מושבים ביוב מועצה","052-7458306","972527458306","972527458306@c.us","נייד ישראלי",0
"גילי הנגיד","054-2893209","972542893209","972542893209@c.us","נייד ישראלי",0
"אנדי וייפ","491772592918","491772592918","491772592918@c.us","בינלאומי",0
"ז׳אנין","052-5078899","972525078899","972525078899@c.us","נייד ישראלי",0
"מיכאל קופליק משרפות איכות סביבה","052-8998599","972528998599","972528998599@c.us","נייד ישראלי",0
"אוריאן חסון","050-8293226","972508293226","972508293226@c.us","נייד ישראלי",0
"שמעיה קרינסקי - משלוחי חסידים","058-4195645","972584195645","972584195645@c.us","נייד ישראלי",0
"סתיו בנק לאומי","050-7822312","972507822312","972507822312@c.us","נייד ישראלי",0
"זאב יוסף","054-9446590","972549446590","972549446590@c.us","נייד ישראלי",0
"Daniela Farkasדניאלה 2 כלבים","052-5317896","972525317896","972525317896@c.us","נייד ישראלי",0
"תומר אמביל ים","050-5712345","972505712345","972505712345@c.us","נייד ישראלי",0
"צ. ארז וינשטט סמאו""ג 36","052-6800052","972526800052","972526800052@c.us","נייד ישראלי",0
"פנינה בן דוד","052-6733948","972526733948","972526733948@c.us","נייד ישראלי",0
"לירן גורן חיים","050-2056163","972502056163","972502056163@c.us","נייד ישראלי",0
"אורטל ארבל - משואה","050-8651908","972508651908","972508651908@c.us","נייד ישראלי",0
"Zack Anidam - Australia","61407265268","61407265268","61407265268@c.us","בינלאומי",0
"יונתן פונדק","052-3419897","972523419897","972523419897@c.us","נייד ישראלי",0
"איתמר בן גביר","052-8693867","972528693867","972528693867@c.us","נייד ישראלי",0
"משה חודש","050-6225423","972506225423","972506225423@c.us","נייד ישראלי",0
"מוחמד בית מרקחת הרצליה","052-6424425","972526424425","972526424425@c.us","נייד ישראלי",0
"איילת ימין - מבסוט","054-6349010","972546349010","972546349010@c.us","נייד ישראלי",0
"פרופ נתיב דודאי","050-6220010","972506220010","972506220010@c.us","נייד ישראלי",0
"איציק חניון טסים לעסקים - פרטי","050-4050886","972504050886","972504050886@c.us","נייד ישראלי",0
"גדליהו","054-6996636","972546996636","972546996636@c.us","נייד ישראלי",0
"שאול גיא - מסוק","052-5609999","972525609999","972525609999@c.us","נייד ישראלי",0
"רועי - מנהל תשתיות הוט","053-6064792","972536064792","972536064792@c.us","נייד ישראלי",0
"צ. עידן חפק סמאוג","050-4043838","972504043838","972504043838@c.us","נייד ישראלי",0
"נעמה גולד מפקדת ימר מג""ב","050-6273855","972506273855","972506273855@c.us","נייד ישראלי",0
"ח""כ עידן רול","054-4963063","972544963063","972544963063@c.us","נייד ישראלי",0
"הדיל מורה לערבית","052-4761137","972524761137","972524761137@c.us","נייד ישראלי",0
"אודי רענן עולם - חשמלאי","050-8767866","972508767866","972508767866@c.us","נייד ישראלי",0
"גילי ארצי חאג","054-9310606","972549310606","972549310606@c.us","נייד ישראלי",0
"היידי וושינגטון","12023685555","12023685555","12023685555@c.us","בינלאומי",0
"Hassan Barbados","12462325431","12462325431","12462325431@c.us","בינלאומי",0
"עו״ד גד שטילמן","050-5294814","972505294814","972505294814@c.us","נייד ישראלי",0
"טריכומה בת עידן","053-4959617","972534959617","972534959617@c.us","נייד ישראלי",0
"דניאל אזרזר - בעל של תמר טל","050-6919905","972506919905","972506919905@c.us","נייד ישראלי",0
"מאיר פארם","053-3345807","972533345807","972533345807@c.us","נייד ישראלי",0
"שמואל בר לב","052-6244827","972526244827","972526244827@c.us","נייד ישראלי",0
"איתן ברושי","050-5256781","972505256781","972505256781@c.us","נייד ישראלי",0
"סער ברק","055-8828775","972558828775","972558828775@c.us","נייד ישראלי",0
"מערכת שטיפה RST","036732023","97236732023","97236732023@c.us","קווי ישראלי",0
"Rony Lan","054-6621207","972546621207","972546621207@c.us","נייד ישראלי",0
"ליאת שירן - תפ""י משה""ב","052-4624909","972524624909","972524624909@c.us","נייד ישראלי",0
"חאזם איסמעיל - יציקות ממד","054-4583371","972544583371","972544583371@c.us","נייד ישראלי",0
"ד""ר צדוק שיפרוט","052-2559666","972522559666","972522559666@c.us","נייד ישראלי",0
"אמיר שפירא - אינטליקנה","050-8450215","972508450215","972508450215@c.us","נייד ישראלי",0
"Joclyn The One Only","16043774326","16043774326","16043774326@c.us","בינלאומי",0
"איתי יעקובי - UPS","050-6890170","972506890170","972506890170@c.us","נייד ישראלי",0
"שי צור מערכות סולריות","053-2856673","972532856673","972532856673@c.us","נייד ישראלי",0
"יוסי כהן - מצפה אילן","052-9248729","972529248729","972529248729@c.us","נייד ישראלי",0
"אלינור שטרול - אתר הולי סמוק","050-7863326","972507863326","972507863326@c.us","נייד ישראלי",0
"אביתר בו של ליאור הכלב באדי ז""ל","052-7955661","972527955661","972527955661@c.us","נייד ישראלי",0
"גל אדרי גולדי","054-9980833","972549980833","972549980833@c.us","נייד ישראלי",0
"רונית הכרתית","050-5751757","972505751757","972505751757@c.us","נייד ישראלי",0
"גיא מרטין הכלב עוגי","054-6774043","972546774043","972546774043@c.us","נייד ישראלי",0
"Miri קארם","054-5799189","972545799189","972545799189@c.us","נייד ישראלי",0
"סימו טרקלין","058-4020282","972584020282","972584020282@c.us","נייד ישראלי",0
"חגי אופן","052-3584674","972523584674","972523584674@c.us","נייד ישראלי",0
"אלון קדישי","052-2471414","972522471414","972522471414@c.us","נייד ישראלי",0
"כרמית אלרואי","052-2455456","972522455456","972522455456@c.us","נייד ישראלי",0
"Avi. אבי פודל שיצו","054-7978745","972547978745","972547978745@c.us","נייד ישראלי",0
"ערן יונה - ביו כם","052-2777744","972522777744","972522777744@c.us","נייד ישראלי",0
"עמוד ענן - יואב","054-4865386","972544865386","972544865386@c.us","נייד ישראלי",0
"נבו כנוניץ","054-2039798","972542039798","972542039798@c.us","נייד ישראלי",0
"דן פורז - יועץ לשר החוץ","050-6203940","972506203940","972506203940@c.us","נייד ישראלי",0
"ברט דרא""פ","27834442004","27834442004","27834442004@c.us","בינלאומי",0
"מאיר ברון - UBS","054-2070300","972542070300","972542070300@c.us","נייד ישראלי",0
"אביהו","052-2031006","972522031006","972522031006@c.us","נייד ישראלי",0
"רון - פלסגן","052-3221723","972523221723","972523221723@c.us","נייד ישראלי",0
"יורם - אמביל","050-5210510","972505210510","972505210510@c.us","נייד ישראלי",0
"לאנדרו","053-6202125","972536202125","972536202125@c.us","נייד ישראלי",0
"רויטל קארין - טארה","054-7343860","972547343860","972547343860@c.us","נייד ישראלי",0
"מוחמד חאטר - פקח עתיקות מנשה","052-5991729","972525991729","972525991729@c.us","נייד ישראלי",0
"צ. אוריאל פלכ""ד 98","054-5223301","972545223301","972545223301@c.us","נייד ישראלי",0
"יאיר וולף","050-5546994","972505546994","972505546994@c.us","נייד ישראלי",0
"יובל לרנר - רודנט","054-8181867","972548181867","972548181867@c.us","נייד ישראלי",0
"אביב רעננה","050-4218157","972504218157","972504218157@c.us","נייד ישראלי",0
"חן שחם מתאמת גנים","055-6654168","972556654168","972556654168@c.us","נייד ישראלי",0
"ישראל דיטל","054-6764627","972546764627","972546764627@c.us","נייד ישראלי",0
"ליאה כהן","054-5814111","972545814111","972545814111@c.us","נייד ישראלי",0
"צ. לרון קמב""צ מרכז צפוני","058-4280303","972584280303","972584280303@c.us","נייד ישראלי",0
"דנה מלצר","052-3666636","972523666636","972523666636@c.us","נייד ישראלי",0
"נעמה רייך - האופה מהכפר","052-3747071","972523747071","972523747071@c.us","נייד ישראלי",0
"ד""ר ורסנו אבי","050-7298078","972507298078","972507298078@c.us","נייד ישראלי",0
"אורי רפאל!","054-6483801","972546483801","972546483801@c.us","נייד ישראלי",0
"ילנה","054-6486085","972546486085","972546486085@c.us","נייד ישראלי",0
"אמיר פלדר","054-5690832","972545690832","972545690832@c.us","נייד ישראלי",0
"תומאש קובלק","420602299220","420602299220","420602299220@c.us","בינלאומי",0
"איריס הילמן","050-6216656","972506216656","972506216656@c.us","נייד ישראלי",0
"אוהד כהן - ראש מנהל סחר חוץ במשרד הכלכלה","050-6290290","972506290290","972506290290@c.us","נייד ישראלי",0
"ליליאן עסקים","052-7028858","972527028858","972527028858@c.us","נייד ישראלי",0
"יעל שלוש מויאל - משטרה","050-6275564","972506275564","972506275564@c.us","נייד ישראלי",0
"נועם בן צבי","050-4881237","972504881237","972504881237@c.us","נייד ישראלי",0
"ליאור קבליק","054-5220623","972545220623","972545220623@c.us","נייד ישראלי",0
"דור שריקי","054-2511116","972542511116","972542511116@c.us","נייד ישראלי",0
"בניה פרויס - מש""ק יישוב מג""ב","058-5777369","972585777369","972585777369@c.us","נייד ישראלי",0
"עץ - ברגר מוטי","050-7291285","972507291285","972507291285@c.us","נייד ישראלי",0
"Layla Kaminski","052-8545058","972528545058","972528545058@c.us","נייד ישראלי",0
"Morמור וסהר (הכלבה נלה)","050-5200310","972505200310","972505200310@c.us","נייד ישראלי",0
"פרופ דרור סליקטר סלינו","054-8034003","972548034003","972548034003@c.us","נייד ישראלי",0
"לואיי זועבי","050-5539101","972505539101","972505539101@c.us","נייד ישראלי",0
"בר אלקובי","050-6951090","972506951090","972506951090@c.us","נייד ישראלי",0
"רועי דנה","052-3513317","972523513317","972523513317@c.us","נייד ישראלי",0
"נהג יצחק","055-9118877","972559118877","972559118877@c.us","נייד ישראלי",0
"עמית יועץ סביבה","050-5770577","972505770577","972505770577@c.us","נייד ישראלי",0
"פריזמה - יבגני","050-5608500","972505608500","972505608500@c.us","נייד ישראלי",0
"Moshe Gavrilov","054-8885741","972548885741","972548885741@c.us","נייד ישראלי",0
"שי בולדוס","050-6081117","972506081117","972506081117@c.us","נייד ישראלי",0
"אייל גנץ","054-4798710","972544798710","972544798710@c.us","נייד ישראלי",0
"זיאד פלסט - שלם","050-8920025","972508920025","972508920025@c.us","נייד ישראלי",0
"צ רמי שלום","054-4685262","972544685262","972544685262@c.us","נייד ישראלי",0
"ישי","058-4086679","972584086679","972584086679@c.us","נייד ישראלי",0
"אלעד פלורידה","13052153744","13052153744","13052153744@c.us","בינלאומי",0
"ערן דמארי","052-2649161","972522649161","972522649161@c.us","נייד ישראלי",0
"סולימן - מקדח אדמה בובקט","054-4353693","972544353693","972544353693@c.us","נייד ישראלי",0
"לוכד כלבים - איציק","052-3770216","972523770216","972523770216@c.us","נייד ישראלי",0
"עודד פנסו","054-7787785","972547787785","972547787785@c.us","נייד ישראלי",0
"רייני מנורות","491743424182","491743424182","491743424182@c.us","בינלאומי",0
"גונן קרן","59892374047","59892374047","59892374047@c.us","בינלאומי",0
"Sharon איתי Tal ויינברג","050-4422266","972504422266","972504422266@c.us","נייד ישראלי",0
"שי אברהם","054-2213154","972542213154","972542213154@c.us","נייד ישראלי",0
"ציקי קימלמן - גן השומרון","050-5245455","972505245455","972505245455@c.us","נייד ישראלי",0
"רביב ארבץ","052-2530660","972522530660","972522530660@c.us","נייד ישראלי",0
"ישי המבורגר","052-6376700","972526376700","972526376700@c.us","נייד ישראלי",0
"דר אפרים ארי","054-4773623","972544773623","972544773623@c.us","נייד ישראלי",0
"בני תריסים","050-5363201","972505363201","972505363201@c.us","נייד ישראלי",0
"צ. רונן ע. לחת""ם","054-5854333","972545854333","972545854333@c.us","נייד ישראלי",0
"אריק מבסוט","054-4557535","972544557535","972544557535@c.us","נייד ישראלי",0
"נהר בינור - שוכרת","054-5715339","972545715339","972545715339@c.us","נייד ישראלי",0
"דוד גולדברג","054-7740651","972547740651","972547740651@c.us","נייד ישראלי",0
"ווליד חשמל","054-2610483","972542610483","972542610483@c.us","נייד ישראלי",0
"אסא הררי","052-2852628","972522852628","972522852628@c.us","נייד ישראלי",0
"רחלי אוחנה - סלקום","052-3699458","972523699458","972523699458@c.us","נייד ישראלי",0
"זוהר","050-2553331","972502553331","972502553331@c.us","נייד ישראלי",0
"רפי Zotapay","054-4955463","972544955463","972544955463@c.us","נייד ישראלי",0
"Sivan Goren","054-2994000","972542994000","972542994000@c.us","נייד ישראלי",0
"ענת רפופורט","054-5242810","972545242810","972545242810@c.us","נייד ישראלי",0
"אמנון מנהל מחלקת תברואה מנשה","054-4921252","972544921252","972544921252@c.us","נייד ישראלי",0
"עומרי הלוי - בשטח","054-5561111","972545561111","972545561111@c.us","נייד ישראלי",0
"רעם דון","054-9495513","972549495513","972549495513@c.us","נייד ישראלי",0
"משה - משינה","053-5555561","972535555561","972535555561@c.us","נייד ישראלי",0
"מני שלם","054-5202040","972545202040","972545202040@c.us","נייד ישראלי",0
"עידן רובין","050-8825702","972508825702","972508825702@c.us","נייד ישראלי",0
"תומ פור","052-4565021","972524565021","972524565021@c.us","נייד ישראלי",0
"ספי בוגין","054-2343728","972542343728","972542343728@c.us","נייד ישראלי",0
"דויד לוסטינג טבע","054-8883111","972548883111","972548883111@c.us","נייד ישראלי",0
"אמיר מוריה","054-2266035","972542266035","972542266035@c.us","נייד ישראלי",0
"צ. יונתן שניידר מגד 202","054-5966500","972545966500","972545966500@c.us","נייד ישראלי",0
"מרלה ברוורמן","050-2052691","972502052691","972502052691@c.us","נייד ישראלי",0
"דוד קמהדע","052-4283202","972524283202","972524283202@c.us","נייד ישראלי",0
"מייקי ארגמן","052-5844104","972525844104","972525844104@c.us","נייד ישראלי",0
"סועד מנקה ברקאי","050-5834241","972505834241","972505834241@c.us","נייד ישראלי",0
"רפאל הבן אלינור","058-4061458","972584061458","972584061458@c.us","נייד ישראלי",0
"דודו יורודרייב","050-8538111","972508538111","972508538111@c.us","נייד ישראלי",0
"אורי לב - קב""ט ערבה תיכונה","052-3665928","972523665928","972523665928@c.us","נייד ישראלי",0
"שלומי כלבים","052-6276444","972526276444","972526276444@c.us","נייד ישראלי",0
"מוסך מזגן","053-3201561","972533201561","972533201561@c.us","נייד ישראלי",0
"גיא חן = חבר של אושרי","054-9784206","972549784206","972549784206@c.us","נייד ישראלי",0
"מאיר אריאל","054-6629444","972546629444","972546629444@c.us","נייד ישראלי",0
"אורית ר","050-6977580","972506977580","972506977580@c.us","נייד ישראלי",0
"אבי הלפרט","052-3261496","972523261496","972523261496@c.us","נייד ישראלי",0
"אופירה","054-6877277","972546877277","972546877277@c.us","נייד ישראלי",0
"אלון בגדדי - ביופארמקס","052-8498766","972528498766","972528498766@c.us","נייד ישראלי",0
"דקל גאוי","052-3791773","972523791773","972523791773@c.us","נייד ישראלי",0
"האיל מונזר - שוטר קהילתי פרדס חנה","050-5068943","972505068943","972505068943@c.us","נייד ישראלי",0
"אביבה","052-8400559","972528400559","972528400559@c.us","נייד ישראלי",0
"עמית - צייד","052-3333521","972523333521","972523333521@c.us","נייד ישראלי",0
"מיכל בארי - יעיל אריזות","052-6863069","972526863069","972526863069@c.us","נייד ישראלי",0
"יונתן ביסנואטי","054-5835868","972545835868","972545835868@c.us","נייד ישראלי",0
"רועי אורבך - 448","050-6235815","972506235815","972506235815@c.us","נייד ישראלי",0
"יונתן סקר - מתמידים","054-2295008","972542295008","972542295008@c.us","נייד ישראלי",0
"רוחמה תירוש","050-4524455","972504524455","972504524455@c.us","נייד ישראלי",0
"אמיר רטיג - קב""ט תיקון עולם","050-4766498","972504766498","972504766498@c.us","נייד ישראלי",0
"ד״ר יהודה ברוך","050-6242039","972506242039","972506242039@c.us","נייד ישראלי",0
"עץ - אופיר עז'י","052-8580780","972528580780","972528580780@c.us","נייד ישראלי",0
"עו""ד עמית יפרח","050-7360696","972507360696","972507360696@c.us","נייד ישראלי",0
"ג. אלי סרויה תראפין (רמות מנשה)","054-8884449","972548884449","972548884449@c.us","נייד ישראלי",0
"מיכל הדר - איבקר","054-3068009","972543068009","972543068009@c.us","נייד ישראלי",0
"זאב שאלתיאל ווט","050-8465520","972508465520","972508465520@c.us","נייד ישראלי",0
"נתן - זוהר בכביש - תמרורים","054-7538950","972547538950","972547538950@c.us","נייד ישראלי",0
"נמרוד אור מלך קוק","054-2208188","972542208188","972542208188@c.us","נייד ישראלי",0
"גלעד פרדו","054-5601209","972545601209","972545601209@c.us","נייד ישראלי",0
"דוד שוורץ מנב""ט יקר","050-6242092","972506242092","972506242092@c.us","נייד ישראלי",0
"רותם ימיה נחשולים","052-6663326","972526663326","972526663326@c.us","נייד ישראלי",0
"חמי כהן - כפר פינס","052-3385252","972523385252","972523385252@c.us","נייד ישראלי",0
"שרון נטלי","054-4991331","972544991331","972544991331@c.us","נייד ישראלי",0
"רותם נלביצקי","050-7314300","972507314300","972507314300@c.us","נייד ישראלי",0
"יענקלה חונוביץ","053-5245553","972535245553","972535245553@c.us","נייד ישראלי",0
"יהלי פודגה","053-6280028","972536280028","972536280028@c.us","נייד ישראלי",0
"אפרת רוקחת טלפארמה","050-6107370","972506107370","972506107370@c.us","נייד ישראלי",0
"יועד תורן מפל""ג 915 - זי""ס","052-9457034","972529457034","972529457034@c.us","נייד ישראלי",0
"אוקסנה בקטןכם","058-4757520","972584757520","972584757520@c.us","נייד ישראלי",0
"ראמי הגנן","050-7195717","972507195717","972507195717@c.us","נייד ישראלי",0
"שרון מנסור","052-5839410","972525839410","972525839410@c.us","נייד ישראלי",0
"אסף פישבין","050-5541917","972505541917","972505541917@c.us","נייד ישראלי",0
"ליאת הרלינג","052-8236526","972528236526","972528236526@c.us","נייד ישראלי",0
"מרגלית אחינועם השכנה","050-8631005","972508631005","972508631005@c.us","נייד ישראלי",0
"מירב יוספה","052-4206262","972524206262","972524206262@c.us","נייד ישראלי",0
"פאנקו","054-5260409","972545260409","972545260409@c.us","נייד ישראלי",0
"נתן חאג","054-4258075","972544258075","972544258075@c.us","נייד ישראלי",0
"איריס מנהלת בנק פועלים פ״ח","052-3251309","972523251309","972523251309@c.us","נייד ישראלי",0
"בר גיסין","054-6646626","972546646626","972546646626@c.us","נייד ישראלי",0
"אייל פרוסט גרוזברג 7","052-2787098","972522787098","972522787098@c.us","נייד ישראלי",0
"טל גרואג - טלטלים","054-7700452","972547700452","972547700452@c.us","נייד ישראלי",0
"מוחמד - 5 כוכבים","050-9200106","972509200106","972509200106@c.us","נייד ישראלי",0
"יעל חצרוני","054-7873547","972547873547","972547873547@c.us","נייד ישראלי",0
"שוכר - ישי פילצר","053-7770714","972537770714","972537770714@c.us","נייד ישראלי",0
"דקל קמבץ צאלים","052-5905928","972525905928","972525905928@c.us","נייד ישראלי",0
"לב פולימץ","385915833564","385915833564","385915833564@c.us","בינלאומי",0
"הילל ברק - מכונת סיגריות","050-7627624","972507627624","972507627624@c.us","נייד ישראלי",0
"Efrat Sagmonאפרת הכלבה לישקה","050-9611198","972509611198","972509611198@c.us","נייד ישראלי",0
"תומר שרף","054-6163211","972546163211","972546163211@c.us","נייד ישראלי",0
"לינר ג'וני","052-2785972","972522785972","972522785972@c.us","נייד ישראלי",0
"אורן בן דוד","052-5144629","972525144629","972525144629@c.us","נייד ישראלי",0
"דודו שמואלוב - נובולוג","054-7712501","972547712501","972547712501@c.us","נייד ישראלי",0
"torko טוהר","050-9344884","972509344884","972509344884@c.us","נייד ישראלי",0
"עומר ויינרייך - ענף נפגעים צבא","054-4503993","972544503993","972544503993@c.us","נייד ישראלי",0
"מורן אשדוד","052-8118100","972528118100","972528118100@c.us","נייד ישראלי",0
"רחל לוי - תופרת","050-6978462","972506978462","972506978462@c.us","נייד ישראלי",0
"אמנון מלגזה","053-5850115","972535850115","972535850115@c.us","נייד ישראלי",0
"תמר מלכה","054-5552761","972545552761","972545552761@c.us","נייד ישראלי",0
"Rusty Old Pal","015165670366","97215165670366","97215165670366@c.us","קווי ישראלי",0
"חשבונית ירוקה - הוצאות","050-6560837","972506560837","972506560837@c.us","נייד ישראלי",0
"עוזי חבשוש","050-7579378","972507579378","972507579378@c.us","נייד ישראלי",0
"DHL Express","093761976","97293761976","97293761976@c.us","קווי ישראלי",0
"פרננדו פריזמה פורטוגל","351939996901","351939996901","351939996901@c.us","בינלאומי",0
"עידן פיינגבאום - קב""ט מ.א. משגב","050-7887959","972507887959","972507887959@c.us","נייד ישראלי",0
"מוטי","058-6166880","972586166880","972586166880@c.us","נייד ישראלי",0
"ניסן צור - מחשבים","054-2111588","972542111588","972542111588@c.us","נייד ישראלי",0
"אריס - השכרת סירות פורוס סירות","306984094450","306984094450","306984094450@c.us","בינלאומי",0
"מור נרדיה עורךך דין נאמן Bol","035272164","97235272164","97235272164@c.us","קווי ישראלי",0
"צ. יעקב כח ברימו","054-8020058","972548020058","972548020058@c.us","נייד ישראלי",0
"ברי נדל","050-7463340","972507463340","972507463340@c.us","נייד ישראלי",0
"מתן (פרטי) פקח חוף חדרה","050-9066830","972509066830","972509066830@c.us","נייד ישראלי",0
"גור עופר","052-3383395","972523383395","972523383395@c.us","נייד ישראלי",0
"אגליגי - סנט ג'יוג'יוס","306957211010","306957211010","306957211010@c.us","בינלאומי",0
"צ. שי מרקוביץ","054-4766756","972544766756","972544766756@c.us","נייד ישראלי",0
"עובד של אופיר מזגנים Y","050-7120775","972507120775","972507120775@c.us","נייד ישראלי",0
"פוסטי","050-2465629","972502465629","972502465629@c.us","נייד ישראלי",0
"אוריאל גדול","053-2277714","972532277714","972532277714@c.us","נייד ישראלי",0
"ורד הורוביץ לנדבר","054-2620246","972542620246","972542620246@c.us","נייד ישראלי",0
"קובי כהן עבודות עפר","052-6691064","972526691064","972526691064@c.us","נייד ישראלי",0
"ויקי אר","052-6377167","972526377167","972526377167@c.us","נייד ישראלי",0
"צ יבגני אמולסיה","054-7499460","972547499460","972547499460@c.us","נייד ישראלי",0
"סמי גולד - הסעות טיולים וצלילה קפריסין","35799682765","35799682765","35799682765@c.us","בינלאומי",0
"צ 'יקו ש","054-6521153","972546521153","972546521153@c.us","נייד ישראלי",0
"עדן ר. ט","054-8739646","972548739646","972548739646@c.us","נייד ישראלי",0
"עידן לה פז - מש""ק אזורי","050-5214044","972505214044","972505214044@c.us","נייד ישראלי",0
"שלומי בר - רוקח","050-6263966","972506263966","972506263966@c.us","נייד ישראלי",0
"צ יואב כנען","052-2981911","972522981911","972522981911@c.us","נייד ישראלי",0
"עודד - איה ים","050-5200808","972505200808","972505200808@c.us","נייד ישראלי",0
"מיכה - ערבסק","054-7673274","972547673274","972547673274@c.us","נייד ישראלי",0
"גיא אדלר","054-5684089","972545684089","972545684089@c.us","נייד ישראלי",0
"עדן סמנוב יחשת""פ חיל האוויר","054-7911240","972547911240","972547911240@c.us","נייד ישראלי",0
"דוקטור שטיפה","050-5703440","972505703440","972505703440@c.us","נייד ישראלי",0
"ניר סגל -יועץ שר הבט""פ למניעת הפשיעה החקלאית","052-3622111","972523622111","972523622111@c.us","נייד ישראלי",0
"מור ברו - מג""ב","054-2487380","972542487380","972542487380@c.us","נייד ישראלי",0
"אבירם לזר - רב""ש שדה יצחק","054-6506966","972546506966","972546506966@c.us","נייד ישראלי",0
"כושי הודייה","054-4410763","972544410763","972544410763@c.us","נייד ישראלי",0
"צ. ליאור- רס""פ סמאוג","050-8910329","972508910329","972508910329@c.us","נייד ישראלי",0
"יסמין יועצת איכות","054-2553626","972542553626","972542553626@c.us","נייד ישראלי",0
"גסטון","19545527515","19545527515","19545527515@c.us","בינלאומי",0
"תומר שכן","050-9266969","972509266969","972509266969@c.us","נייד ישראלי",0
"בר לב דרור","052-5671199","972525671199","972525671199@c.us","נייד ישראלי",0
"שמואל הרשקוביץ","054-4581155","972544581155","972544581155@c.us","נייד ישראלי",0
"עמית - כביש 6","054-4515315","972544515315","972544515315@c.us","נייד ישראלי",0
"איווט","054-5629516","972545629516","972545629516@c.us","נייד ישראלי",0
"ליאו איכילוב","053-7373022","972537373022","972537373022@c.us","נייד ישראלי",0
"הדר סטוייבסקי","053-3391154","972533391154","972533391154@c.us","נייד ישראלי",0
"גיא מנור","054-8882847","972548882847","972548882847@c.us","נייד ישראלי",0
"אהוביק - ממן אדריכלים","052-4207060","972524207060","972524207060@c.us","נייד ישראלי",0
"חברת חשמל גביה","054-6098152","972546098152","972546098152@c.us","נייד ישראלי",0
"ג'אמל - בובקט כפר קרע","054-8707740","972548707740","972548707740@c.us","נייד ישראלי",0
"צ. משה נתן","053-5551862","972535551862","972535551862@c.us","נייד ישראלי",0
"סמיר גנאיים","050-6590002","972506590002","972506590002@c.us","נייד ישראלי",0
"Pascal Light","491707185907","491707185907","491707185907@c.us","בינלאומי",0
"נורית ה","054-3152581","972543152581","972543152581@c.us","נייד ישראלי",0
"תמרה אוק","052-5424666","972525424666","972525424666@c.us","נייד ישראלי",0
"צחי סמייה","050-6595984","972506595984","972506595984@c.us","נייד ישראלי",0
"ליטל אינצ'י","054-7730183","972547730183","972547730183@c.us","נייד ישראלי",0
"Grow Pharma","48726762888","48726762888","48726762888@c.us","בינלאומי",0
"אייל שור וואן - נחל שורק","054-3453457","972543453457","972543453457@c.us","נייד ישראלי",0
"רענן מסורי כפר פינס","052-8738306","972528738306","972528738306@c.us","נייד ישראלי",0
"עדיבובה","050-8382877","972508382877","972508382877@c.us","נייד ישראלי",0
"פז שירותי תעופה - יבגני","054-3412400","972543412400","972543412400@c.us","נייד ישראלי",0
"באסם מילאד - מסגר","054-3153689","972543153689","972543153689@c.us","נייד ישראלי",0
"אמנון מרגבים ריו","054-4534968","972544534968","972544534968@c.us","נייד ישראלי",0
"גלי לנדבר","052-9662677","972529662677","972529662677@c.us","נייד ישראלי",0
"גבי מלול","050-5519827","972505519827","972505519827@c.us","נייד ישראלי",0
"בוקס יבואני ביגוד - דויד","050-6434333","972506434333","972506434333@c.us","נייד ישראלי",0
"מרטי","34653509696","34653509696","34653509696@c.us","בינלאומי",0
"shayשי חומרי בנין ב.נ.","050-4889555","972504889555","972504889555@c.us","נייד ישראלי",0
"רן עמרם - שירות לרכבי טיוטה","052-6896951","972526896951","972526896951@c.us","נייד ישראלי",0
"עובד יחזקאל","050-5331563","972505331563","972505331563@c.us","נייד ישראלי",0
"ניבי בית פרדס חנה","052-2655783","972522655783","972522655783@c.us","נייד ישראלי",0
"צ. אלון שמריה חט 84","052-5183411","972525183411","972525183411@c.us","נייד ישראלי",0
"רענן לפידות","055-5613102","972555613102","972555613102@c.us","נייד ישראלי",0
"יוסי אהרוני","054-9006308","972549006308","972549006308@c.us","נייד ישראלי",0
"הללי המתוקה😍","058-4040901","972584040901","972584040901@c.us","נייד ישראלי",0
"David Mallawi","265995292929","265995292929","265995292929@c.us","בינלאומי",0
"הצדיק תומר","052-2222433","972522222433","972522222433@c.us","נייד ישראלי",0
"גבריאלה ספרד","34659892587","34659892587","34659892587@c.us","בינלאומי",0
"שחר כהן UPS","050-6890033","972506890033","972506890033@c.us","נייד ישראלי",0
"רמה דינרמן","054-4616196","972544616196","972544616196@c.us","נייד ישראלי",0
"נרי ויינברג","054-9347744","972549347744","972549347744@c.us","נייד ישראלי",0
"הפסטוס - יהודה קליין","052-4865999","972524865999","972524865999@c.us","נייד ישראלי",0
"קטמה ים","052-5765551","972525765551","972525765551@c.us","נייד ישראלי",0
"עזר פיקר - מפא״ת","054-4904718","972544904718","972544904718@c.us","נייד ישראלי",0
"דייב חו","052-8417680","972528417680","972528417680@c.us","נייד ישראלי",0
"דוד פולימץ","385912141889","385912141889","385912141889@c.us","בינלאומי",0
"סופר פארם","050-8900115","972508900115","972508900115@c.us","נייד ישראלי",0
"Liav Zilberman משית בית זכרון","052-9283315","972529283315","972529283315@c.us","נייד ישראלי",0
"קוטי ז'אן","050-3228702","972503228702","972503228702@c.us","נייד ישראלי",0
"גיא וקנין זרעים גדרה","052-6046975","972526046975","972526046975@c.us","נייד ישראלי",0
"אמנון מור - רב""ש עין שמר","052-8787700","972528787700","972528787700@c.us","נייד ישראלי",0
"אלייהו חאג","054-4543372","972544543372","972544543372@c.us","נייד ישראלי",0
"אבישי לוגיסטיקה שקד","050-6204243","972506204243","972506204243@c.us","נייד ישראלי",0
"יובל חסון","050-8293230","972508293230","972508293230@c.us","נייד ישראלי",0
"דר דראי","054-4851253","972544851253","972544851253@c.us","נייד ישראלי",0
"מיכל הוד","052-2225632","972522225632","972522225632@c.us","נייד ישראלי",0
"עמרי סימבה)","053-3666546","972533666546","972533666546@c.us","נייד ישראלי",0
"אדם - מסגרת שערים","054-4619371","972544619371","972544619371@c.us","נייד ישראלי",0
"דוד אלקיים","052-5418756","972525418756","972525418756@c.us","נייד ישראלי",0
"מתן פקח חוף חדרה","053-9044217","972539044217","972539044217@c.us","נייד ישראלי",0
"אלכס יונייב","050-8116442","972508116442","972508116442@c.us","נייד ישראלי",0
"שמרית מלול","054-8019001","972548019001","972548019001@c.us","נייד ישראלי",0
"גו'ש פלג","054-9795246","972549795246","972549795246@c.us","נייד ישראלי",0
"דניאל דרור","050-6727512","972506727512","972506727512@c.us","נייד ישראלי",0
"צ עמית רצבי","052-3124828","972523124828","972523124828@c.us","נייד ישראלי",0
"אולגה בורבול","050-8559177","972508559177","972508559177@c.us","נייד ישראלי",0
"חדוה בנקין","054-7799175","972547799175","972547799175@c.us","נייד ישראלי",0
"מלכה ניר - רשות החדשנות","054-7700580","972547700580","972547700580@c.us","נייד ישראלי",0
"דור סולטן","054-7982424","972547982424","972547982424@c.us","נייד ישראלי",0
"אילן שוחט- מנכ""ל קק""ל","052-2411847","972522411847","972522411847@c.us","נייד ישראלי",0
"תמר זנדברג","054-4550474","972544550474","972544550474@c.us","נייד ישראלי",0
"איתמר לנדבר","052-2444164","972522444164","972522444164@c.us","נייד ישראלי",0
"מסאוורה הישאם","054-5985403","972545985403","972545985403@c.us","נייד ישראלי",0
"אהרון לוצקי","054-5841242","972545841242","972545841242@c.us","נייד ישראלי",0
"אורי גרנות","054-7572855","972547572855","972547572855@c.us","נייד ישראלי",0
"הזמנת גז","053-9217918","972539217918","972539217918@c.us","נייד ישראלי",0
"ירדן ערבה","054-4313599","972544313599","972544313599@c.us","נייד ישראלי",0
"יפעת ירושלמי","054-4205344","972544205344","972544205344@c.us","נייד ישראלי",0
"עדי שיפוצים","050-7601207","972507601207","972507601207@c.us","נייד ישראלי",0
"וואסים - צייד","050-7205674","972507205674","972507205674@c.us","נייד ישראלי",0
"רונן אבשלום הגנן","050-9316820","972509316820","972509316820@c.us","נייד ישראלי",0
"צ. בוריס וולוביק","054-4789602","972544789602","972544789602@c.us","נייד ישראלי",0
"מיכאל מכולם","050-2493030","972502493030","972502493030@c.us","נייד ישראלי",0
"עמית הרי - סיילור","052-8668216","972528668216","972528668216@c.us","נייד ישראלי",0
"שי - סוכן הידרו נע","050-8898478","972508898478","972508898478@c.us","נייד ישראלי",0
"דניאל מכלוף - אורורה","050-9002000","972509002000","972509002000@c.us","נייד ישראלי",0
"רון רוזן","054-4514003","972544514003","972544514003@c.us","נייד ישראלי",0
"צ. שחר דוד קמבצ הנדסה 98","058-7655058","972587655058","972587655058@c.us","נייד ישראלי",0
"עו""ד ‫עדי פורת‬‎","052-2509186","972522509186","972522509186@c.us","נייד ישראלי",0
"Israrl Moto Adventures","058-4008230","972584008230","972584008230@c.us","נייד ישראלי",0
"עידו יורן","053-7451656","972537451656","972537451656@c.us","נייד ישראלי",0
"יערה פלדנשטיין בשר","050-5867222","972505867222","972505867222@c.us","נייד ישראלי",0
"רן סתיו - ארן","054-6645700","972546645700","972546645700@c.us","נייד ישראלי",0
"נאוה זקן - משרד הכלכלה","050-6240040","972506240040","972506240040@c.us","נייד ישראלי",0
"עדי ברקמן - דיירת שחם","054-2346533","972542346533","972542346533@c.us","נייד ישראלי",0
"קרן אגנבורג - אבטחת איכות חקלאות","054-8883867","972548883867","972548883867@c.us","נייד ישראלי",0
"Troubadour Cal","052-6503224","972526503224","972526503224@c.us","נייד ישראלי",0
"Reem","35796717622","35796717622","35796717622@c.us","בינלאומי",0
"נועם מכירות - בשטח","054-2777177","972542777177","972542777177@c.us","נייד ישראלי",0
"עדי מוקד דינוביץ - טלאפרמה","050-8548073","972508548073","972508548073@c.us","נייד ישראלי",0
"טופז","050-7877077","972507877077","972507877077@c.us","נייד ישראלי",0
"תומאש בוייאר צכיה","052-3422336","972523422336","972523422336@c.us","נייד ישראלי",0
"רמבו דינגו","054-5937777","972545937777","972545937777@c.us","נייד ישראלי",0
"אבי בדיקות קורונה","058-3657824","972583657824","972583657824@c.us","נייד ישראלי",0
"איל בית","054-8369367","972548369367","972548369367@c.us","נייד ישראלי",0
"פלו ברלין","491752270000","491752270000","491752270000@c.us","בינלאומי",0
"עדין - חברה של בניה","052-3259441","972523259441","972523259441@c.us","נייד ישראלי",0
"יעקב רגב הכיכר","050-4924929","972504924929","972504924929@c.us","נייד ישראלי",0
"עודד שוסייב - פרופ'","054-2341863","972542341863","972542341863@c.us","נייד ישראלי",0
"צ. אלדד סמאוג עורף 98","052-3374547","972523374547","972523374547@c.us","נייד ישראלי",0
"צ. יונתן למפרט סמג""ד ב","054-5461091","972545461091","972545461091@c.us","נייד ישראלי",0
"אודי גלילי","054-2777738","972542777738","972542777738@c.us","נייד ישראלי",0
"שני שוברט","050-4964964","972504964964","972504964964@c.us","נייד ישראלי",0
"קרן ערבה","052-8742376","972528742376","972528742376@c.us","נייד ישראלי",0
"תומר וגילי","050-7170180","972507170180","972507170180@c.us","נייד ישראלי",0
"Ohad Forstner","054-6567713","972546567713","972546567713@c.us","נייד ישראלי",0
"קן התוכי","055-9444621","972559444621","972559444621@c.us","נייד ישראלי",0
"מרים","050-8774173","972508774173","972508774173@c.us","נייד ישראלי",0
"לירון ע. חשב","054-9118914","972549118914","972549118914@c.us","נייד ישראלי",0
"יניב שותפים","050-6527236","972506527236","972506527236@c.us","נייד ישראלי",0
"בן מכטינגר","052-6554006","972526554006","972526554006@c.us","נייד ישראלי",0
"Tomerתומר גרינמד","052-8794457","972528794457","972528794457@c.us","נייד ישראלי",0
"לודה- מאלפת לכלבים","052-7275455","972527275455","972527275455@c.us","נייד ישראלי",0
"מיכאל חדד תשתיות בזק","050-6779143","972506779143","972506779143@c.us","נייד ישראלי",0
"מחמוד פלריג ורשת","054-5411047","972545411047","972545411047@c.us","נייד ישראלי",0
"נגה - רונן צור","052-6226273","972526226273","972526226273@c.us","נייד ישראלי",0
"דור המזווה","054-6756117","972546756117","972546756117@c.us","נייד ישראלי",0
"שלומי ארז","054-4232622","972544232622","972544232622@c.us","נייד ישראלי",0
"יגל בריכות שחייה","050-3234380","972503234380","972503234380@c.us","נייד ישראלי",0
"ניר רב""ש אביאל","050-6299049","972506299049","972506299049@c.us","נייד ישראלי",0
"יוספה","054-4745980","972544745980","972544745980@c.us","נייד ישראלי",0
"צ. מאיר אפל","052-8095559","972528095559","972528095559@c.us","נייד ישראלי",0
"ניר סהר - מנכ""ל איגוד ערים לאיכות הסביבה","052-8635151","972528635151","972528635151@c.us","נייד ישראלי",0
"אברהם מליח","055-6617058","972556617058","972556617058@c.us","נייד ישראלי",0
"חזי הגדול מכולם","050-3915577","972503915577","972503915577@c.us","נייד ישראלי",0
"האקדמיה לכלבים- נועה","053-7145006","972537145006","972537145006@c.us","נייד ישראלי",0
"ניסים פלורה","054-5432527","972545432527","972545432527@c.us","נייד ישראלי",0
"משה שמש מפקח נשק משרד הפנים","050-6204155","972506204155","972506204155@c.us","נייד ישראלי",0
"אלי אחיטוב - סיילור","050-5757572","972505757572","972505757572@c.us","נייד ישראלי",0
"מירי שפ","052-3988920","972523988920","972523988920@c.us","נייד ישראלי",0
"עו""ד צחי חוליו","054-4493963","972544493963","972544493963@c.us","נייד ישראלי",0
"אורית רמתי","052-6370391","972526370391","972526370391@c.us","נייד ישראלי",0
"שלי כנעני","054-4312066","972544312066","972544312066@c.us","נייד ישראלי",0
"יוסי גלזן","054-5245606","972545245606","972545245606@c.us","נייד ישראלי",0
"מרסלו","052-3898035","972523898035","972523898035@c.us","נייד ישראלי",0
"אילנית הלפרין CFO סיטרין","050-7988382","972507988382","972507988382@c.us","נייד ישראלי",0
"שריה מבסוט","052-6374736","972526374736","972526374736@c.us","נייד ישראלי",0
"עמית אב","058-7466343","972587466343","972587466343@c.us","נייד ישראלי",0
"אורי פטקין","054-4208682","972544208682","972544208682@c.us","נייד ישראלי",0
"עופר רוזנבאום - ניהול משברים","054-4221286","972544221286","972544221286@c.us","נייד ישראלי",0
"אחינועם אחיינית","050-7627277","972507627277","972507627277@c.us","נייד ישראלי",0
"עאקל רביע ברזל ערערה","050-7320458","972507320458","972507320458@c.us","נייד ישראלי",0
"חן שטרנברג","052-4544326","972524544326","972524544326@c.us","נייד ישראלי",0
"עו""ד ירון קוכמן","052-8356888","972528356888","972528356888@c.us","נייד ישראלי",0
"מוהנד - גדרות כביש 6","054-2370178","972542370178","972542370178@c.us","נייד ישראלי",0
"שוש אורוגוואי","052-8588228","972528588228","972528588228@c.us","נייד ישראלי",0
"אמנון שומרון","052-8744960","972528744960","972528744960@c.us","נייד ישראלי",0
"סיגל אג'יליטי","054-6885521","972546885521","972546885521@c.us","נייד ישראלי",0
"הדוד משה","052-2465777","972522465777","972522465777@c.us","נייד ישראלי",0
"אורי צוק בר - משרד החקלאות","050-6241128","972506241128","972506241128@c.us","נייד ישראלי",0
"מתמידים - עירא","050-6273634","972506273634","972506273634@c.us","נייד ישראלי",0
"פיני קציר","052-8929344","972528929344","972528929344@c.us","נייד ישראלי",0
"ד""ר יוגב קאופמן - ויטרינר","050-6242859","972506242859","972506242859@c.us","נייד ישראלי",0
"תמר גור לביא","052-2421418","972522421418","972522421418@c.us","נייד ישראלי",0
"לינה דובאי","971527146971","971527146971","971527146971@c.us","בינלאומי",0
"לאונרדו דוידוביץ","053-5934756","972535934756","972535934756@c.us","נייד ישראלי",0
"שראל חן-טוב ביופרמקס","054-4759788","972544759788","972544759788@c.us","נייד ישראלי",0
"חמודי בית הבשר - באקה","053-4700000","972534700000","972534700000@c.us","נייד ישראלי",0
"דקל עוזר","054-2580987","972542580987","972542580987@c.us","נייד ישראלי",0
"אלי ממן - טכנאי מקרר","052-8525115","972528525115","972528525115@c.us","נייד ישראלי",0
"שרה ברלין","4915226136285","4915226136285","4915226136285@c.us","בינלאומי",0
"גולן ביטון - יוניבו","050-4043513","972504043513","972504043513@c.us","נייד ישראלי",0
"אריאל גרופר - גרין פילדס","054-7760053","972547760053","972547760053@c.us","נייד ישראלי",0
"אייל גושן","052-6109113","972526109113","972526109113@c.us","נייד ישראלי",0
"יוסוף אבן זעילה - קבלן כיסוי חממות","052-6346310","972526346310","972526346310@c.us","נייד ישראלי",0
"רועי מאסטרמיינד","054-3978591","972543978591","972543978591@c.us","נייד ישראלי",0
"רונית בן שושן - יקר","052-3474600","972523474600","972523474600@c.us","נייד ישראלי",0
"מוחמד פארם","050-7202338","972507202338","972507202338@c.us","נייד ישראלי",0
"שרון קומרז - כפר אחים","050-5502358","972505502358","972505502358@c.us","נייד ישראלי",0
"אילן קריזר - פרמה שיא","054-4849055","972544849055","972544849055@c.us","נייד ישראלי",0
"OPEN SEA - השכרת סירות אבוניסוסס","306974952338","306974952338","306974952338@c.us","בינלאומי",0
"אלירן אוחנה הודים","050-3070844","972503070844","972503070844@c.us","נייד ישראלי",0
"שרון אתגר - נול","054-3181835","972543181835","972543181835@c.us","נייד ישראלי",0
"שרון - סמנכ""ל כספים טלאפארמה","054-2277344","972542277344","972542277344@c.us","נייד ישראלי",0
"פטריק הופמן - קנטוראז'","4915201515505","4915201515505","4915201515505@c.us","בינלאומי",0
"יעקב ברמן מפקד מרחב חוף מג""ב","050-6275426","972506275426","972506275426@c.us","נייד ישראלי",0
"יעקב בכר","054-4921664","972544921664","972544921664@c.us","נייד ישראלי",0
"סולי","052-2799004","972522799004","972522799004@c.us","נייד ישראלי",0
"בר קוניוק","051-5448158","972515448158","972515448158@c.us","נייד ישראלי",0
"חיים ג'רבי - מנהל אגף החופים","053-9044202","972539044202","972539044202@c.us","נייד ישראלי",0
"צ. מולי גלמן מ""פם 5030","054-5820016","972545820016","972545820016@c.us","נייד ישראלי",0
"יעל אלרז","18313342080","18313342080","18313342080@c.us","בינלאומי",0
"דביר פרויס - כונן מד""א","058-4003079","972584003079","972584003079@c.us","נייד ישראלי",0
"מתן גל","050-6331744","972506331744","972506331744@c.us","נייד ישראלי",0
"פרופ' רוני גמזו","052-4262000","972524262000","972524262000@c.us","נייד ישראלי",0
"אורי אלהב","052-2656530","972522656530","972522656530@c.us","נייד ישראלי",0
"Vita Verde Cannabis Group זוי","050-5301524","972505301524","972505301524@c.us","נייד ישראלי",0
"יותם פז - בנק לאומי","054-7888046","972547888046","972547888046@c.us","נייד ישראלי",0
"עדיבובה אחיינית","050-7243971","972507243971","972507243971@c.us","נייד ישראלי",0
"אנה וברק","054-3995553","972543995553","972543995553@c.us","נייד ישראלי",0
"סבא קילר","420608733373","420608733373","420608733373@c.us","בינלאומי",0
"מיקה רוט","050-6810833","972506810833","972506810833@c.us","נייד ישראלי",0
"צ. טירן יגן","054-7871887","972547871887","972547871887@c.us","נייד ישראלי",0
"זיו סירות -","052-3422772","972523422772","972523422772@c.us","נייד ישראלי",0
"כאמל אבו שנדי","052-6626867","972526626867","972526626867@c.us","נייד ישראלי",0
"נורית Isra-agri","052-2451092","972522451092","972522451092@c.us","נייד ישראלי",0
"ד""ר אלבירט דניאל - רופא תעופתי","054-4930033","972544930033","972544930033@c.us","נייד ישראלי",0
"איציק סריקת טלפון חוקר","050-5512676","972505512676","972505512676@c.us","נייד ישראלי",0
"ד""ר ילנה ויניק","052-8700516","972528700516","972528700516@c.us","נייד ישראלי",0
"סרור נעמיי - כיסוי חממות","050-6702797","972506702797","972506702797@c.us","נייד ישראלי",0
"שרות לקוחות מבוא שומרון","054-2507436","972542507436","972542507436@c.us","נייד ישראלי",0
"יואל זילברמן -השומר החדש","050-8818208","972508818208","972508818208@c.us","נייד ישראלי",0
"צ. נועה שלישות פלוגה","052-4237326","972524237326","972524237326@c.us","נייד ישראלי",0
"עופר - רב""ש ריחן","050-6440686","972506440686","972506440686@c.us","נייד ישראלי",0
"רסקיו גירלז רסקיו גירלס","050-4448966","972504448966","972504448966@c.us","נייד ישראלי",0
"אורית באחס - בסט קרטון","054-4205450","972544205450","972544205450@c.us","נייד ישראלי",0
"בן עזרי איה","054-4343755","972544343755","972544343755@c.us","נייד ישראלי",0
"ענתי ברנדיס","052-3993858","972523993858","972523993858@c.us","נייד ישראלי",0
"עו""ד אליאור כורם","054-4327653","972544327653","972544327653@c.us","נייד ישראלי",0
"איילון גדיאל - מו""פ ערבה","052-4260561","972524260561","972524260561@c.us","נייד ישראלי",0
"גיא מגדים","054-4464507","972544464507","972544464507@c.us","נייד ישראלי",0
"גדי ישראל פיילוט Adan","052-6890340","972526890340","972526890340@c.us","נייד ישראלי",0
"צ. דוד מגד ילק","050-4560060","972504560060","972504560060@c.us","נייד ישראלי",0
"טוטאל צרה","054-8162886","972548162886","972548162886@c.us","נייד ישראלי",0
"תמוז אפללו - פסיכולוגית","050-6827194","972506827194","972506827194@c.us","נייד ישראלי",0
"ליאונית - מוקד","054-7707205","972547707205","972547707205@c.us","נייד ישראלי",0
"פרמוקן - אייל","054-3363240","972543363240","972543363240@c.us","נייד ישראלי",0
"יוסי חסון - חממות ימקו","050-7922721","972507922721","972507922721@c.us","נייד ישראלי",0
"עמית - פרמדיקית","054-2543979","972542543979","972542543979@c.us","נייד ישראלי",0
"ד""ר שמעון לכט - פורמולטור","055-8893056","972558893056","972558893056@c.us","נייד ישראלי",0
"גבי קריגר - ברזיל","050-7320044","972507320044","972507320044@c.us","נייד ישראלי",0
"בוריס באנאס-בקבוקים","421905853870","421905853870","421905853870@c.us","בינלאומי",0
"יאיר מזגן -","050-7326236","972507326236","972507326236@c.us","נייד ישראלי",0
"Aiden Ziluf","61450377050","61450377050","61450377050@c.us","בינלאומי",0
"ענת כלבים זכרון","054-5244252","972545244252","972545244252@c.us","נייד ישראלי",0
"עו""ד - חגי פונדק","050-6551388","972506551388","972506551388@c.us","נייד ישראלי",0
"סילביה קצלסקי - רסיפארם","054-4785711","972544785711","972544785711@c.us","נייד ישראלי",0
"Shaiשי גרינמד Eisenberg","050-5997173","972505997173","972505997173@c.us","נייד ישראלי",0
"ג'ודי שליו","054-2204140","972542204140","972542204140@c.us","נייד ישראלי",0
"מתמידים - שי כהן","054-6781144","972546781144","972546781144@c.us","נייד ישראלי",0
"מאיה Bol","054-5908808","972545908808","972545908808@c.us","נייד ישראלי",0
"ציון יפרח - קדש ברנע","054-4357183","972544357183","972544357183@c.us","נייד ישראלי",0
"תומר מצליח","055-6621961","972556621961","972556621961@c.us","נייד ישראלי",0
"צ. אושרי עייש","052-7766800","972527766800","972527766800@c.us","נייד ישראלי",0
"עידו מטיס רב""ש משמרות","054-5818184","972545818184","972545818184@c.us","נייד ישראלי",0
"אולי","052-8872339","972528872339","972528872339@c.us","נייד ישראלי",0
"רותם בן","054-3339049","972543339049","972543339049@c.us","נייד ישראלי",0
"אילת סמואל עיצוב שיער ואיפור","054-2343777","972542343777","972542343777@c.us","נייד ישראלי",0
"Agas Holiday Tiberias","053-7617780","972537617780","972537617780@c.us","נייד ישראלי",0
"גידי ארגוב","054-4954493","972544954493","972544954493@c.us","נייד ישראלי",0
"ירון - קנדוק","050-2443078","972502443078","972502443078@c.us","נייד ישראלי",0
"גיא בן של מורן","053-7244232","972537244232","972537244232@c.us","נייד ישראלי",0
"אלי חשמלאי","054-4988916","972544988916","972544988916@c.us","נייד ישראלי",0
"רסמי - רצף","050-5591776","972505591776","972505591776@c.us","נייד ישראלי",0
"גל ניר","052-3234873","972523234873","972523234873@c.us","נייד ישראלי",0
"ד""ר מוחמד יחיא","052-3664180","972523664180","972523664180@c.us","נייד ישראלי",0
"שלומי בכר","054-2310415","972542310415","972542310415@c.us","נייד ישראלי",0
"רחפת חדש","14236173697","14236173697","14236173697@c.us","בינלאומי",0
"קורל - קישור אוגדה 36","052-4320024","972524320024","972524320024@c.us","נייד ישראלי",0
"נסים - נגררי אבו מוך","050-3677774","972503677774","972503677774@c.us","נייד ישראלי",0
"ניר רמתי","054-6651092","972546651092","972546651092@c.us","נייד ישראלי",0
"הרשות למלחמה בסמים - יאיר גלר","050-5686606","972505686606","972505686606@c.us","נייד ישראלי",0
"ארז שניאור","27837002398","27837002398","27837002398@c.us","בינלאומי",0
"עמית שמעוני","052-3331885","972523331885","972523331885@c.us","נייד ישראלי",0
"מורן מלכה","055-9591105","972559591105","972559591105@c.us","נייד ישראלי",0
"איתי זיגדון ק. אגם מלי","052-9254165","972529254165","972529254165@c.us","נייד ישראלי",0
"דידי","052-5012111","972525012111","972525012111@c.us","נייד ישראלי",0
"ענבל מענית","052-2782098","972522782098","972522782098@c.us","נייד ישראלי",0
"אביאלי - רב""ש לפידות","052-3868536","972523868536","972523868536@c.us","נייד ישראלי",0
"אח של איתמר בן גביר פרטי","050-5749344","972505749344","972505749344@c.us","נייד ישראלי",0
"יואב נתניה","054-5816644","972545816644","972545816644@c.us","נייד ישראלי",0
"יעל 🐶 איתי (כלבים)","053-2420835","972532420835","972532420835@c.us","נייד ישראלי",0
"ארי זוז","052-3849226","972523849226","972523849226@c.us","נייד ישראלי",0
"ארטור פילקביץ","054-8015632","972548015632","972548015632@c.us","נייד ישראלי",0
"לנקה מדברת","420603142024","420603142024","420603142024@c.us","בינלאומי",0
"אסף ברוש","054-2491959","972542491959","972542491959@c.us","נייד ישראלי",0
"פארמה ווטסאפ","054-4846586","972544846586","972544846586@c.us","נייד ישראלי",0
"גיא חיים פיתוח עיסקי תיקון עולם","054-5892528","972545892528","972545892528@c.us","נייד ישראלי",0
"מיטל דיין -גזפרו","052-6066007","972526066007","972526066007@c.us","נייד ישראלי",0
"רקפת קנוניץ","050-8688851","972508688851","972508688851@c.us","נייד ישראלי",0
"ד""ר דודי קניגסבוך","050-6220601","972506220601","972506220601@c.us","נייד ישראלי",0
"יהודית סולטן - אמלוג'יק","050-5283228","972505283228","972505283228@c.us","נייד ישראלי",0
"הכלבה זיני","053-5299579","972535299579","972535299579@c.us","נייד ישראלי",0
"נעמה פרידמן","054-9996079","972549996079","972549996079@c.us","נייד ישראלי",0
"מירב הדיירת","054-5670481","972545670481","972545670481@c.us","נייד ישראלי",0
"גבי לסקי","054-4418988","972544418988","972544418988@c.us","נייד ישראלי",0
"מוחמד מלחם קנפה","054-3834555","972543834555","972543834555@c.us","נייד ישראלי",0
"אלי אוחנה - הודים","052-5306120","972525306120","972525306120@c.us","נייד ישראלי",0
"ניצן סולאן","052-3834583","972523834583","972523834583@c.us","נייד ישראלי",0
"ענבל קר","052-9514466","972529514466","972529514466@c.us","נייד ישראלי",0
"תומר פוקס","050-2443350","972502443350","972502443350@c.us","נייד ישראלי",0
"צ. שיר - 448","054-2533105","972542533105","972542533105@c.us","נייד ישראלי",0
"שי אשל מדריך טיסה","054-4474121","972544474121","972544474121@c.us","נייד ישראלי",0
"David Mkd","054-2551551","972542551551","972542551551@c.us","נייד ישראלי",0
"בית מרקחת דר K ריבה","050-8765699","972508765699","972508765699@c.us","נייד ישראלי",0
"עידו בלאנק","052-3352306","972523352306","972523352306@c.us","נייד ישראלי",0
"אלי - מרכז משק כישור","052-7277723","972527277723","972527277723@c.us","נייד ישראלי",0
"צ. אור בן מלך","052-4256858","972524256858","972524256858@c.us","נייד ישראלי",0
"רז וינצי","054-6546122","972546546122","972546546122@c.us","נייד ישראלי",0
"ליאת - שלם","054-6702801","972546702801","972546702801@c.us","נייד ישראלי",0
"איציק בן עמי","052-3347667","972523347667","972523347667@c.us","נייד ישראלי",0
"עדה גלובוס","054-2090325","972542090325","972542090325@c.us","נייד ישראלי",0
"מגלי","052-2971647","972522971647","972522971647@c.us","נייד ישראלי",0
"ברק בית ביקאן","054-2668558","972542668558","972542668558@c.us","נייד ישראלי",0
"Yifat Leshem. יפעת לשם הכלבה גיני","054-4466904","972544466904","972544466904@c.us","נייד ישראלי",0
"שיר ג'רבי","054-6516090","972546516090","972546516090@c.us","נייד ישראלי",0
"תהילה עופר","052-3635937","972523635937","972523635937@c.us","נייד ישראלי",0
"צ דור גולצין","054-5514703","972545514703","972545514703@c.us","נייד ישראלי",0
"עופר ליברמן ניר עם","050-5666700","972505666700","972505666700@c.us","נייד ישראלי",0
"ברניסלאב גאל - NATO","420603252613","420603252613","420603252613@c.us","בינלאומי",0
"רן כץ","052-6587119","972526587119","972526587119@c.us","נייד ישראלי",0
"צ טיבי ברימו","050-2929673","972502929673","972502929673@c.us","נייד ישראלי",0
"דני גל","053-2319690","972532319690","972532319690@c.us","נייד ישראלי",0
"Madona Hovel","054-8884277","972548884277","972548884277@c.us","נייד ישראלי",0
"ד""ר ראשד קשקוש - כאב","052-8263086","972528263086","972528263086@c.us","נייד ישראלי",0
"מיכל","052-7482083","972527482083","972527482083@c.us","נייד ישראלי",0
"רוי אקדמיה לתעופה בטוזלה(חדש)","40774973828","40774973828","40774973828@c.us","בינלאומי",0
"זהר ברקאי","050-5500174","972505500174","972505500174@c.us","נייד ישראלי",0
"נדב לוגסי","052-8200434","972528200434","972528200434@c.us","נייד ישראלי",0
"פרדי שביב","054-3001030","972543001030","972543001030@c.us","נייד ישראלי",0
"דינה","050-9004967","972509004967","972509004967@c.us","נייד ישראלי",0
"אריק קלייר","052-3095479","972523095479","972523095479@c.us","נייד ישראלי",0
"דן לוינסון חוקר סייבר פורס מגור","050-7419943","972507419943","972507419943@c.us","נייד ישראלי",0
"ארז מייט","054-7000064","972547000064","972547000064@c.us","נייד ישראלי",0
"דומיניק טייס מסוק בלגיה","32474233611","32474233611","32474233611@c.us","בינלאומי",0
"צ. דניאל ווילאמס","054-5521732","972545521732","972545521732@c.us","נייד ישראלי",0
"אבי רייק","052-6944496","972526944496","972526944496@c.us","נייד ישראלי",0
"ננו - פורטוגל","351917943206","351917943206","351917943206@c.us","בינלאומי",0
"נועם","052-6172324","972526172324","972526172324@c.us","נייד ישראלי",0
"הרב מויאל","19175968737","19175968737","19175968737@c.us","בינלאומי",0
"יגאל להב","054-9400111","972549400111","972549400111@c.us","נייד ישראלי",0
"דב פוליבה","054-4646055","972544646055","972544646055@c.us","נייד ישראלי",0
"קנה קורסה","054-4525088","972544525088","972544525088@c.us","נייד ישראלי",0
"פלסטוקליר - ענבר","054-3616686","972543616686","972543616686@c.us","נייד ישראלי",0
"עו""ד דובי זלוטק","052-4000222","972524000222","972524000222@c.us","נייד ישראלי",0
"Ronnie - Chocolate","34608996717","34608996717","34608996717@c.us","בינלאומי",0
"איתן מזכיר כפר פינס","050-5694165","972505694165","972505694165@c.us","נייד ישראלי",0
"צ. איתי גזית מפקד ניוד 228","052-4879987","972524879987","972524879987@c.us","נייד ישראלי",0
"עו'ד רמי קסלר","054-2000563","972542000563","972542000563@c.us","נייד ישראלי",0
"אבנר איריס","054-5588835","972545588835","972545588835@c.us","נייד ישראלי",0
"יהודה - כימוטל","050-3112105","972503112105","972503112105@c.us","נייד ישראלי",0
"טובל קמבצית בא""ח גולני","052-5255977","972525255977","972525255977@c.us","נייד ישראלי",0
"כמאל מואסי - אשכול ירקות","050-2256200","972502256200","972502256200@c.us","נייד ישראלי",0
"Amos Sivan","054-9033265","972549033265","972549033265@c.us","נייד ישראלי",0
"שמואל סבן","054-5607252","972545607252","972545607252@c.us","נייד ישראלי",0
"עדיגביי","050-9459863","972509459863","972509459863@c.us","נייד ישראלי",0
"שרה קליפורניה","13107048376","13107048376","13107048376@c.us","בינלאומי",0
"מהגן הלן","052-6855549","972526855549","972526855549@c.us","נייד ישראלי",0
"מישל מעגן מיכאל","054-5500917","972545500917","972545500917@c.us","נייד ישראלי",0
"דרור איתי","052-6199995","972526199995","972526199995@c.us","נייד ישראלי",0
"כרמל גלובה - כיסויים","054-4600037","972544600037","972544600037@c.us","נייד ישראלי",0
"בן אברהם - בטחון","050-5618300","972505618300","972505618300@c.us","נייד ישראלי",0
"ירון ברגר","052-9558150","972529558150","972529558150@c.us","נייד ישראלי",0
"איל ברק","054-4905348","972544905348","972544905348@c.us","נייד ישראלי",0
"Stephan","491738970923","491738970923","491738970923@c.us","בינלאומי",0
"עינבל ניצה","054-2533119","972542533119","972542533119@c.us","נייד ישראלי",0
"שוכר - דב מלמעלה","052-4706326","972524706326","972524706326@c.us","נייד ישראלי",0
"אבינועם ספיר","054-8884130","972548884130","972548884130@c.us","נייד ישראלי",0
"בר אלמוג","050-7171576","972507171576","972507171576@c.us","נייד ישראלי",0
"איריס הרפז","052-3766033","972523766033","972523766033@c.us","נייד ישראלי",0
"שאול דואק חימום רצפתי","054-6242405","972546242405","972546242405@c.us","נייד ישראלי",0
"ענטיסות","052-6831171","972526831171","972526831171@c.us","נייד ישראלי",0
"נועם הס","052-5470500","972525470500","972525470500@c.us","נייד ישראלי",0
"קידמה - אלכס טכנאי","054-2277326","972542277326","972542277326@c.us","נייד ישראלי",0
"דן בכר - EY","052-3280448","972523280448","972523280448@c.us","נייד ישראלי",0
"Aviv C טלפארמה","050-2277683","972502277683","972502277683@c.us","נייד ישראלי",0
"דודי פרידמן","050-2028025","972502028025","972502028025@c.us","נייד ישראלי",0
"תמיר דניאל מעצב גרפי","054-6613375","972546613375","972546613375@c.us","נייד ישראלי",0
"צ. אלון מאירי אלוג 98","052-8549784","972528549784","972528549784@c.us","נייד ישראלי",0
"עמית אושרי","054-5654585","972545654585","972545654585@c.us","נייד ישראלי",0
"פאם הודים","052-2699088","972522699088","972522699088@c.us","נייד ישראלי",0
"אסף ווזנר","054-2181845","972542181845","972542181845@c.us","נייד ישראלי",0
"נועם שרף","054-5786773","972545786773","972545786773@c.us","נייד ישראלי",0
"דור פלנטק","052-8689732","972528689732","972528689732@c.us","נייד ישראלי",0
"חופית טבע","054-4632834","972544632834","972544632834@c.us","נייד ישראלי",0
"עמוס מיכאל","052-8698135","972528698135","972528698135@c.us","נייד ישראלי",0
"מייקל רינה","052-6576670","972526576670","972526576670@c.us","נייד ישראלי",0
"צ. גיא ציון","054-8808021","972548808021","972548808021@c.us","נייד ישראלי",0
"רינת - פורוס","052-2317151","972522317151","972522317151@c.us","נייד ישראלי",0
"אסף נתיב","050-5886221","972505886221","972505886221@c.us","נייד ישראלי",0
"גל סנופ","052-8545077","972528545077","972528545077@c.us","נייד ישראלי",0
"אוהד תאורן","054-4441045","972544441045","972544441045@c.us","נייד ישראלי",0
"עומר","054-9000787","972549000787","972549000787@c.us","נייד ישראלי",0
"לאה מצליח","052-8225520","972528225520","972528225520@c.us","נייד ישראלי",0
"ניצן אתיופיה","052-3666306","972523666306","972523666306@c.us","נייד ישראלי",0
"ויקטור פרומודיאוס","420602511098","420602511098","420602511098@c.us","בינלאומי",0
"מתמידים - דורון כצמן","054-2445426","972542445426","972542445426@c.us","נייד ישראלי",0
"אלכס גוחבט קב""ט מוס""ח פרדס חנה","050-9350505","972509350505","972509350505@c.us","נייד ישראלי",0
"יהלי","052-5606827","972525606827","972525606827@c.us","נייד ישראלי",0
"אביב קדישאי","052-3251110","972523251110","972523251110@c.us","נייד ישראלי",0
"תומר ספנוב","054-6786321","972546786321","972546786321@c.us","נייד ישראלי",0
"דנה הוד מורה לתיאוריה טיס","050-4432115","972504432115","972504432115@c.us","נייד ישראלי",0
"אור המזווה","052-8447299","972528447299","972528447299@c.us","נייד ישראלי",0
"דור חיות","052-4630022","972524630022","972524630022@c.us","נייד ישראלי",0
"ניר יוסי","050-6000063","972506000063","972506000063@c.us","נייד ישראלי",0
"משטרה - אבשלום כתריאל","050-5069323","972505069323","972505069323@c.us","נייד ישראלי",0
"עמוס פדלון","052-8275239","972528275239","972528275239@c.us","נייד ישראלי",0
"עמאר - פחח ברטעה","050-3766806","972503766806","972503766806@c.us","נייד ישראלי",0
"עוז בן צבי","052-3001117","972523001117","972523001117@c.us","נייד ישראלי",0
"Sharon Zotapay","054-2121877","972542121877","972542121877@c.us","נייד ישראלי",0
"אירית צ'אי","050-6455181","972506455181","972506455181@c.us","נייד ישראלי",0
"רז שטיבלמן","051-5042907","972515042907","972515042907@c.us","נייד ישראלי",0
"צ. צליל פדאל שלישה אבשלום","054-2488588","972542488588","972542488588@c.us","נייד ישראלי",0
"Patricia RODRIGUEZ","59899526685","59899526685","59899526685@c.us","בינלאומי",0
"🧘🏼‍♂️🕊️😍🏀❤️ Zack","058-6464843","972586464843","972586464843@c.us","נייד ישראלי",0
"עדי חשמלאי","052-8068945","972528068945","972528068945@c.us","נייד ישראלי",0
"ישראל שי","054-6691606","972546691606","972546691606@c.us","נייד ישראלי",0
"ג׳אסן - כיסוי חממות","052-4244401","972524244401","972524244401@c.us","נייד ישראלי",0
"מיה - שוכרת אולגה דירה אחורית","054-7418468","972547418468","972547418468@c.us","נייד ישראלי",0
"Romeo","19012924934","19012924934","19012924934@c.us","בינלאומי",0
"צחי גורדון","054-6775414","972546775414","972546775414@c.us","נייד ישראלי",0
"מור זאבא - EY","052-3489509","972523489509","972523489509@c.us","נייד ישראלי",0
"שרית זכרון מהסוניה","052-5607858","972525607858","972525607858@c.us","נייד ישראלי",0
"הילל פלוס","052-4686219","972524686219","972524686219@c.us","נייד ישראלי",0
"פרמודה","052-6006262","972526006262","972526006262@c.us","נייד ישראלי",0
"מגם בטיחות - שימעון","050-2098083","972502098083","972502098083@c.us","נייד ישראלי",0
"Mali Cohen 🦄","050-4050576","972504050576","972504050576@c.us","נייד ישראלי",0
"קרן איסתא","052-5950919","972525950919","972525950919@c.us","נייד ישראלי",0
"ליאת לביא הכלבים ניקי וברונו","054-5906348","972545906348","972545906348@c.us","נייד ישראלי",0
"חן לבני","052-9208033","972529208033","972529208033@c.us","נייד ישראלי",0
"אלי ISO","050-5352833","972505352833","972505352833@c.us","נייד ישראלי",0
"יוליה רון","052-4266460","972524266460","972524266460@c.us","נייד ישראלי",0
"מונטרי","058-5565758","972585565758","972585565758@c.us","נייד ישראלי",0
"שלמה גל","050-5233006","972505233006","972505233006@c.us","נייד ישראלי",0
"איתן גנץ","19712276214","19712276214","19712276214@c.us","בינלאומי",0
"מתן אביגד","052-4260214","972524260214","972524260214@c.us","נייד ישראלי",0
"מג״ב - אבי שוורצברג","050-6273790","972506273790","972506273790@c.us","נייד ישראלי",0
"אבישי זלוטניק - פרומדיקו","054-6765899","972546765899","972546765899@c.us","נייד ישראלי",0
"צביקה ונואטו","66921156945","66921156945","66921156945@c.us","בינלאומי",0
"מג'די - כב""א","054-5475389","972545475389","972545475389@c.us","נייד ישראלי",0
"מוני","052-5551686","972525551686","972525551686@c.us","נייד ישראלי",0
"דוד פאפו","050-8166661","972508166661","972508166661@c.us","נייד ישראלי",0
"מיקי מרטון משחה","050-4375374","972504375374","972504375374@c.us","נייד ישראלי",0
"קשר ימי מחסן","054-2058500","972542058500","972542058500@c.us","נייד ישראלי",0
"Eran ערן �","052-4692929","972524692929","972524692929@c.us","נייד ישראלי",0
"איתי אבנית","050-9235766","972509235766","972509235766@c.us","נייד ישראלי",0
"דלק פורוס 2","306972609833","306972609833","306972609833@c.us","בינלאומי",0
"אמין פארס","050-5715726","972505715726","972505715726@c.us","נייד ישראלי",0
"אייל מישורי","052-3337175","972523337175","972523337175@c.us","נייד ישראלי",0
"אופק זיתוני - של רותם","052-6876492","972526876492","972526876492@c.us","נייד ישראלי",0
"מען מסלחה - קב""ט כפר קרע","054-7654328","972547654328","972547654328@c.us","נייד ישראלי",0
"יעל גירון","050-8820167","972508820167","972508820167@c.us","נייד ישראלי",0
"גולדה","054-9807696","972549807696","972549807696@c.us","נייד ישראלי",0
"דיכטר","054-4921083","972544921083","972544921083@c.us","נייד ישראלי",0
"ד""ר דן דבורסקין","052-3580004","972523580004","972523580004@c.us","נייד ישראלי",0
"מירב דהרי","054-7849767","972547849767","972547849767@c.us","נייד ישראלי",0
"יריב מאיר שלי","050-8446482","972508446482","972508446482@c.us","נייד ישראלי",0
"שי כץ - עין עירון","052-4830015","972524830015","972524830015@c.us","נייד ישראלי",0
"שלום - כונן מד״א","052-8504093","972528504093","972528504093@c.us","נייד ישראלי",0
"עו""ד יוסי גמזו","052-2242517","972522242517","972522242517@c.us","נייד ישראלי",0
"שלי","052-3871676","972523871676","972523871676@c.us","נייד ישראלי",0
"עידן צאצי","050-7373430","972507373430","972507373430@c.us","נייד ישראלי",0
"אורה חיים","050-6207398","972506207398","972506207398@c.us","נייד ישראלי",0
"גינגית","050-7765000","972507765000","972507765000@c.us","נייד ישראלי",0
"שלמה דעבול חשמלאי אולגה","052-3214429","972523214429","972523214429@c.us","נייד ישראלי",0
"תומאש בוייאר צכיה","420603458699","420603458699","420603458699@c.us","בינלאומי",0
"שגיא תבור","054-9714341","972549714341","972549714341@c.us","נייד ישראלי",0
"משה מילר - בניה","052-2243257","972522243257","972522243257@c.us","נייד ישראלי",0
"עוזי מנכ״ל הדואר","054-2260818","972542260818","972542260818@c.us","נייד ישראלי",0
"צ. בועז שמבק","050-7534276","972507534276","972507534276@c.us","נייד ישראלי",0
"יואב אבן","052-2941434","972522941434","972522941434@c.us","נייד ישראלי",0
"אלי אליעזר עמסלם - קב""ט מעלה יוסף","050-9806258","972509806258","972509806258@c.us","נייד ישראלי",0
"צ צבי מפעיל","052-7203049","972527203049","972527203049@c.us","נייד ישראלי",0
"מיכאל דפוס","053-4359460","972534359460","972534359460@c.us","נייד ישראלי",0
"טלי מיאמי","19548221118","19548221118","19548221118@c.us","בינלאומי",0
"רונית א","050-5407690","972505407690","972505407690@c.us","נייד ישראלי",0
"יועד ברק","050-9370077","972509370077","972509370077@c.us","נייד ישראלי",0
"יגאל דהרי","050-5582255","972505582255","972505582255@c.us","נייד ישראלי",0
"שמעון גואטה מ. א. מעלה יוסף","050-5343347","972505343347","972505343347@c.us","נייד ישראלי",0
"דון שוא - - - רוטוראיקס","13107013659","13107013659","13107013659@c.us","בינלאומי",0
"עמית וואלה טורס","054-4354128","972544354128","972544354128@c.us","נייד ישראלי",0
"נדב גיל - חשמלאי","052-4389734","972524389734","972524389734@c.us","נייד ישראלי",0
"ים - אמביל","050-7930003","972507930003","972507930003@c.us","נייד ישראלי",0
"Yifat Amar","054-2473536","972542473536","972542473536@c.us","נייד ישראלי",0
"דהרי שי","054-6565605","972546565605","972546565605@c.us","נייד ישראלי",0
"דלק פורוס","306944751825","306944751825","306944751825@c.us","בינלאומי",0
"זאבי שובל אחים וטעים","054-5488882","972545488882","972545488882@c.us","נייד ישראלי",0
"אלמוג פרנסין","050-2885517","972502885517","972502885517@c.us","נייד ישראלי",0
"ספי אפל - מועצה אזורית מנשה","054-2482211","972542482211","972542482211@c.us","נייד ישראלי",0
"אליס שיח","058-6060545","972586060545","972586060545@c.us","נייד ישראלי",0
"פולריס ניצני עוז - רפי","052-2947849","972522947849","972522947849@c.us","נייד ישראלי",0
"עדן של שמחה","052-5601236","972525601236","972525601236@c.us","נייד ישראלי",0
"לירן רכז כדורסל","052-6908309","972526908309","972526908309@c.us","נייד ישראלי",0
"זאב כביסה","050-5245038","972505245038","972505245038@c.us","נייד ישראלי",0
"שמוליק אחינועם","050-6277960","972506277960","972506277960@c.us","נייד ישראלי",0
"דר אסף","052-4572453","972524572453","972524572453@c.us","נייד ישראלי",0
"האני ק. אג״מ משטרת זכרון יעקב","050-5064862","972505064862","972505064862@c.us","נייד ישראלי",0
"דודמוסך","050-7707551","972507707551","972507707551@c.us","נייד ישראלי",0
"לירון","052-9527494","972529527494","972529527494@c.us","נייד ישראלי",0
"יוסי אנג'ל - פורטוגל","052-8875083","972528875083","972528875083@c.us","נייד ישראלי",0
"טארק - כוכב עירון שמירה","052-6181390","972526181390","972526181390@c.us","נייד ישראלי",0
"מתמידים - אדוארד לב","054-2994915","972542994915","972542994915@c.us","נייד ישראלי",0
"אנדריי גולן - מערכת חיטוי","052-3225556","972523225556","972523225556@c.us","נייד ישראלי",0
"קובי סוריאנו","052-6093017","972526093017","972526093017@c.us","נייד ישראלי",0
"נעם גילי זולה","050-6880282","972506880282","972506880282@c.us","נייד ישראלי",0
"רוית חסון","050-9846919","972509846919","972509846919@c.us","נייד ישראלי",0
"שמעון ארנט קופות ממוחשבות","052-7623177","972527623177","972527623177@c.us","נייד ישראלי",0
"ליאור קנדוק הרצלייה","052-3165557","972523165557","972523165557@c.us","נייד ישראלי",0
"גאיה אלירן","052-7330845","972527330845","972527330845@c.us","נייד ישראלי",0
"מקסים - ברכות שחיה אינפיניטי","050-4340271","972504340271","972504340271@c.us","נייד ישראלי",0
"רחל קליין","052-8934221","972528934221","972528934221@c.us","נייד ישראלי",0
"לוקאש ביהאל - קנאפסט","420604234546","420604234546","420604234546@c.us","בינלאומי",0
"גדעון זלינגר - מגייס","052-2552200","972522552200","972522552200@c.us","נייד ישראלי",0
"הדס ג'רבי","050-4887044","972504887044","972504887044@c.us","נייד ישראלי",0
"גלית בן דוד קוים חברה של רוני שמוליק","052-4806262","972524806262","972524806262@c.us","נייד ישראלי",0
"ריקרדו סנטוס - - ביק","351919314683","351919314683","351919314683@c.us","בינלאומי",0
"רותם יעקב - אדריכלית","052-8982812","972528982812","972528982812@c.us","נייד ישראלי",0
"לימור צרור","050-5924430","972505924430","972505924430@c.us","נייד ישראלי",0
"מוטי קאמרי","050-7345362","972507345362","972507345362@c.us","נייד ישראלי",0
"Sofie Danieliסופי הכלב במבה גולדן לא מסורס","054-4826870","972544826870","972544826870@c.us","נייד ישראלי",0
"צליל רכש לאו� פארם","054-3341112","972543341112","972543341112@c.us","נייד ישראלי",0
"ערן - מפקד שיטור ימי חיפה","050-6273247","972506273247","972506273247@c.us","נייד ישראלי",0
"דין ליאון","050-6767670","972506767670","972506767670@c.us","נייד ישראלי",0
"Rudi Macadonia","41796597387","41796597387","41796597387@c.us","בינלאומי",0
"אריאל - צוללים צפון","053-3386811","972533386811","972533386811@c.us","נייד ישראלי",0
"Meir Balaish שאול קיי","052-4287722","972524287722","972524287722@c.us","נייד ישראלי",0
"יואב בירנברג","052-5558183","972525558183","972525558183@c.us","נייד ישראלי",0
"גיא אמירם","052-8853393","972528853393","972528853393@c.us","נייד ישראלי",0
"Mermade קטיה סלובניה","38670231082","38670231082","38670231082@c.us","בינלאומי",0
"שלומי זכאי מנהל כספים סיטרין גלובל","052-4591701","972524591701","972524591701@c.us","נייד ישראלי",0
"רמי סיאול","13109876670","13109876670","13109876670@c.us","בינלאומי",0
"מתן מוראד - יחל""צ","050-5319907","972505319907","972505319907@c.us","נייד ישראלי",0
"איריס גמרו - מלטה","050-7246938","972507246938","972507246938@c.us","נייד ישראלי",0
"ישראל מיכאלי","050-8507901","972508507901","972508507901@c.us","נייד ישראלי",0
"צ. ליאור מפ״מ תנשמת","050-5388705","972505388705","972505388705@c.us","נייד ישראלי",0
"צייד - פיליפ","054-2020377","972542020377","972542020377@c.us","נייד ישראלי",0
"Or Yohanan אור יוחנן","050-3604604","972503604604","972503604604@c.us","נייד ישראלי",0
"טניה תאילנדית","054-6505562","972546505562","972546505562@c.us","נייד ישראלי",0
"שלום עוז (עוזיאל) - מפקחי מטווח","052-2604319","972522604319","972522604319@c.us","נייד ישראלי",0
"אבי תורג'מן - מוריה","050-5447447","972505447447","972505447447@c.us","נייד ישראלי",0
"ערן בלאיש - מפקח חברת חשמל","052-3997784","972523997784","972523997784@c.us","נייד ישראלי",0
"מירי שר","050-4379970","972504379970","972504379970@c.us","נייד ישראלי",0
"אורטל סקובלינסקי - ייבוא וייצוא יק""ר","052-6600087","972526600087","972526600087@c.us","נייד ישראלי",0
"שרון אביטל - פנקסיה","050-9058991","972509058991","972509058991@c.us","נייד ישראלי",0
"נמרוד דלתות","054-5644732","972545644732","972545644732@c.us","נייד ישראלי",0
"ofek eurodrive יורו דרייב","054-2270366","972542270366","972542270366@c.us","נייד ישראלי",0
"שיש התאומים - עבד","050-3320184","972503320184","972503320184@c.us","נייד ישראלי",0
"דדנברג עמי","052-6784678","972526784678","972526784678@c.us","נייד ישראלי",0
"סימון טויוטה","052-3257467","972523257467","972523257467@c.us","נייד ישראלי",0
"סער יחזקאל מנהל מכירות","052-2802401","972522802401","972522802401@c.us","נייד ישראלי",0
"אילה לוי - פיקוד העורף","052-3638363","972523638363","972523638363@c.us","נייד ישראלי",0
"אייל ליפשיץ בן בטחון","050-5444433","972505444433","972505444433@c.us","נייד ישראלי",0
"ריקי שחר QC","054-8883644","972548883644","972548883644@c.us","נייד ישראלי",0
"אירית פרודנהיים","054-6875911","972546875911","972546875911@c.us","נייד ישראלי",0
"David Sack","054-7354733","972547354733","972547354733@c.us","נייד ישראלי",0
"נסי תאורן","054-7730182","972547730182","972547730182@c.us","נייד ישראלי",0
"אליאס מומי","054-5740000","972545740000","972545740000@c.us","נייד ישראלי",0
"ימס מבצעי","054-8770337","972548770337","972548770337@c.us","נייד ישראלי",0
"עידן אלמליח","052-6799009","972526799009","972526799009@c.us","נייד ישראלי",0
"ד""ר עופר חן","052-3799280","972523799280","972523799280@c.us","נייד ישראלי",0
"איתי ברק הבן של רון","052-5156974","972525156974","972525156974@c.us","נייד ישראלי",0
"AM Systems - מחשבים כפר פינס","0776092140","972776092140","972776092140@c.us","קווי ישראלי",0
"ענת פיטוסי פרחי","052-2798365","972522798365","972522798365@c.us","נייד ישראלי",0
"אסנת פיליפ","054-8885013","972548885013","972548885013@c.us","נייד ישראלי",0
"גיורא דור","052-8397198","972528397198","972528397198@c.us","נייד ישראלי",0
"אופיר מזגנים","050-4317298","972504317298","972504317298@c.us","נייד ישראלי",0
"בבאי","052-3417062","972523417062","972523417062@c.us","נייד ישראלי",0
"זאב רבינוביץ - הארנב הלבן","054-4501821","972544501821","972544501821@c.us","נייד ישראלי",0
"קורל","050-8535654","972508535654","972508535654@c.us","נייד ישראלי",0
"אביה גב","052-2528434","972522528434","972522528434@c.us","נייד ישראלי",0
"N.P - Be Healthy 💚אדיר לירון","054-2491316","972542491316","972542491316@c.us","נייד ישראלי",0
"עודד דסאו","050-3355779","972503355779","972503355779@c.us","נייד ישראלי",0
"רון מלניק - קריטילוג","052-5010360","972525010360","972525010360@c.us","נייד ישראלי",0
"אדוה גולדברג","050-7644593","972507644593","972507644593@c.us","נייד ישראלי",0
"דנה שאיפה","054-6728674","972546728674","972546728674@c.us","נייד ישראלי",0
"אלון בגדדי - ביופארמקס","050-9480115","972509480115","972509480115@c.us","נייד ישראלי",0
"טכנאי מכונות כביסה","052-6211415","972526211415","972526211415@c.us","נייד ישראלי",0
"Yohanan Danino","050-5612666","972505612666","972505612666@c.us","נייד ישראלי",0
"קליגר איתן","919822318449","919822318449","919822318449@c.us","בינלאומי",0
"ניקול מילאני","053-9280730","972539280730","972539280730@c.us","נייד ישראלי",0
"מרעי שייש","052-3021199","972523021199","972523021199@c.us","נייד ישראלי",0
"בועז פלג - תל אביב הליקופטר","052-8825444","972528825444","972528825444@c.us","נייד ישראלי",0
"Manny פורטוגל","31655978896","31655978896","31655978896@c.us","בינלאומי",0
"יונתן בית","054-3935814","972543935814","972543935814@c.us","נייד ישראלי",0
"ניר ברק בן של רון","052-6165444","972526165444","972526165444@c.us","נייד ישראלי",0
"פאולו האקדמיה לכלבים","054-2562801","972542562801","972542562801@c.us","נייד ישראלי",0
"DMC מרכז רפואי לטיפול בסכרת","054-7736727","972547736727","972547736727@c.us","נייד ישראלי",0
"עמית מנחמי מיסטר פיקס","054-6996774","972546996774","972546996774@c.us","נייד ישראלי",0
"רונן אבשלום פייבוקס","050-3316825","972503316825","972503316825@c.us","נייד ישראלי",0
"איתן טל","050-6590948","972506590948","972506590948@c.us","נייד ישראלי",0
"תומר נהג","052-5706327","972525706327","972525706327@c.us","נייד ישראלי",0
"סילביו בריל","052-4266133","972524266133","972524266133@c.us","נייד ישראלי",0
"לא לענות עורך דין שי אוכמן","054-5358923","972545358923","972545358923@c.us","נייד ישראלי",0
"שי חרמש","050-5211919","972505211919","972505211919@c.us","נייד ישראלי",0
"נתנאל - נגד אבטחה מל""י","053-3317371","972533317371","972533317371@c.us","נייד ישראלי",0
"מתן מקדימה רועה גרמני","052-7039004","972527039004","972527039004@c.us","נייד ישראלי",0
"רות בן ספיר","054-6350036","972546350036","972546350036@c.us","נייד ישראלי",0
"מסעוד - מורה נהיגה למשאית","050-3008991","972503008991","972503008991@c.us","נייד ישראלי",0
"ניר פרידמן","054-4590633","972544590633","972544590633@c.us","נייד ישראלי",0
"אמיר ביבי - Be","052-3645881","972523645881","972523645881@c.us","נייד ישראלי",0
"ציון זינגר. כאב","050-5201222","972505201222","972505201222@c.us","נייד ישראלי",0
"יעל בס","052-5286747","972525286747","972525286747@c.us","נייד ישראלי",0
"אבנר חווה","052-3578812","972523578812","972523578812@c.us","נייד ישראלי",0
"אורה אלהרר סופר","052-2266875","972522266875","972522266875@c.us","נייד ישראלי",0
"אלירן - גת","054-6790709","972546790709","972546790709@c.us","נייד ישראלי",0
"נהג נ","052-4044047","972524044047","972524044047@c.us","נייד ישראלי",0
"שון טילריי","420776012709","420776012709","420776012709@c.us","בינלאומי",0
"קוסטה סוזב - מנהל מרחב איו""ש נתיבי ישראל","052-9283554","972529283554","972529283554@c.us","נייד ישראלי",0
"מרכוס - רואה חשבון יוון","306980729314","306980729314","306980729314@c.us","בינלאומי",0
"אורי תובל עציוני ניהול השקעות","054-6824819","972546824819","972546824819@c.us","נייד ישראלי",0
"איש שטח וואטסאפ","058-6126463","972586126463","972586126463@c.us","נייד ישראלי",0
"מאיה קיטסקי - אגף שפ""ע","050-7500992","972507500992","972507500992@c.us","נייד ישראלי",0
"אלי קאזום","31646844444","31646844444","31646844444@c.us","בינלאומי",0
"Gali קיבוץ מצר","054-3837791","972543837791","972543837791@c.us","נייד ישראלי",0
"עדי זקן אביזרים","052-5519055","972525519055","972525519055@c.us","נייד ישראלי",0
"תומר כהן - מהנדס האתר","052-9555930","972529555930","972529555930@c.us","נייד ישראלי",0
"צלי גרינברג","050-2292921","972502292921","972502292921@c.us","נייד ישראלי",0
"אורי שוהם","050-6230242","972506230242","972506230242@c.us","נייד ישראלי",0
"רוני השפיצית","050-6822685","972506822685","972506822685@c.us","נייד ישראלי",0
"יפעת הת","052-8388283","972528388283","972528388283@c.us","נייד ישראלי",0
"יובל דיין","052-8221166","972528221166","972528221166@c.us","נייד ישראלי",0
"יובל גוטמן עריכת וידיאו","050-6463322","972506463322","972506463322@c.us","נייד ישראלי",0
"אלירן אסא","050-2957859","972502957859","972502957859@c.us","נייד ישראלי",0
"ג'יימס - סייקי","054-9108886","972549108886","972549108886@c.us","נייד ישראלי",0
"פטריק פולימץ","385913750779","385913750779","385913750779@c.us","בינלאומי",0
"מאיה טבצניק","054-7500760","972547500760","972547500760@c.us","נייד ישראלי",0
"מאלכ - מג""ב","050-5065100","972505065100","972505065100@c.us","נייד ישראלי",0
"אלכס קודיש","050-5261109","972505261109","972505261109@c.us","נייד ישראלי",0
"גלעד אנ","052-2456798","972522456798","972522456798@c.us","נייד ישראלי",0
"רועי - טכנאי רכב תפעולי","052-4299747","972524299747","972524299747@c.us","נייד ישראלי",0
"כרכור","052-7557451","972527557451","972527557451@c.us","נייד ישראלי",0
"תתחיל נתי","052-4801641","972524801641","972524801641@c.us","נייד ישראלי",0
"נאדם - בטון","050-5488641","972505488641","972505488641@c.us","נייד ישראלי",0
"מיטל יחזקאל - פרנקל כד","050-6655909","972506655909","972506655909@c.us","נייד ישראלי",0
"מדיסון - רוטוראיקס","19492458981","19492458981","19492458981@c.us","בינלאומי",0
"אייל קידרון - מינרלס","052-2657186","972522657186","972522657186@c.us","נייד ישראלי",0
"יאנה סלובקיה","421944900399","421944900399","421944900399@c.us","בינלאומי",0
"אלכס MGC","054-4231330","972544231330","972544231330@c.us","נייד ישראלי",0
"מנציק נעמי","052-2737000","972522737000","972522737000@c.us","נייד ישראלי",0
"יואב שגב","054-5450140","972545450140","972545450140@c.us","נייד ישראלי",0
"Андрей אנדריי בור בול","053-3359521","972533359521","972533359521@c.us","נייד ישראלי",0
"חסן עלימי - עדר פרות","054-9797415","972549797415","972549797415@c.us","נייד ישראלי",0
"יוסי בלאו","053-7905010","972537905010","972537905010@c.us","נייד ישראלי",0
"עדי שרף","054-4857475","972544857475","972544857475@c.us","נייד ישראלי",0
"חתומי - מדריכת טייס מסוקים מסוקים LA","12137000041","12137000041","12137000041@c.us","בינלאומי",0
"ג'קסון - חוף הדקל","052-3445702","972523445702","972523445702@c.us","נייד ישראלי",0
"Mohamad Gabarin","052-3044222","972523044222","972523044222@c.us","נייד ישראלי",0
"מושיקו אלקוסר","050-3393033","972503393033","972503393033@c.us","נייד ישראלי",0
"שמעון כהן - חטיבת ההתישבות","052-8049444","972528049444","972528049444@c.us","נייד ישראלי",0
"יוסי שכטר מדריך טיס","054-4949476","972544949476","972544949476@c.us","נייד ישראלי",0
"משרד החקלאות - ריאד","050-6241234","972506241234","972506241234@c.us","נייד ישראלי",0
"דגים - שגיא קליין","052-3666324","972523666324","972523666324@c.us","נייד ישראלי",0
"איתי מלכיאור","054-4256276","972544256276","972544256276@c.us","נייד ישראלי",0
"נאסר - שובל בית ספר לשיט","052-5182721","972525182721","972525182721@c.us","נייד ישראלי",0
"חיים מנהל עבודה סולל בונה","052-3660059","972523660059","972523660059@c.us","נייד ישראלי",0
"שני השכנה","052-8305165","972528305165","972528305165@c.us","נייד ישראלי",0
"גלי דהרי","054-5300292","972545300292","972545300292@c.us","נייד ישראלי",0
"עודד שכן","054-6211698","972546211698","972546211698@c.us","נייד ישראלי",0
"עומר הילה","054-9716488","972549716488","972549716488@c.us","נייד ישראלי",0
"thomas Uroguai","59899664489","59899664489","59899664489@c.us","בינלאומי",0
"מרדכי","050-5198478","972505198478","972505198478@c.us","נייד ישראלי",0
"יונתן חורש","050-5574488","972505574488","972505574488@c.us","נייד ישראלי",0
"איתן כבל","050-5521979","972505521979","972505521979@c.us","נייד ישראלי",0
"טלבלס","052-2909933","972522909933","972522909933@c.us","נייד ישראלי",0
"בוריס חדרה","050-6274704","972506274704","972506274704@c.us","נייד ישראלי",0
"צ. מוטי מיטלמן טנ""א","054-5957364","972545957364","972545957364@c.us","נייד ישראלי",0
"בר משעל","052-3316208","972523316208","972523316208@c.us","נייד ישראלי",0
"תומיטות","054-2123914","972542123914","972542123914@c.us","נייד ישראלי",0
"סאלח וילאר","052-6822297","972526822297","972526822297@c.us","נייד ישראלי",0
"דן פולימץ","385912846466","385912846466","385912846466@c.us","בינלאומי",0
"ד""ר ענת סגל - רופאה תעופתי","054-3025258","972543025258","972543025258@c.us","נייד ישראלי",0
"יהב כהן","050-6433643","972506433643","972506433643@c.us","נייד ישראלי",0
"לפידות אסנת","058-4050045","972584050045","972584050045@c.us","נייד ישראלי",0
"גמיל אבו פאני - עדר פרות","053-7436583","972537436583","972537436583@c.us","נייד ישראלי",0
"אייל כביר - לשכות המסחר","050-7704265","972507704265","972507704265@c.us","נייד ישראלי",0
"Grow גרואו Payments","052-7773144","972527773144","972527773144@c.us","נייד ישראלי",0
"סמיר מקררים","050-5481132","972505481132","972505481132@c.us","נייד ישראלי",0
"מיטל שליסר","055-6647980","972556647980","972556647980@c.us","נייד ישראלי",0
"גדי בראון","052-6685266","972526685266","972526685266@c.us","נייד ישראלי",0
"אלון - חאן דרך הערבה","052-8970060","972528970060","972528970060@c.us","נייד ישראלי",0
"גידול - שי שריד","054-4506093","972544506093","972544506093@c.us","נייד ישראלי",0
"אור חייט","050-7370833","972507370833","972507370833@c.us","נייד ישראלי",0
"לירון בר","050-7908455","972507908455","972507908455@c.us","נייד ישראלי",0
"אליי גלעדי","054-2241994","972542241994","972542241994@c.us","נייד ישראלי",0
"גורגורילה","054-3400505","972543400505","972543400505@c.us","נייד ישראלי",0
"אורון - מחסן ברזל ברק","050-5405023","972505405023","972505405023@c.us","נייד ישראלי",0
"בן עזרא","052-2286867","972522286867","972522286867@c.us","נייד ישראלי",0
"ישראל חלד - בית מרקחת","054-4681022","972544681022","972544681022@c.us","נייד ישראלי",0
"אלי הלפיד","050-2991239","972502991239","972502991239@c.us","נייד ישראלי",0
"Jay Evans ג'יי אוונט - קירטון","16046124744","16046124744","16046124744@c.us","בינלאומי",0
"חמוד - יחידת הפיצו""ח","050-6241904","972506241904","972506241904@c.us","נייד ישראלי",0
"Guy Setton","054-2620908","972542620908","972542620908@c.us","נייד ישראלי",0
"יואל - מתמידים","053-2793410","972532793410","972532793410@c.us","נייד ישראלי",0
"שיר פוקס","050-3344549","972503344549","972503344549@c.us","נייד ישראלי",0
"Oran חבר של דימה","054-7804453","972547804453","972547804453@c.us","נייד ישראלי",0
"Goran Stoimenov","38972319549","38972319549","38972319549@c.us","בינלאומי",0
"עינת ברוקר אלקלעי","050-5715161","972505715161","972505715161@c.us","נייד ישראלי",0
"יאיר מרטון","054-7620667","972547620667","972547620667@c.us","נייד ישראלי",0
"אלירן פדידה","054-4844505","972544844505","972544844505@c.us","נייד ישראלי",0
"רוני מלוקה-מקדוניה","054-4310314","972544310314","972544310314@c.us","נייד ישראלי",0
"ניצן ראביד","052-8222750","972528222750","972528222750@c.us","נייד ישראלי",0
"צ. ארז קכל - 448","052-6668274","972526668274","972526668274@c.us","נייד ישראלי",0
"אופיר כתפי","050-7799615","972507799615","972507799615@c.us","נייד ישראלי",0
"עטר בויום","054-2114471","972542114471","972542114471@c.us","נייד ישראלי",0
"עינב לוי","054-2448429","972542448429","972542448429@c.us","נייד ישראלי",0
"זיו דרור - רב""ש מי עמי","054-2434885","972542434885","972542434885@c.us","נייד ישראלי",0
"אילי מדר","050-8293224","972508293224","972508293224@c.us","נייד ישראלי",0
"זיוה צ'לסי","054-5777127","972545777127","972545777127@c.us","נייד ישראלי",0
"ליאור","052-4376962","972524376962","972524376962@c.us","נייד ישראלי",0
"ליאור דיין הרץ","054-3999445","972543999445","972543999445@c.us","נייד ישראלי",0
"אורי פינטו","50766170700","50766170700","50766170700@c.us","בינלאומי",0
"יהודה ניקוי ספות","053-7334333","972537334333","972537334333@c.us","נייד ישראלי",0
"מוסי רז","054-4869713","972544869713","972544869713@c.us","נייד ישראלי",0
"ד""ר קשקוש-קנאביס רפואי פניות חדשות","052-5588681","972525588681","972525588681@c.us","נייד ישראלי",0
"אמנון אברמוביץ","052-2507950","972522507950","972522507950@c.us","נייד ישראלי",0
"Or Terem אור טרם מעגן מיכאל רועה בלגי וואלו","054-6714477","972546714477","972546714477@c.us","נייד ישראלי",0
"גדי בור בעלה של נעמה ערבה","054-2559260","972542559260","972542559260@c.us","נייד ישראלי",0
"עו""ד שגית חן - KRB","050-7366015","972507366015","972507366015@c.us","נייד ישראלי",0
"צ אגבבה זי""ס","054-7430149","972547430149","972547430149@c.us","נייד ישראלי",0
"יגאל צ'אפו","12155121069","12155121069","12155121069@c.us","בינלאומי",0
"דובי אמיתי","050-5308282","972505308282","972505308282@c.us","נייד ישראלי",0
"ירדן רכזת צח'י מועצה","050-7936696","972507936696","972507936696@c.us","נייד ישראלי",0
"בר כהן - עין עירון","052-6659509","972526659509","972526659509@c.us","נייד ישראלי",0
"גדי ארנס","052-9282596","972529282596","972529282596@c.us","נייד ישראלי",0
"שלי גלסברג","054-2347793","972542347793","972542347793@c.us","נייד ישראלי",0
"צ. מישאל פינטו קמב״ץ 98","050-3556212","972503556212","972503556212@c.us","נייד ישראלי",0
"גיא מנצ'יק","054-7774369","972547774369","972547774369@c.us","נייד ישראלי",0
"נירית מליח","054-7565445","972547565445","972547565445@c.us","נייד ישראלי",0
"יעלי שמוליק","054-8010990","972548010990","972548010990@c.us","נייד ישראלי",0
"דורין קרונוס","052-4070765","972524070765","972524070765@c.us","נייד ישראלי",0
"גלעד שבתאי","050-7257525","972507257525","972507257525@c.us","נייד ישראלי",0
"צ. מוטי רווח","050-9809203","972509809203","972509809203@c.us","נייד ישראלי",0
"גלעד צרני","050-2333996","972502333996","972502333996@c.us","נייד ישראלי",0
"מוטי קריאף - אח של טלי","052-4501066","972524501066","972524501066@c.us","נייד ישראלי",0
"פרופ׳ מאירי","052-5330031","972525330031","972525330031@c.us","נייד ישראלי",0
"נועם שוקרון - מטפח","054-4541646","972544541646","972544541646@c.us","נייד ישראלי",0
"ניב ימיני - סייר שדות פרדס חנה","050-6273217","972506273217","972506273217@c.us","נייד ישראלי",0
"עידו משעל","052-5901114","972525901114","972525901114@c.us","נייד ישראלי",0
"נעמה גור לביא","058-4456418","972584456418","972584456418@c.us","נייד ישראלי",0
"נעם שונסי","054-4211944","972544211944","972544211944@c.us","נייד ישראלי",0
"גיל בינימיני - מחלקת פיקוח פרדס חנה","052-4280473","972524280473","972524280473@c.us","נייד ישראלי",0
"חמ""ל ביטחון אורות רבין","054-6091139","972546091139","972546091139@c.us","נייד ישראלי",0
"אריאלה","050-2030485","972502030485","972502030485@c.us","נייד ישראלי",0
"עו""ד דן שרוט","052-2627935","972522627935","972522627935@c.us","נייד ישראלי",0
"רותם שטרנברג","052-3964338","972523964338","972523964338@c.us","נייד ישראלי",0
"🐘🌞🦎REL. ARIEL🦎🌞🐘 בית השאנטי","050-5822912","972505822912","972505822912@c.us","נייד ישראלי",0
"שרית איתן","054-4238692","972544238692","972544238692@c.us","נייד ישראלי",0
"דיקלה אסי","050-2651065","972502651065","972502651065@c.us","נייד ישראלי",0
"דיגיטלינקה נוי","052-8766215","972528766215","972528766215@c.us","נייד ישראלי",0
"ספיר לאי","055-8997097","972558997097","972558997097@c.us","נייד ישראלי",0
"קרניאל ישראל - יו""ר ועדה חקלאית זכרון יעקב","053-6660260","972536660260","972536660260@c.us","נייד ישראלי",0
"צ. רפי סביון","052-2736082","972522736082","972522736082@c.us","נייד ישראלי",0
"רובי ברצלונה","050-6666034","972506666034","972506666034@c.us","נייד ישראלי",0
"קטיה קורין","052-8776646","972528776646","972528776646@c.us","נייד ישראלי",0
"Miki Ofer","052-3383394","972523383394","972523383394@c.us","נייד ישראלי",0
"עומר - BDO","052-6082300","972526082300","972526082300@c.us","נייד ישראלי",0
"מתי גסטליט","054-4610341","972544610341","972544610341@c.us","נייד ישראלי",0
"עידו עידו","050-7954013","972507954013","972507954013@c.us","נייד ישראלי",0
"Avi Zota","050-9006671","972509006671","972509006671@c.us","נייד ישראלי",0
"משה מכנס","053-8663935","972538663935","972538663935@c.us","נייד ישראלי",0
"ולאד - מצלמות","052-8668437","972528668437","972528668437@c.us","נייד ישראלי",0
"צ. יואל זוהר עורף 205","054-5655365","972545655365","972545655365@c.us","נייד ישראלי",0
"רן בלט - סוכן פזומט","052-4201814","972524201814","972524201814@c.us","נייד ישראלי",0
"דור רב""ש תלמי אלעזר","052-5375328","972525375328","972525375328@c.us","נייד ישראלי",0
"גיל שחר מוסך מעגן ישמעאל","054-4749545","972544749545","972544749545@c.us","נייד ישראלי",0
"שירי רודין","054-4945313","972544945313","972544945313@c.us","נייד ישראלי",0
"קינן גבעת יואב שופרות","052-8008485","972528008485","972528008485@c.us","נייד ישראלי",0
"אור לאופמן הכלבים טדי וסאני","050-4722068","972504722068","972504722068@c.us","נייד ישראלי",0
"דוביד ארדיטי- מתמידים","053-2440151","972532440151","972532440151@c.us","נייד ישראלי",0
"בן שטרנברג","054-4903200","972544903200","972544903200@c.us","נייד ישראלי",0
"אמיר טולדנו - מתמידים","054-6008440","972546008440","972546008440@c.us","נייד ישראלי",0
"גנרל","050-4909909","972504909909","972504909909@c.us","נייד ישראלי",0
"מיגל טרוורס - פורטוגל","351919729531","351919729531","351919729531@c.us","בינלאומי",0
"מונית - שמעון תורגמן","050-5514216","972505514216","972505514216@c.us","נייד ישראלי",0
"אסנת אין כאלה","054-6613433","972546613433","972546613433@c.us","נייד ישראלי",0
"ניצת הדובדבן","025473584","97225473584","97225473584@c.us","קווי ישראלי",0
"יוסישי","052-8090557","972528090557","972528090557@c.us","נייד ישראלי",0
"בית בחרמש יוחנן קפלניקוב","050-3212018","972503212018","972503212018@c.us","נייד ישראלי",0
"Gilad Jacobsen הכלב רוטוויילר לאילוף","050-4378487","972504378487","972504378487@c.us","נייד ישראלי",0
"צ. נעם כהן זי""ס מס""ר","054-2232199","972542232199","972542232199@c.us","נייד ישראלי",0
"ענת כחלון","054-8045699","972548045699","972548045699@c.us","נייד ישראלי",0
"שירלי מטולה","052-2812048","972522812048","972522812048@c.us","נייד ישראלי",0
"השכרת סירות - Open Sea אבוניסוס","306977529096","306977529096","306977529096@c.us","בינלאומי",0
"קוניוק עמית","052-5604883","972525604883","972525604883@c.us","נייד ישראלי",0
"רותם שק - עין עירון","052-4078871","972524078871","972524078871@c.us","נייד ישראלי",0
"זוהייר המסגר","054-7806234","972547806234","972547806234@c.us","נייד ישראלי",0
"לב פולימץ","053-4370008","972534370008","972534370008@c.us","נייד ישראלי",0
"קובי הנגר","050-7755600","972507755600","972507755600@c.us","נייד ישראלי",0
"רפי גמסון","054-6550603","972546550603","972546550603@c.us","נייד ישראלי",0
"ניר וסרמן","35799688701","35799688701","35799688701@c.us","בינלאומי",0
"עדי בירן סובול BPM","054-6765123","972546765123","972546765123@c.us","נייד ישראלי",0
"קנה אימוץ","054-6335213","972546335213","972546335213@c.us","נייד ישראלי",0
"קדישי תמיר","054-4422614","972544422614","972544422614@c.us","נייד ישראלי",0
"מבשרת נבו - גלעד לובינג","050-3993402","972503993402","972503993402@c.us","נייד ישראלי",0
"מסגר - בני עטר","052-6174809","972526174809","972526174809@c.us","נייד ישראלי",0
"ניר ברק","050-6370077","972506370077","972506370077@c.us","נייד ישראלי",0
"אבי רודרמן","054-4378579","972544378579","972544378579@c.us","נייד ישראלי",0
"אלאן - ערבה סטייל","058-7281859","972587281859","972587281859@c.us","נייד ישראלי",0
"רותם גרין - עין עירון","050-2520080","972502520080","972502520080@c.us","נייד ישראלי",0